02728a8037f33a95c12b3d017b6926587cbe8a29a5d2709198b6c28d9b2419a3	ok	a7fced8ad18bb581ba5faa2e3fd2ed3901fdc38ebc7f012735444bc3875bd48e
058f61cd098a10a8d353664e342e65329fe3803a6620aa995cf63340460281b3	parse_error	-
05d4807e79086f4e21ddb3d6ec0bc578fc8c6f9e6b3e4ce7ed99c849a41b12d6	ok	8e5c9fbd4735d0dbc75bb40d2e03beef435bda3ec8d559a4a3db8798325d19a7
06825339644adb34780476fcdac988c36eabcf24e1b33918e44428638d20f2c4	ok	15aef2b53f66f7cd56c9ea5dc8002c63ea99dc5e6b96bf6f5e14dedb708d16a1
08fdce97e2f00c30827ac4bbfdd169fb6e7d1ee5359c45139874dd48e5195474	ok	e5cec8898759c806ff8c145e28e63d6852298b2c28cb8874ef7ff4b8c3772ac8
0b2602f8c6fa7802689fc2b87f589d674fb04f79e7d5c1ecd2fdb19bb93dff90	ok	7e9e8f02615b4cf127d6396956677d885b52184ee8c4856854f88fb787590f41
149427b22e58235fc830c42eb1cf2e1122e4889cac78104fe8458ea2347e9200	ok	6fba801b806c3b7d5eb8a7324aa57b1428fc8c348542fefbb8927a08e4c36204
16022cb26a2d2b805ddf94313c5764f1ffcc71494bd90bb7c07304f0c9cb65b6	parse_error	-
161c5651fd859fa129370484b9274f492296ec7931c359d653f384607af45a7f	ok	e5cec8898759c806ff8c145e28e63d6852298b2c28cb8874ef7ff4b8c3772ac8
18d9bf3bcc9e7b8ecc68967b1e29a9437be857d34216d2da61bb9691dcbab144	ok	cd0b820b012cfe05fd08381fe211cf58fde0ca8b7bba3e4b5741656544cdc9c4
1aa2628db22b092ac59d3b701bc0539064c9ec22ce88265966af90d23d2c4468	ok	5b3e3f7f24f2efff36abbf739c2128b64e7634f647aeb5b340c1813bb93c1ec0
1b0976a6615d99628a970c42dac8e4de0c126100f315c7fe2848b5e2287ab30c	ok	a7fced8ad18bb581ba5faa2e3fd2ed3901fdc38ebc7f012735444bc3875bd48e
1bb12a26ca545a56bc09cb84c31ac01b03f7f030f9c40956c7d5df6f53b68978	ok	0ea94a60ef6fdb3fc015f370724da845e9e71b1c3a471c82fa92bb854d99a625
1e095176be1e24f3bdd2b9d8f6f33ac846bd805c819d49b314bf39579cfed41b	ok	60ae97fcd05ad86ef57d2ec5caacc899c80ebae4c299c17b91795228e08d0f07
1fbfc0a3cbf68266b2073599ad26421f7ab59566b67065b5c3d39c0e168b72d2	ok	3e0a72cdda038021810681297f76520493a88c6dbbc30f365181ddd43a55e26b
206b5015f68ce2d002d7b8e8e60d7684a319ca83b3d2dd7db86076d0edd2c1f6	ok	5d870a581d2548d51195d3ee0e50d6863ae5514e24983fec5f8085c27ea24d4b
21447a97af1ad2f5b03939448c3a8dccde680f5fc7e19661e6c3eb7532cebd1f	ok	3498d6f9b0e9fe55d5b415659c85baa87b621264289a0d048bdca7aaa6b83584
21623d8564eb391266e18be3ec36bd3b37d46d4b6dfcaa59c2d1bcc41dfe1b22	ok	605d49b4bd12ed2c7c0c15c305c8ec55b66330639dcd10e53d2a8b5128732277
21a09718b676c9b0058d88ceb4482133462995f5325ef579cd1c5fa4629b4d08	ok	6b8de7b764333311df92885f2643626c2328b7fe14daeb9cfab6a82bdb17bc70
220e92d6f71171719175d452fb51ca1939c23c15c6b415bbb1eff0429e8a8a55	unsupported_shape	-
24fd66d1e1dc139d89e16ad94abdf1071d74280309c33a06ca2b336f7fad2e50	ok	edc797f3c634093ed13468564bbf2bf5067ba1e123511a97f22beadbbdd35b7c
284127f181e5cc255ee1ba26b343166a7918e9296b06c41b671db8eb5ad369af	ok	a7fced8ad18bb581ba5faa2e3fd2ed3901fdc38ebc7f012735444bc3875bd48e
286d356afa6201875670884c3fa8b4708d2cd603d2d7fb8d1ec38efc60fc25f7	ok	21efc28540414dc89a5b1b7b9a04d6750e96a689d4613437f4ab9b914156e9b1
2a81d1fb04342fc35e3714d4daff3b8d76119c181d8a75e1fa27a9190745658f	parse_error	-
2b91c2abc99f8cd9f9e4f70ee616501b126c6a8fc9bc2fc9660ac29ce1b051a4	ok	4973005a98f54609cb4c06a959514b2c42592ba4885808dadf3d3238c6ee7760
35a6baae1cbcdc6a96be3297e4dd10a3d80e7833ed372107dc34ff001432b705	ok	e97c4383a13f79b5ca200372590f6b532ede8fbaba730a09ae5f49b9225df15c
391631b4d14532273f32a07e92b966c99cd8587856d1b0246ab14a24d9a6c234	ok	db9ef28ba048a8a428ae04a5fe46c8b3eb7f82f5660423b51e492dc1799397ce
3979da2d44114c3b725e846b40e1454fa1b1af3dc7d7ead953ab695c0614c1a8	ok	e556fd9e9b8fec8664b817f4d432757c3ebbc11d463facc39d005901cb9a7780
39ccd2150f0e06d7629ddf45fb3b761558824c26770b1af9c6dd1e25ccd111ef	ok	a7fced8ad18bb581ba5faa2e3fd2ed3901fdc38ebc7f012735444bc3875bd48e
39e6396ca8f326565ad454aa723bcfe5355a1a3b41a80031cff1299c6a85787f	ok	5cb7d9f31dffaffb11d22986ee9e7d6f26ba00ccd208515f35e5ecfd47703f5b
3c7445d0e572862b16ce2b30939793841e139ec157114cba9e96b163d57e3675	ok	ddf11dae62ad5a064f5f332928b73327ef49b34e85b7c5d30ecfda19077a2a74
4511d04fd850b39663ac35f0ba2166312cc53e175faaee66130197752544d3cd	ok	97de3af2e268a4949bcad8bf3aaa5ee04ddaeb1c093643f03ea87c2870313672
45b5461bfa610100eb357302e65616c13f27ed23bf905a4562f1f3ee69fd69f4	parse_error	-
4690e147dde69ff645b3969a647e679dec2b34c3e6afefc741b781e45583c3f1	ok	44696869c3b580d4a6f7c8ffbd3c9c4887bd2e29595e5293c0a0a4419f248450
48b43a57ca786280cbb3934c1e64c77217a147e2c88fa4eb673f2545d1c47d13	ok	2f169f19550715a12850a37c20b16c61e14a32a6a5e63cdb0b370f276d9426c6
4d2b25dc29c02df0900ce31be212f44bb4e8a0e14a9cb772e6aa646da6b61aa5	ok	21efc28540414dc89a5b1b7b9a04d6750e96a689d4613437f4ab9b914156e9b1
4dfe2d66200124f04f7978a2062f86354a7e3df11649e2402c914f2724f4323c	ok	0bc0ad35e0f302fa90665ab3e1175364d5561e9afd67005606c4d3e93c6f0b98
4e84ecaad584e28683c69e46a4c8af7bac376d1b1f807da518ddf17f2dabcecd	ok	ecaedb28506fd5b16520899d3ffc09d13fff8eb04e8a6b7840471922cad06839
4e992a17b555a2d2a63fc56b8eac633e805dbfcddc76a841504c48fd79feac31	ok	0a676e772dca4c419b4a5c98aa0117ff94f84a978473ae9a1692f1383d241003
508d4210b4372cb63bb33fbfdb55182f257339b8971b2a5a6db7dd1f41db4e8b	parse_error	-
50d8b6bcd521086caec71936342dc91a4c7904611d53d03061476b21e5c4b366	ok	eb06d885e72c7806a15a4bc6b499d1f53aa055b105b6c7efc1341deab5e20333
5551a70b76594164a561f236aa6d9d457b7cd265c9fce46fdc9d1462d796eb06	ok	70c488be9f32e653bf525dc89e1d7f0a3b477dbfee072b01e29e66c935ab19a2
5741d606b7e17d3b3d215e265426c696193bd3c64c47b479c81c9aad73fb4f9d	unsupported_shape	-
57985dd487539640d990384e518b88755f3ab5afab8f56ac56f60a2dc13697a3	ok	e5cec8898759c806ff8c145e28e63d6852298b2c28cb8874ef7ff4b8c3772ac8
594f82d5709ae3b2b5bb46d9853aec2bff2bc3af5a29c04c48ac479609192c89	ok	e5cec8898759c806ff8c145e28e63d6852298b2c28cb8874ef7ff4b8c3772ac8
5e4fa29b602785317f7631470165c899608d832bc8b68a29b7fa6c914376ea43	ok	e5cec8898759c806ff8c145e28e63d6852298b2c28cb8874ef7ff4b8c3772ac8
5ee827fde26e67dcf643fdca3c95e89502cc923781eeeba8dc259f93db04ec00	ok	a153dbdb087b4995e7040846ccf066cf741eac3501572e2a592567379a60ba02
6058030b61a17c70b8be6a6e3496191b204ea1dae512c22d0389b6fc3df9cc68	ok	5919ebdf27bb20df2dcb82605a2039140c9f7e6e8d3fdf7a8ff08a5251ee0754
65d66af494b33837a68d9a77531f4938ba2026d2da916477f83abb88dffbe38b	ok	204e65a1d55a699bf25e79755526442831819ca052b64144996674a350ce970d
6bd0400fb839a6cc270dd6c8f1e9444859de189a8162ea075a5e74bb49f4e428	ok	70c488be9f32e653bf525dc89e1d7f0a3b477dbfee072b01e29e66c935ab19a2
6df3a7d0bf25c2cb2d36f8ae08ca06098ff9659eb5ec2c201c1ea1fe2a0659fe	unsupported_shape	-
7305c6a6af5d24af4a81972dba73b4b838813415c1b55e3c3fd3d89b910c575d	ok	172fea1bfec2c95cc2644ea8344e995f95bb062d75d3f00c18597770c9109774
737b466ad23ee9ead553822336420dc1014dbb0f93eacff40c3c6e1abc52888a	ok	b703e04fe3be641717257767acd074ca1f419af1765544085b1dd061545f11f1
77882fdcec866ef9875f850bf1b6ad4634d492815d36d3aa0a085868e0079148	ok	98dbd275e03e48dbd62a6aa1acbee6abf949c5d9ae18b8bcd2f23ec4347a0ff3
78e6c3fc3bac68a7c855995738f64138e5300e5c8a1d8df64af3451388645622	parse_error	-
7a1422cf5e420e966d61632b92bb02913f26fe7f765227232be396377edaa893	ok	21efc28540414dc89a5b1b7b9a04d6750e96a689d4613437f4ab9b914156e9b1
7a15655d9ec43e9720f93105b4f11a82b6013d3ffbe9eb5ed2c43e5c3fd8edf2	parse_error	-
7ded7514811e8b82b40bd9b441e1d68440bbb051571e234ff21f9cb115c01e4f	parse_error	-
825cb700641cbf3aed89b7cf5840de92430255d82e204c00343f39af333c8e24	ok	e5cec8898759c806ff8c145e28e63d6852298b2c28cb8874ef7ff4b8c3772ac8
84073b9063de8d2f39474c4d754d4b15236c7835823e915626db32b0bd2dc77e	ok	ecaedb28506fd5b16520899d3ffc09d13fff8eb04e8a6b7840471922cad06839
8936d58755b8445772dc596baee46505181ab63dd2d1d36ee32b548b977525f0	ok	1383cce44ce28958da84aebbc58c63d2b4c682755c0184e82b9a61d15f51db5f
89616f2181fdbcc53e01f6681ab686aefc1856458aad2d72b2501b0711f5dc56	ok	ddb0d710e52b9df759d31b37a607b7d15654bd8674087dcbbd1dd168298d0c22
9449a3bea469a4fb672164127d19f2b6211a6425562fd5894b16a86eb36f271a	parse_error	-
9beb793ce6b6b016ae70e062606a76ec9460b0923756f0e48d5a197c02ad1458	unsupported_shape	-
9cfde5fa30138367b2b4da5cb00f152b9c4482508409f2a5f6e60d87349af500	ok	50e8fae7aea1483766079fb0fb2a569bd966b1290eb6f319fbafa5f1c4fee8b7
9ebb318c88d8b48e51a84c7a89260ff208beddfd3b62e7cf46d92e250b1c184f	ok	51b66e3a346700bc69cd49e86986930d5abcf23f94036dc2d29f26fd0bcc533a
9ec7737087fcc4b07465556af8aca67d4a6d6b6f4f03991f24bd0a03130663d9	ok	70c488be9f32e653bf525dc89e1d7f0a3b477dbfee072b01e29e66c935ab19a2
a08339b1c2ee65a898ad5171572ed6d74c5f94681416513306b7fb60ce694f3a	ok	ecaedb28506fd5b16520899d3ffc09d13fff8eb04e8a6b7840471922cad06839
a195bf9cffe40c4c6f8be045f751be01dcc78db7417209e135a271824c6a554c	parse_error	-
a6595c686876ec7c8fac97051bee4a2677acbc1fb10460bb7932c2cf1e0484ed	ok	70c488be9f32e653bf525dc89e1d7f0a3b477dbfee072b01e29e66c935ab19a2
aab0b00fc14a3d3d5a483e0e85ec9e58161825d488b764ed524efff09ea508fc	ok	a5d2704759f09f7b67749f86edb9c1c59277041eb346f9697dea5c9d6571a77b
ab36a4aafb1ca41b9b027e0e9c8a4456947d754ab5a18082379d125b81e26ca0	ok	e5cec8898759c806ff8c145e28e63d6852298b2c28cb8874ef7ff4b8c3772ac8
aecdc7ab8815b21cada60a391af645637f12cb46c5c1e37f8a8d3ccaae9a9598	ok	0bc0ad35e0f302fa90665ab3e1175364d5561e9afd67005606c4d3e93c6f0b98
b04030caf5dc6e6e9c2c640167058928d80cff95bb8934a54bb9bd20c09c97aa	ok	1c1ccc20b36e7fd5d7ff20842e3eb2bee5edeb9c32ec0177a8c0acbf2c84719f
b132f85c42641d515d5219dc14309486f7ffedd84f2543894f4f06993868c1a3	ok	51b66e3a346700bc69cd49e86986930d5abcf23f94036dc2d29f26fd0bcc533a
b8b5128b00a1f89506ac5b1825c380c021237c313589c8900c7dea12f7128636	ok	c4de8585cc1980196e5d51b8d8a8ac25d37b0dbde38220939f958db7e917c0ec
be07144a402988eb8c5b5a66f0690e4215b73b4b6c750dfe9c595b600d2b043a	ok	7c6c875548c43915d4e0bfb41b7875de17c3e39b02b325896eb2ee9e95986efb
c01ba990fa00aa3b25bc067779ba920a75f0269b9288a070b1f1dc1698c78e85	ok	e5cec8898759c806ff8c145e28e63d6852298b2c28cb8874ef7ff4b8c3772ac8
c029a13860114202c226f2de1e0e36d770e616d04e20422dcbe25e2affbff527	ok	e08f7a66d3cf8a8413b14fe2b5c382455317b46a215feca26a9cfd7834cd3bc0
c0991220ced98d4a21ad9bd368859b4418e2c305e5978c18ab107ec195771822	ok	6ea5927d3a10a18422a6e04a484b6cd6d34713ef478868bd562ca1e82f16ecb3
c2d7fbc5c96db8e828c7de3af8ff8bfb7cae6a31030a2348ee656aa3a7505b93	unsupported_shape	-
cb0914db32d7c1cbaa3daa2a49285ba6a4b813027fdb345ca215ddd0ff20f709	ok	2f169f19550715a12850a37c20b16c61e14a32a6a5e63cdb0b370f276d9426c6
cbf971e330f87c2acdc031177fc17d49d7bd28389fc8ea148c5515e5deeeeb44	ok	5d870a581d2548d51195d3ee0e50d6863ae5514e24983fec5f8085c27ea24d4b
cdd0cb50386531f6dffbe7f1e12ed957d626c7153be265481a49daa7db66dd05	ok	f21c6b0b8a4d88bc1a26626e4f4a34b74ac995756136572b3fb3981e8729813e
cfc734e701c59e73c7b4927f51c3ce511a7226932f683ac22ab821aac349ca97	ok	51b66e3a346700bc69cd49e86986930d5abcf23f94036dc2d29f26fd0bcc533a
cfedcfeaeb7d4f99f37475494bd25b1d2e8e32e7789522757e9ac9ce92cecb1c	parse_error	-
d389d799a3e46ed6c0609d34e068370de133f385ce04fb9926aa139c66f0ea95	ok	60ae97fcd05ad86ef57d2ec5caacc899c80ebae4c299c17b91795228e08d0f07
d52a314ca8095476fa53e323e3482b8b8c853975b81ce6160f0a413ecb491fc3	ok	0bc0ad35e0f302fa90665ab3e1175364d5561e9afd67005606c4d3e93c6f0b98
db427ded60b8206d1864f03212660c6bd98b759196fba21f4c477cdbaf6736d3	ok	e867ec634a64a49de49f76f2d08140f645b5780a0d2e7e653a2de77293537f14
e150c626353dd43e3da4380e412dce8772821005b43cefb1bb1e84e64a332093	ok	3bd4ddd23270cbf8026d407b4b0ad43fa953752d408f1c683c3c3b10b148950d
e2f8d74e160b01ff743847ef2ba1ba2cc8e3bd64d4e48be7e09b8e5b416f03ec	ok	1b8130d2b911660f350a738c97a0bff9b536fe673e84988794a7bfe9b4e302df
e38ecb84922ffca34362e0bf20dcc24c90f6f92725b355194f288767a4238adb	ok	0a6d0369d72c96928162858d2f5ff548b9b709426f0b8ef394943ced6811387f
e4391ca7804465c52a085d22c59f9dd9cd2e33054e193b02f7220bfb228af19b	ok	e5cec8898759c806ff8c145e28e63d6852298b2c28cb8874ef7ff4b8c3772ac8
e508c5a8fbff428a75fd690f9d4c5992aa2e685b7524f1eae944cbc215a1d5f6	ok	eb06d885e72c7806a15a4bc6b499d1f53aa055b105b6c7efc1341deab5e20333
e5ae1106291aacd7392ee84942f7550ca43f254a22421a71d7c25ef31f6506f7	ok	ddb0d710e52b9df759d31b37a607b7d15654bd8674087dcbbd1dd168298d0c22
e96f752f517f7a197f4a893e5c6fb464cdab1d3a50f9ebf42377100a18380fa8	ok	e5cec8898759c806ff8c145e28e63d6852298b2c28cb8874ef7ff4b8c3772ac8
e9b4e2f3c2d629ad138506d441c28faa78b32b4f707854a636a8e963a247fc70	ok	9e0bebbd36ff3cfea23bf3830251225a1529c9679c12de688c08f97493d23e2d
eb335f5560ab596f0fa722aafe4df95d20913579d018c1b7468d11515f3556e4	ok	3dd3452050460cf7dbf6fbb5e0d8f1d0616a5194cd83c8f7064c76e769f9a667
f3087beb9136f65d8f9c2f016df7faa2dd161024c873745b51d182449bdb3a24	parse_error	-
f4ea17543a6f4eb41a0d75e3797e4cf1b5b33e9ec3b94809ee901add9199131c	ok	8717af351c0314cc532f5094fb4d8cfcf0ce4c161bb9be7a19bf3750d2631f08
fed3f043e23e7bef82f55ac917dfa4e900604b7496353f6882fb3cae65c1ec80	ok	6a313930a22425ed3ab326cd888b3cf21734d08f7b2d5d07c9f6044aca73bea6
1f59504e1122ff3e7873a8306648ba7c1e83f3f85d01eb92319f819648c8dd59	parse_error	-
2ea0f23cf33b84c265038baa6402bdd17de9c7a41fbbe434526b5d705d1a749f	parse_error	-
46a170d3494decc25681363d23bc426e3495cda7d776f49ed4dfcf75cbf22933	ok	e72c70ee43de115cb9b4085ef85b2e5890be7c219a3de3d181eb028d410427e7
4f837f939f30f7bafd45dbee3435b43e907ce1b0f3abb879dd36c66697d5baae	ok	e72c70ee43de115cb9b4085ef85b2e5890be7c219a3de3d181eb028d410427e7
50692082839d901ee4ccd2d61c96d664caf4a34dfde2ceea808ef772f8860c68	ok	e72c70ee43de115cb9b4085ef85b2e5890be7c219a3de3d181eb028d410427e7
51ce9a4ad61752d17871b50e7cdda916148917696dbfe40f18d51b31aabc78d6	parse_error	-
71d04ec494fe9674059bb12df6f9b2b211c94224e2655db9dbb4f3f9570adf8a	parse_error	-
aeb5f844a756f11ceebdf91da206b834ba4b3faf8c1dc580bf3ca0bb704494d4	ok	e72c70ee43de115cb9b4085ef85b2e5890be7c219a3de3d181eb028d410427e7
b9847238cebaf43d62ead4d57fe4672cda46bc4b99b40298d09334d567a72203	ok	e72c70ee43de115cb9b4085ef85b2e5890be7c219a3de3d181eb028d410427e7
c1c9ab6aab1ebe2cce09ce3bc20ee6f0259f8f7ee1e58b723de93781f73aeb60	ok	36a2a280ec93dd28179f040d10c947c0e24659ec492be0dd5a793e0be4a189b6
000740ce1f69a111f5fb36c36e1e69f02451e27a8d825885219c3864d2d655be	parse_error	-
001427c00195e0e7f1b0a7e347eea2e51950dd49717748f9e886e27f0983c34e	ok	b7fe4ab78bead1b27d041ea3f895d762d79e955e68dce610bd976b63e3ff04ea
0021918bf345ac04d2e6632d5f43a27c786e08645d7c631bf1e60372feee2a3e	parse_error	-
002bd8d82ab899a5f7b4cee982840af39cea79154981d1028a0a9439aa8a7d88	ok	5135ad51e5fa235deb53fa007c29c02ccf8afdcb95903b6022ca779a0bd9518d
005db8bb1e9d90442d9719f6e9e0b39964ca2c0cec4642dae95a842417ff7d4e	parse_error	-
00646f809803ccce158c44c3f8d2cb904ef9d09f92497a0fb6f466b603ff8508	ok	17e8308e4ac0bfecb363d15fcfddc3f47749396352a89bac6c3637e2c3d38f16
007a4bc55168617698b4e3ca33e4a2fd95c568aa4daac690168ce150965e400a	ok	af4fbc635a07e016932f4863dfc531b39067ab2488576b86006ab3a6a9f62ce2
007a7cc28e6b080d33f36d2d83e5a9058d1e64a7f2e95f71c5339f2d4b1c7e97	ok	66881c29a1bb72876417d9b910232621c196654523b20bd605c3482d58374216
008f7167f48393550f1104edf29012c27ca2bc870065bb4b122f68074839498d	parse_error	-
00916b998db70b3fad9ad9c0fb35ba5a5aa8a8becf2ea98b9e7196e1c957c98d	ok	dffca86147c32a8d15e070bfd7b280e52c8226a7ec2e5da6a659f14935acd8e7
00b088d1b07cdd2ad7f3c78032ef73b3c6f864b7354e5edccfd24c395f2c6a3f	ok	ecce72f258bdf43465d6b397c03343ab1774c8e7a3608b7d336609ce3e1bde77
00e4df032556b1039b1d5f5d53fed62163b489de1c3840e8fd451a4e457d1e69	ok	cd3b7ebee15ec7702e9e779dcf66fc4ae8768e3c8359e31fae12213a6f0b69db
00e8c5d81920446ba8702a0c623af6cb0726e30e709276fd93071f7f45b139e1	ok	943c0dbe2224cb73f123578366bcaf4300752e8fc5bcac8665a6f5296eda92d5
012ef43548603a6f1ad69a0e0823bdfe795cab36a20dde5b91013c333021bebe	parse_error	-
012f699af222172b5980046b1f8a21ab492763ae5a79a6470d0a1a302778d428	ok	793cfdf9b1d5b394885210f89ba2b16819b136b0ecbc9d48d831ad344a9fd65c
01433c71646c80e85e5e05b5caab6e148830de5e3a9a424e81b3429e0e16fdc9	ok	2d787efc7087f8edf21fb322aeafa87da8556e61cd26e53dbe5015114d6ea659
015dabda88bd32e0b6aea44930232bf73bf25d7ebd5a34bfb9985b7e0413675a	ok	52d91bbbbc2d2d200579422508096a3f57048d96e649129f95a5c9f7661d80ac
0163c8a9d9c8127526d9092a15072183dbdf5f1f4c175a7b829c6f02f8723acd	ok	61bdad78c2fe9e7dafe7bce20d5f36233e2a417fb34399f0e221d422a94b1cde
017a38f9299f19829f6cf5e5c76bfea0d1332427342a4b78cf977eb891941b07	ok	bfe32136b8ea6c0d069958c70ee65a4b156e1b75b5b7af45f626aca8425e098e
018c0af198aa6dec1beb8119bc76de3f755637e5019684ed72f5bb72ba612c88	ok	272b36a11868d1d08d7b5874a8a127155e0fed88374d04c818c21a8e1b7bfa70
01b3641ad31bd928dfb0f19e91dd62a372fee0d2a60fd2cf8f657625d89bafb9	ok	47a954a6e7d9ee6630b150b5cbbf4c40fc447a0a5dd9d3275b406865c182f43c
01b38596b1562c9d10b9f99dbf761c0e021927dbed690d8503ec8daf683a3870	ok	d6c25216aa2de2dbcd3220caace00bb5395434100685c9b58122f1e7a1e099fd
01c07321d41dcdf7d35e57828e8445d13ea7e6a236e48b2091b95e6b69d107a7	ok	285530170f6872c420a91e52dcf2cd105e7836bd6de81f99ba7173a161d5015d
01d1e3385061cb71cf29139304348d9bfb2ec759bd88053516e4f289e3accdec	ok	9552d4741b65fbc3e21967c3cdb735153402378e5bccfd34caf196f1ad2a6278
01ea3d4932721bd48cf3464879284600927606b52c2a2f833b0110d533308ac7	ok	8a37b1f137ad31e6da003ab3c90a63f950473321f0830a775d7b9f404bb1e08c
01ef06e4046c9a4ec091bb22d459cf6eb0ff795f320518f48328a4021bb80ca7	ok	520a65fe9c11b97391b3a283abc3697c2edee78b536c9c8d265e15d4e925b25e
020156698f35e0a2f4bf06bcd228c958e69b7567cff8cb7a80dfa9bbebecd3d0	ok	149d0326954c4cb6614b0ef9053ef725a09554c2db6b99595b59c92f0af40091
0215e0b986fc36fd27efc2b736a09c53eb72b1f944ab1ff97ebbafd20b407ff5	ok	4bf31906fc215f1c45b6492e0b6dbad816b5c5a56ad70334d946904626b66126
021f82c4eb3645e50cadf8d7461f4b424633e047756334d0b76dde6442b30fd9	parse_error	-
022cd51e32c65e6d6100155fe902d138cb5782821a4ad9d0030e11469af0141a	ok	8b411c163dd5efe32bfd1f4956fff6f5e95e4876916e4cc568f884a9a071ff71
0231b3c2eed6ff30fb2d943d39aef5867d83d95f9c88e73cdf795ae6ea58f3d5	parse_error	-
0256ad35a35fbe2f92ab76d991d26d44788c240475240dc6e4538c4034dc6cf6	ok	52779a4cf7279db5349702a0b5bc810b3e52226caa6ba49abb2c0b673778a56b
025c3f39567774838a12dd264aef0ccbde9b48bab97860e085a5c798338ce23e	ok	2d590c9aeebef132a9519e99a577cc30008ef2efd38a7f43062b86ef413f1f02
0262b3e9c67b86de1236a59522501d06e75890b511573ab542133da436957485	ok	9335c3b3ac73bf305152f300d93f520c6b4165750f65a4fec99cce4675e5242b
026405d9b271aab7288e8ad8cdb1fc564a832b49204c343a7c2ddaf488e628ba	parse_error	-
0269b4d23d7943b903715367d36bf11780f0b8aa159514bb967f856355254a60	ok	c77883c004af497bf882c75ced84702cb4e369c7b8f1c8c69b2036c1b300ccf4
02a9dd9ec817aab223f173981e7efc4f848679ee6017806da1d536c7923a09cf	ok	1efe65444e9edad09b484053898f3836106e8e6ce0bb0e4c362859123707053b
02bf900db4a6e1cc51b335d6f66b55d562b9282cf117045d5c1b834331880ab1	ok	bfd3e132f1638178c7071a3e1c6128da5a8e257e3ca356055d1dcb81e7f56e1f
02cee6dd56248051eb62d3293ded6c6d33c0c338b835b0919ca71439393f4285	ok	4f574d0486cf1090c4e7ac3b6841e304332293980a2b009812b197410d40988b
02d3e81aeb9c3ee57715dddf7fd0d10f8474e94fd44a551887006201edf083f3	ok	4653d7f59917d7b2816c5730d1f13be31cd733143eaaa850c29d6bafad5d46f1
02ec7f42d62b222deb082f0af45f18290686c1c7ae0da321a5e2c28d44f3682f	ok	94378cc8c3a2a445c98e5a88fc74ffc1c3eaf4da234b37c448bed143ab8111c0
0309fa0a76dbf5aee0868300d783c10f002297defe54a0fbcbd3bd4ed24bfdab	parse_error	-
032a6a69f76d8fab06ae14bab08773ffa7c446fe5e47684c4aca4fddaa56fbaf	ok	f1bc64cf9815bad0b6d8f585c1c13e7e10dea3f0dbb4353b9f469f9cdc05ec21
033f318998d442f163050bfa815f007b2c65a897998ef37ac70f30c81a89d1af	ok	fb4591734dd0a82e87d7d3be057f1bf77397e9f05a689a1cc4796834d39c246a
03572e5175a140e2344f72a8df30dd8ba1ab1ff51256faae33fa6306fa16ba28	ok	f70b7d83345d00b4c1cd8fca68c91bde96d81b34afea0c4d13aa85ae8475df24
0391206210a4e89a8766365186790a9469ef38e85128d971d86d98db037bb196	parse_error	-
039579da300fd84fff831db1d03c82a8f48aac08b4cb5ba15c0e711083733573	ok	0393ec96b849752fe479d3a14789c0ee663f280c55e8347c89528e8f1281b01f
039e6e7f4d447b181e3b07be277f83aaef00c82ee62ba5d163cf1c816275bba6	ok	ec1b6e23fd996ad9fde217739da3d24c6fde317d9efed79348a6369f85d95ead
03a29674fd0ead82af8662ad2c6dfee26fa04ee289796461887dc364422cf75b	ok	51710b3b971206cb16a31ef78cab15d600558ae48be2328e3e49ef93e39b5997
03b1fe58d62fdfb3d2446bfe734953ff0586b6c37aa7609b1563f412df77ecd9	ok	87f899854964974f859608140ab4647073527ad0299805fb8a0e6a176ee43f33
03df4db3fa7c27e66254446aa36fafdabcb90f9158cd7f1a6b2d034ee704d577	ok	0c4dc1b47f3ef6993aced1682b5fe726846f5639305effcfa3bb0f399c5417ad
03e927a7ef5a77aa5feaea9d5d452066e7d91c622a98d3937044e55f235610e9	ok	27d920cc87b7b8b241d2fdb8158efa1f1a0f7dcbed07c5081c1dd1eacce2fbbc
0404d20f02649db843399d8a60a67e397b903358ed06f2675672bbc775a20152	ok	2c2e865342f348ad6d566a2a8a4c6d5cc52f7e026dee221be0d9a8ad33feb07d
0408080d72e54ba640a06c399610aca2811897b6092f001bf79fa7f6d8f49cdb	ok	6afbd27015b489735b88ac70fefd0c07aff570a5abfcaca8f9ecf13000c0abed
0427c099176f35da426047936d020c796723e90e4175377390c02a446989c50c	ok	642c526582dd887c4c4f6ad8a93292cca1810d59e15994c8aa022e1232c6c7e4
042b40984ff00679d4acd65def56f6d9831c8f30818fec4dc0cf9d07d1855454	ok	afa867c2173a411e6aec649967bee91a6da751c761f46d04d59bb2f1a7a1ebed
044c661e2a6b820b9782006b66a860ff8cf92422f81ccda4489bfd85dcf79610	ok	52c3b4eb7e8aea23036c3823c1c3449d296b9f1cd2ee2b1f60c88f595e4f1d84
04596ddafd938c2541244ac4e836a80f021f3d72e51fe781f786398fc7041682	ok	4834103d38045750a7f06b433d6617ebf3880ad17076fa74c4f1af76992ea42e
0466fb18803a43e2ea6525b12eadedc4347e976f1fa877255ce664177e600982	parse_error	-
0468408e873a8481084563e1c2f55948df2cb432547d607dc33edf48540197dc	ok	ba4b58ad3f06a62996b353be4c9eacc01c86830eaa9664c7940e91870e3c0221
046f03c2d1b0876f5a91183c161d9bb013606b9dca67ddfd5bb53ee67cad83b2	ok	bb7d3fc0a82859c6dd7e4fd2d561e441ee4658d9fc1880942a1c71412ca40757
04872eee7350b6041d379dae6ac0ee638711da61aec325db1e28129072c9c702	ok	04c584014678acfe6eb6395bc0d734f5af39ae2f5cd9d38dc54ede0bf970706f
0489a358d94694874da820c007c69676c4d017bf2cc57867b48b982d98cf5ac1	parse_error	-
049e76165913b3b4cb3c268f23a311559729ec861f6bd448d720cab0f0775ecc	ok	a004513fcb597b3cfcfef4194d531da23ae65535b32b6700b5d7860a0a6ea8d9
04a8aed9d1162bd856a6311102ea92f88742c6d3c035a0e516b726150bbafba2	ok	b8946423a879d4deb0abb2b62f30d4fe8cf8dd41a79820408e0c2cb917c5f64c
04c12c6151f9bb7fec27c5cb08e30e4df69cd8d03c27c4cc623512a97a1b6397	ok	17e8308e4ac0bfecb363d15fcfddc3f47749396352a89bac6c3637e2c3d38f16
04c60d9aab9dbf56077beea15cf77d5eda71a8a74760cc4a681246e51363a89b	ok	e39dd6cb970dfee1815aa68c175f03ae2cb3f994cf0f8ac8195705bd968a68ba
04db6ede8ed0ded6e61e649070f00f6318630f1716029613a3e444b79cfd3979	ok	757e1d442be1d9719d1ef0d16a005296a638aec9bb4bf367f96ee984708f9c5f
04dd9794a383a7dec0ff4bfdb2387df19b44f4132b3d36f704116e5f616ca8b2	ok	a19c6ba65d026c39e6d34feb1693f2b5c64acfebef62713e52fe816c3818abf5
04ee7e82d1675cc5f5a3374185e0abc9facc9ec4a19716acfeac5bc193646028	ok	74b4ab0b3739d66cce298af9fa85480948b636bfe7cc890566c66eb9cf79a15d
050bda93e6f422bac0087c94762f265db3a7c2c1042d156b944daa51eecddc4d	ok	1ae5790cb96f10ac954e9dc305e7bd8d886e2533ca1184809b181d73f3356133
05531a0b39ccd2916d5eeddeca416bfa6e1df7c1fcc4b0b74d2e27fd6e332ede	ok	c52929f12e328443ca7bc89bb584ef403601045135594c39c566ee21a0cb506e
055ccb8010cb2cbd418285058d6039991ee0db48bf7df5783ea235a3e3248eab	ok	00725f649b4b4d648cd5d19b2e8c33796f2fc2a78f094e1de376e750a549d34f
058f6f76c88e536a9ff5a20be64a255f83954725917d3f7069c17412f04e0bd6	ok	9be0d61d5d383249f01d85844894a2c96e157e7493c1fea6fd70b70ee42d4cbb
05a58893e3d17ee52cbfceb0ab1436f921c704297ab9c5a7d3b609445e4c67cb	parse_error	-
05b533b1bacbb9a1bed399a239988a01c686ade566c607a926a9af272ee50297	ok	b037209ed7db07b99cff2346354cc3f7b9086c60c96af72f5e7bf801b0545ba2
05cd62c85333f5db6c764ee6e4aa55ad0e1e4ab1c4c4814687e5a704f901b47b	ok	b408d00c941589ac81140f0743d0ef85b715e982ee03f3daca66632f74415ba9
05e42e899794b3cc892b3f30c08e332055309c43702751713aced88b89962655	ok	9e79c92edc07f1d32770026a30dbb4cc14add05ce22eb8e70191fc92100ae1b6
05e6a0aa75e3b7b447fddbed18bd9e240fc6f3f21bd897db77661da9d09230f4	ok	d7c0ff1477d37db62c634dfb53c9a4786644612df0aeab80fee27e36b3e359c4
05e9e43b8fc3c1cbafc920dd8767cbf5da73f2b4a67fb4f4558a5546f1dd99cc	ok	8623c5d90605a30d7d0a3a9c523f27af26df5fd5456e3047ad7f614e46536394
060bfe73fd0fd4d09596bf258b7711ff38c6e426510e9ed1bb32a17d50539d7f	ok	1db916ed0112f0b27a699605f9acb570dea572069acb8b0690718a491f244a68
065613190029ab60c17f071587a4bed0373daa1695d03e4453fa1b30e755c2a2	ok	2210b2729b7d20e29cc6d6ad20d2b4fde980bbeabec38b61ef03a7582374f605
0661884bac2431b5632d6464eec0e1f865c3673c4d13632f3b93e25802a2aea6	ok	d4dd0bf529c43c90664f49f27ade587d9a979dd8fedf40d362491db11b1e363f
0687f82cd0db7c485495c765f20940f3927094af402394c798f265ca4c253c7b	ok	de288581185fa67b1b7fd422e5c46dc5dc1463f4562f81e88cb3647d6edf01c7
06911b2eeb78e7486d2868260363fe5cb50e3a50e2de9a4a856ba168906c16cf	ok	af630e1b48d5e8203ff0abe87a2918f61e404c2539cc553d8bbff4401983a224
069169aecec667084cfa71052ec18c559cb198ff7195c7eeee1a416be925750f	ok	84abf9d9a443b6300ae871098613658c85d4a81cea7be2b009971747b0af072f
06aceb76c4088c8bf8cfb3f6ec330e788fd1b80dcd0f0a28f7e8749c32ee5c78	ok	c31c991a536e207fb9d38a3eac5ef792a22caa0cd27735d1f9f9373f3f31bfb8
06b4831c31e50a4b2f3399d671ecf3be246c16f31b88173dc5f75ab9b9ef3e12	ok	d4060dca06e81ae7fc51930e27111e8d4388fd11f17577125974ba71ef1e3d7d
06b49030eead75b0c70b04550eb141e5e7fc5f1063b17402c34bb7549cd4274b	ok	662f199e64c32946831694abd0f84304c62ff23a911cf7c32b974bc6b6d4d65a
06ccc804d0a254b35f554863e056e0448829fec0192e428b7919e7f32497953b	ok	35139ca09f9bce390ce3979c161061ba6108ea745086f7516106b9e6a64d771d
06cec248877f8bd6f8d171b669881be352528da62ec6c0a3ddb3541ae30c315f	ok	e40b63a0271321e96c9f40395a6a2404ba6dbdafe71eb4e7bd7f34814b82e31f
06cf6b07507d386c0aceafed01e1c4f662c547c6b8002fdec50b6ca326a67aab	parse_error	-
06d3bf8ed1f30468bb554720903f0142e34afb0d4aa6b7c55d933cac97d74d56	parse_error	-
06dc54ca74faf6ff5887ed8b51e2831d520a9f5f761760f88cd7bfbee7f08c98	ok	e0f4c7ae1d6493735fb652161e45487325fd08153c7ed844297129c33b233bd1
06ee0122d9f5564b8606f52180a1ac90d02b13bbb61ccea4839c176a0d7b79a9	ok	5bb0e1888b0fcebc7658e4ab1fa4c1b9f3f9691477c056d9457bd267fdfacdcb
0705ddb7626d56d351a5a770c9fa58a23087da5cafb7fb3ebbe0208be0e5c474	ok	94d6ee7ece961d2fdb51f8754c5ae639f8d24725b6c183dc005e774a13626003
0731ec8e5a913142c224e89e703bc453f8f7176f857f2e936ca6195d474e0bd3	ok	d322cd2171d5518ae13d6ecb1253443df65ff1d63cf90dc3836e56546dbdc33e
074e03ed153282a23107fd8a7238794341d4451bf9bc99f89d81c2bdfd14897b	ok	fff8624f820df6f85a5ca7bbf549335d1cdd8a0de4a230f4927aa8572fc18129
0750a1605d500e329e447fd2554c20fb1f426a7f7d70b90f167c5e7ab1c34d33	ok	cff1dbcad2c1739ced40d993ca68bafb82f4c8860b9b158d42554eeb79c94972
0750ab494d14b266e2907d47b6df8a9b9247be3b8b3b8e76b13d35fc1a5ba540	ok	c500c0acc94d4c7b917f475a588c141e07316b60d8f4fd63ac7a4a2a60cc9185
075822afb21abeecd1f365c3c64c0ee58893b865e12bd55a9528b0d73e45971b	ok	8a37b1f137ad31e6da003ab3c90a63f950473321f0830a775d7b9f404bb1e08c
075eab29e80ed659832ddd483b2ced7c875a64c8d4bdb1e007ed3af3d723cc73	ok	097c5459602e9db22a9350430a849d8ad416efa442be0daa0161089db7fc5d8c
0768fc2679e7317deba209c02cb86278e8065c31a2c8ffab16881f74c1dbeee3	ok	bfda031beb8f61c8302b9149e3335af354bdf164b4436a5b8ebe95d696fdc670
07b9262dabee3836e2c4ad75d774fc7d835f779cf6dc5fa63df04d439d1a3871	ok	14c955a8b1f558a1360e07b61237028fd3403c43a60c73bd5f5fcaebca746631
07c22939aa3f96eddd4ac256e566dd9c132404db13f7a4c56c3a46ae189a4744	parse_error	-
07c2afa7c26f126fb96209aa964c21e18c91cbe9bca818996793785a77976949	ok	ad733c1008934473383560b0927a1e536460d645142a13019bde28a074a0bf95
07e4bc3d39b1a62188de579152c8aa5f90cc98a43cfb91d1d7188f9b18862b92	ok	877a84f11ca0581ba46328d7710ed5b8f78ace90393b7f7253e1132e8359fb8c
07ffacee6b5d2cf26452a7bad4fe60c1fced624d69f6c96574433bd2e3f7d1a4	ok	1e4573348cb9a0956973f2432286b780c9b6d145ba725ec2e8bd5d5dee32932e
080294fce6cd6766437a570f20759974e7eee6017e80a36f3a3e45ffd35f2c11	ok	88e05328a32e6a527c10d55d53edc4197b82aa9355b592b28f4093c1563a0143
0832b3499eaf2f736666b925e60fa722eb9a09909f6b92978914f23c52bad54c	ok	3b43a71b44f0f565979de22cd65b1c57682db064d6088753e76794c78bb727f2
0835caaa0692f50b1b16ac11f342ed4239b41278b3b7376b343c3595743edf41	ok	f26a37d8dded8595de1019f99a784a6c7d9de813773701979453f6ae7f4dcf36
083bfef6f93dec82cb607624fb9a810e2f2228491a9145250497f1bbb5111611	ok	1e6b0e28371b697dde26fd7ad12afb7ee4bd61e59faeaa3e61ed0348b4a8e769
08535a839819d65a33143cfc573969211fcb715de156e8468c3b7689f55d95d8	ok	2748823f4bb93eff93feac0268e5c9d3d57ba574166ceb7a88b67b34dea5c7d3
086a568252e042a11dee38b76b2e7012b0a492ada7232d9d085f03da70a9b73e	ok	429b7f7014d67eb0955c5a0863447d1c4d8baa43a81018e75644d990460c0d33
0879fe7deb5bfdfbe94cab8b1e3219ebf3446547a079dade1f3df9cdffb5d1c7	parse_error	-
087b93ad0fab5222b461cde7a4d36cd0bc9316346b20f943415269e09d086d56	ok	1d3bab8c7669b4eeb16a7a0d061447aa600009fa9017ae107fd25dd284de309c
08aab399db9f9a3e30f9c242b0afd8f7ec09178e9e6bace4d71bbed7b03c6bb9	ok	0a6c499989b6d800eb44a6003aa4814d026c81489ff07cb782c4647905664171
08e178e70ae1cc80a558bc03bd13236e9415c16c8bc0df7ff72253106bf322c0	ok	70c054f5f71ae641f559a82e45e8da09ea157aacfac357d884d8bd2415e070e2
08f4b8d53ee69a84665c53359833c14e850567dee52d9050e02f831259ce9a5b	ok	0c0156995c67950f856b2cc32f7d1a2475bdec691f844bd21bf008e21e414be5
08feb14de0efd724c66854dad30a52aca45f4e129fd269e1c57c382f52a9abde	ok	e6c2fec7cc2eadfcf51da57d01c27901f3dcc151cbba3be2229282ce62c24236
09141062e2264820546291bda8458116f4fcf4c8d075ea1b0be61c63f0945332	ok	981774b2968a661f723a30bbda3639d8fed4b3b0403a8e6a71d36f19b4880543
0915d8628820744dbeaf370ab425e4777a83ad42d2531412d8aaef99c7713be6	ok	19b41ad39e2dee089cd3b68a167d0c4cb762fefe60a7a9c219f2573af52faa38
0923d033b13102cb49209aea33de148fd2313622d1b83a9e0312d9020f8f3da8	ok	fffac867d98e639479a0003245e7fd434dbeb21d98ffa421389e46499029c4d2
095c3176b33e1554f0e35778ff5486d7ca5df6ec44d2ae2c88f58843d16bd6b5	parse_error	-
0964dca730c75efc35705584c82787f0f881c35eb26c6dc861d9b09e3bd51cce	ok	74647b17181942832b13b42f7fbdbcfa782f4eb2b5368efe2edb2e329f7ee3d2
096eb9edc70ca666a85b5ac97da651211c1763bb522574b4a7df06add12e3af7	ok	2c3ca43b4f4dc1732c05331280f9bd296dbedf8e105baef63da9965044f3dae0
09a9bf584437c3fcfd7ecfc3659d95fb212956301e5ad3ca221b2d0e974a31ce	ok	f51b0d80ef0f7648330b8acb9bb03a6a8c41265ad3cf1d2ca2bc6ef8bc6f07a5
09b12bbb78dfd9fdf62e119b6acb42c391bf9470f7f9711286174f0b1093c9ec	ok	7b37606b92e3d9d43033743de703374d33b3c52abd5f859bfa9906ab1807a220
09b1d5345d5f410b71046d936d874d739d3b9ab2c95197ff4f3c34155b9603a3	ok	d2be13f7e3f66bfac1a06deb6d63efafd1cb977b8aab32f0112917e6b6d76963
09bc18b5cc34f9d7bff56156d94018eb54b18a4977961a394874ba956d92cf89	ok	1d76b8db15c7202e93503cd870064cc830a5f3def87cd2cd59d908d359737785
09c45ff80274d5a9afc7ee73d8e935d1accece36e360f17467e0f51fc0610195	ok	0c740502da2d7c857074212cfeb08d5c058934e0fb6dbdf63e48e752f14e7935
09ca68f39824e592c9ff78a5531b4dba08ab68c663987de95d3d63d2f30b29d9	ok	fb5714797d7cbca487cf0736308a652cb0c29fc42a90d66b0455f092089c4773
0a01059459eace16ad49fe9ed7db595916c56e465ab294ea684cc0436322df43	ok	e58609ac2094fc49d494f53483db3c9193f6738712c815f522018b95d59f3c94
0a099022d9fa994540c841091296443e3650bf673a765abd691b34c131107698	ok	2aa8de7776ab6cf8524e7c31af71a30616914e3a75d2c053c5f931ca288f0a44
0a134d28d573d7f7b80b94581fdcd2f7e27f54c3974c23750851a74f3481c8bc	ok	e22c37d218a47ab31752b158588095ea255775d4d0c2a6dda030c16ae9efb3fb
0a29a635a9e7701a7f705e4722d17e335b80ea78b53cd53c8c1d60bf903f85da	ok	91766f86760a46cd4c22aa8967134227ed7c2390c44eb8e902e1edb7cd6433dc
0a38e2769f206e5d4233a8c426c4c50aa99a17fa8124e51039b56f6277d2903c	ok	5f2c3ffbbff3ad463504c3d07981ad608edb10dd548c9fc4e70b8e87ef2a4f94
0a5173702feac3d9ffe3adbe12b5aff621c9310b33a649a8f02f76021b2cb88b	ok	45cb1a2e3ae76299b644798a7e83ad083e8097780a87f3f70758e94303687099
0a903c7a740fd76d6fa33ea7171b04c07a4b9b3e295f2985b0005d1a8569b8ca	ok	4cda9b07be73c031b6f80d6dfe5cac111d42e7a1279507615798f0d83240bdf6
0a9b7674d339ab31bf0b2c23247ad5cfdb81c1bd2bf773974f086d7889b06f3e	ok	4e09ba65e301db8bab1400817f23678f0ca2c6f1001bedd5b2705e279e62ddfc
0abc0fdd9fc0ea3271ef394c2b8f92af445c2b5be7db40d215abd7295a72ea28	ok	6fe6a6b3d8076067e58e7242d91c0b3522b12292333ef8b3aab7881e863d42e0
0aca0f645db6805bb808ad488e7631dceddf9b7c4bc6408d797c5abbb79763ef	parse_error	-
0ae9a7fa968300080d24944165d33b245c7e9e51827ca8254e81b03a00ad79d7	ok	a0d12002dd6cf42a4f052a1710d652670d9be7156843813198c29e9ebd9e23b5
0b1ff39385fea0ee8b085721ac597571a4d2dca097939852c163d6030d4bd5b0	ok	63eb377e9d7d1fc13473bb01798c234b6c11e86952a7a93e4d359fb97c2d708d
0b23c9cff60828218614ed46c9fd07284353f86bc3d03f6fcab10c51428dcce7	ok	4cf843c59747175b39c1cf0cff2ea612c56518c12c05a065fe4b14f079bf9f96
0b25bdc20d776eccee5cc170bb35a04e35cfd75e996d5c43745205ef7b6d8a5a	ok	1e6b0e28371b697dde26fd7ad12afb7ee4bd61e59faeaa3e61ed0348b4a8e769
0b5d05ebd6dccac73e16f43cb238094070d69c7ebf5965c6ffc431eb973d5fec	ok	a2192dd10b41ec5b715c786e9e12811d490d0ad99d5661f581989bfafc892fd1
0b665baab5896387f8143cab641ffd2f5929c900cfcb2e364ad15f44c50dfee5	ok	07c312686a94d0d810212273f4b56a5f1b81e6ac73841378a828594ef8b31243
0b69da7b0706939301d5dd0b30053c2380a5802052e60e554d1026cb27321225	ok	b9841974444a6595a532e04b6094ab13dc429da0bc5872acbed3c3ef2e8e3c87
0b799e1acb783d823fdbb83297734f96cf99a2b6f33c9440ef54eb200661db77	ok	43ba5e4504b51b63303147140077452b1de2a36fb144184bbdfc312c07288665
0b869b2ef8ccbfbbf015ab028cd53b6575b1f7e7881c473efdf12f0d5fd6a7ef	ok	03d8c1bc2bf21146ce7839048b3aa772ed6388df50c922029f98f6562c7265c9
0b9d8853c3b8d3c636fff7512f6200e8f2a62fa7a30604d6b2b25398e7f1dc16	ok	9e0c3b5bf7dcd6e68e7b95d876b1164186aa168cac4630291d4f60a22fb603d4
0ba4519ce86fc0922bd07ee43a9ed6df3609976fe5c85a7859d694908e800009	ok	458d59f187c77a15fe7d2e1d2f22cc48a19b533658f91db98531df1b64c62cc9
0bbbab39f2856b43707322a3faa5af20b66db20d8ab338aeed1b11561c06c9fe	ok	4478f6d376d553a6280b467791dd617fb64afe544e36e2cb02fc1491acd3516d
0bc2f60f0b4f625a4efef9531a3832fc151d5f9fa6ff5042fa4f947fbfe057b2	ok	0fea159ea4765b1e404ad4a5bdbb4ed74c13b4ecc7f3281f22844be0b62fc13f
0bcf7922af52638b0580ab9719fc25458e450b841d2ec5aeed7c92cb4166e782	ok	8aa90e3f7ffd469ce69e5b4ccd08709b7f1f4bbf13e49403daaf2409adb2357a
0c0e7ac7edbf114ff2df29c7865cf66ef156682c38505f1752f00db326a76702	ok	86ff2bf715dc1e84101c61573098d858755bdaa75027c2f6a3093bf6e0f4c7a4
0c126850752813243456a65e1f4b8e1265db4408b54276b77fb28a74cc692100	ok	1c7b85a83c579889295bb05ca67e6910765ed29ce198a43945688661fa4d057f
0c242828e05327a4002f86ceb7b9d26f49739149396a7414f2a7c50c680c74c5	ok	09a60e15c58e13335155af57426a6420c8b15075ffdf45b91e2f239dde8b2838
0c4e8fbdbb16c7e2256c41b9cb24b4a48609f8eb093f11b6abc2ec8c7446bbdb	ok	e13dab70b25c77c57c63b8c8c6cebd9685190dc49ffe6b638c42b5884a915e27
0c593c265d30b4a2b92d3737032250ea1b805f3ec77f813aa94d3025c7609c0a	ok	67e8ee879a9151c08dc8047b546f7459e6c74072f39918d90d9c45d43fbfe19a
0c6ce6af6cf231f59a5bfb7d4063fa02a23c5c4ab689799cd3d2ae4ad366e147	ok	a27f3a797b8d5d19a284bf6bfc7ec3a286e2db78b0fdf1c66dca9c76237667ee
0c9d07f274b48e9816e52079a1e7484f8955003bf1faa4439a6bcbe84742714f	ok	eefd465de3a06d63e331849f7b0ab2aaf32ac3d0c2a8cbc82daa00fccefefa9d
0cb5047e87c56ca3a15481c854b83c06591024378d4e808283904c8b2ad9c28b	ok	5d3615f015146bb790317108327bd8b9548e9fbf67b1d7fc357a2b9da9bea5b5
0cbc10455fba5f0820185c7ee651a7e627614028a1cde1dcc74bcf86fd8b31f7	ok	1b03c664e26e9ab6dcbc9935b6d3151ee8de580c1af87054434586c88afb3067
0cc4992ca834c5efb3333f01abd29b38d2484ffbe31f4d274725a38101a79aa7	ok	6caaa19c8952e6cfdbfe331aad9b1b451ccd2fe7f011df7610e23869d0e151f0
0ccce217d92ba0efe1e2a502dff73b645b6d745ef3fec63c078fc6f5c124cc63	ok	c8cbc49ae6e4d1fa44cee0ff305dab8adfd725d4e56f8649623f41f44391af36
0d02f26ea2fc0789374591489128b42458f9f8d1660943fc693b5e5cb24969ab	parse_error	-
0d0dbd4dbc5d79ffda519099100aba96a0d9bc7d15d31e5b5f1366fd7a6df169	ok	8234536956246def1018644a7a592405774c73749ca3cd32e04ee24328f9a697
0d2b21cb5b9afb1c420d95aec7e5daeb5bcbc6a68661ada105c8c4bf80a6597e	ok	3d43d041d79b7a48923644aab6323d7828ec94321d46a45e4c33a68ba7d485c8
0d2e25823f38294b9ebfd2e359e908189122e98f265e3fea1a380d42aa5c7147	ok	bb7d3fc0a82859c6dd7e4fd2d561e441ee4658d9fc1880942a1c71412ca40757
0d378aafe14a68a6842d1ca754dba882c04993e916408312c05014b319b93e38	ok	220e886de39d6eed5ed43699382c426df18ede18dcdebf3cb3d27b682c562b57
0d38839b3afec5aaf2dc5c2f2c00df8a09479ad47af1d8c785c51beada1c08ec	ok	0f3fd9a36677810be4670c30f482641232c69c73d90010eb3f88befc0da82c58
0d90aef1856dab624b7fddeae9a10fe938d9f03878e1df9309aef63fff94408d	ok	1a8cd8e405e4902bfb86ce14a2c33fc6e3819cfe4fa16688cbd80a4e4fe6ac94
0da1b54ead3011d208f108a9da52992dda316d38d3e65451a3acc01405b170d3	ok	cabe645ed0e8a9633ddcd3d3bcd2ea91e373e1c205f83581a692cdb5a62d458a
0da714f75312e15a41daaac6e8a616914d4a3741d3753c8dc2adba69644e5167	ok	4edda0c9bd91925bfee17003b8487838290c99b92b88bbe413f7140cb25586da
0dd6de476eb8b76103d3cf621a259aa2cacf1561c6ae9e8b5427c4bf9c494b72	ok	83e75077bf01e34660a7e9b8d4459709e100dac442846eba6982f529ec7f59ad
0e1b46099edc7c8d240794c0b658e9770a9ba51d07028daef61ccf020cd960f4	ok	f5c18378d4a3cdba78343ff008b451252fe9f3ac1901ae4533e017334510eacc
0e1d55e5ec6d182d49d89a47d589ebc5149f98b76e8c4e28bb5dce8bbe1f20ff	parse_error	-
0e4b21376bc5330091c3bad07f9a43a357b1deb5b518bcc674d39d12c1f880a0	ok	3b43a71b44f0f565979de22cd65b1c57682db064d6088753e76794c78bb727f2
0e82e8c73cff6b85d6aa8307de92b3532ec9ce4c0d80ec9d017369bfd68196a4	ok	fb4591734dd0a82e87d7d3be057f1bf77397e9f05a689a1cc4796834d39c246a
0ea5723abb52a0b0aacf1f551158fd47451b05e5fe66c56112431eb1dc6c6d32	ok	999d8e645dfab6299357610e9cbae80ef68fa44cd5f9ed63c5e989bedab4cf32
0ec4600cea18516cc7ef5ecb241cb3a7cb511774dec41c6b1bc76a1345904f39	ok	3d105f6b4ad35e20ff7a12b2679a9a416e079f5bc460359792ff748f138f8772
0ef8f95d0577573c50719a302aa2df64142ebd68ecba1e99d632c56c8ebaca93	ok	5c32cc55698fd1136197799a099c65ad2752d5daa8c527554a4df6c58f00a05b
0f135958a55fa0149fbfab27bc3f00bb503236f7a1a1ef32a2c419378d2ed54c	ok	53d0674ba4fc6ba8fa87cf20b0f1893eddb9d4b77c9e9fb549f5a60d5d23f8e0
0f587bcc44d4f879d28fb950235c09096abb555e300b6caf2202b3b19146ecd1	ok	a3a2319e24d4c27b0fc08af999fc51859198dd7ddc22bb1974d9b197441885a1
0f59f0a6d98c40e86365ad0667cbe75dcb405e109fea7274720c2250e7171c69	ok	a8b637077b7226e072f8b4f5b69d2429d4ba9544f19351699fafc3a84fec9889
0f6766dd60f17c3b036274a4ddae54995a148aecd06ca448d27c6f6520d3cf2a	ok	96d850d9e09fdbf1388098c6d1d92e03d83e609a0b538eef6836b2970147a6d3
0f767dfbaaa5c1068c0230ab3ce5f801746fba56a6dedead0f8163da1fd69866	ok	af7579c0310d543a0266977fdbb2f9a5f4d9be29cba392fb239d9c9a5dcf590d
0f9884825eea053ddf3c2e98c636dc6079f091f3dacbcc55c47663a1bfe77d55	ok	ce685e01ab36bd55bcf083620f533a2e0720be2877ba949cd0caa29af152f81c
0f9f8b6e95a9487a1f60f5300f446c3c50adbff09617eed3576897f36c658d9b	ok	5e77781a4825b0b5a7757144be6295359d75b6419d75f677a4cf30d3028edf13
0fb036b396e735667f887aa87d452c1519447e107e31bf2dc6dd5ac73a69aa6a	parse_error	-
0fb26cc95d46a9dbc6861dc17d0d546e4e814cb391b63c7a717e4c499d53dee3	ok	d530f071ab86dc341374af0d9322ce190f3f97605b1ffc61ea54172665d750d8
0fc15def7060311f916ae2463b8ca725137d7034f3aa0d097a35bd5e67a0a522	ok	9227de466e4385e3a761ccdf150b0472487a65c52433684ec9fc109b48ae1704
0fdf4233ebefc99e52eab62b90faf6b2f50593ca22746ecaa609ecc004b70fd2	parse_error	-
0fee4c658e8e0aed3ba8f79bcd0ef3337dc6668c80a9a69a0b49a7fd2bfb1053	ok	ad18c51127c20b9a51da94c7c1bc43d4200215fc75edba47674f22a542e13592
1016285a5ad0b66d5eea3d107b1c8ca6b39c98401b28b9a99803d61678cbea27	ok	aa9b3e84d5b69d301f7c11f0fdc52cd904300775c14f58183af62475f4505f7d
102703bfa25474652e86022ddd73a07357bb4c725ec5fd202ad2577be73c2f5e	ok	1693a4b82920c52d4ae3519debfb6ffcbcd6d01a457270dcfdb8acd88eaa9682
1027b06a5cea60b71b9ea09734efbba7270c042edf61a4ef13148004cf000ed0	ok	b4177f7534aebcd71c54022a48fe0f9eaaffc48e6e002bba0287023941a85cb9
105cb4a337e2f39fa5d4964bfb073b6150beac25ba4111699ddfde7ca5d8cf57	unsupported_shape	-
10612d366a58e5d9ebd2c22326911f3ddf8dfdf9dba1803a889d8a327f665e3e	ok	54a881cb3c67317653c96cdc11ef18a1d12abc7d07dcc4c658d3febbda822038
107dfffeef69b1365df6c16f0c1cd3bf119e032fd0dd166c47ab2005178e640f	ok	94eebc9fc6de71f736f79f859449f23624ad5813dcd5eff3f7e01f3cad276976
108d0e628ab37e75679f0a1c0df3720458ada3bd9f3866c8216cf96341b65c0f	ok	9c119a0b4e31e51ccd80698957ccea7db2e4601a08c22ab86fb64b6c492f38c6
10960fcd71ea74bcc087832a738713fde831361ac85d95bfadcd77536d80896b	ok	1ffa5dd426c45d906d15fd737962f1e3f5ac53a18ac78ca7368718505e93a67e
109d27f54e295a01e935ec212d68f6fd4ef5f0dc475e5d1d70f0903416e5f72e	ok	333fcd648883254227c3111f919368ee7f4b38bdf9446091fbd60a20c83ee270
10f87cd300afb7ecab456f6df8d751300ca2afd130117fc351c059b86da3e8f1	ok	6afbd27015b489735b88ac70fefd0c07aff570a5abfcaca8f9ecf13000c0abed
112c7670a6b67b283548788c96f4f91156e4816eea8fbf102b81e1fd3cd2157c	ok	46f6ad910706449073f3dc595cec2f199a179f7d3fc1f14131a85043f657b57c
11379088ccc7e36bac2a613ba3e208afd8d9194615b46633c82e8d038697a117	ok	d1fbde0c89160b4f896d11b47bbd54e9e1451b57cbe2100dabd3314e63d1e2f1
1148831bf996d9b15779898d1bf617da6f63ed5d27d6a4c2324a5a097820e930	ok	c6ccb08adb693e7d902e3c46b92cd91a2ca0bace2029cd3f48f90039ab41b7cc
116e0e41b14c2d74e4f8a0d6fc5efb25121177e66fb714e93b298681d4d5cc1b	ok	f66bcf91418eacac5eec0c615ce9dc8139c715ad10950bb91c43b9aa5ad37f4f
1184c3a8f6cdeb7729f99935fa910e9d65399123e7197dd5a6abf57e75e6f61b	ok	3a036849dc729872743b23a972ea5c6d15409a8701e663b77ae94dd1679e293f
11b08f08bd4e35c83c2dc422762f64e814b857e6cfec68f25576962d094a683d	ok	cc3e3a99ec10a572539ae3dae2797479e93059034505e2756d7dc436c7a00166
11b8c7a9ad25ce48c2fbcccc15cc9ad36e9435fcf3ac3b599d583ab12925a397	ok	a8b637077b7226e072f8b4f5b69d2429d4ba9544f19351699fafc3a84fec9889
11c0db439dd566b98df2d7a841642b618efb54032043f15695c5c0a9995118e7	ok	285fc549ef3d9e092c9fd3cf9d72bc72de14783e67c590d24c77e62315d95023
11cda68fa27ceca56d2bc86c6d0d8b0f439d7089dbec76b3a8c559e2bf1e0b80	ok	4e8018f3a98ae758527360bc01cabc0aa7e1421f7efebf9a22be4e7a197d6f48
11d30b871c2a66f319d4cb88844f88dc9c2c44b0632cb5b8ac95c7810a6b69c1	ok	5061e1fe0215d4985b715f393fd0d85014e844df2069214e46aba5c117650f2d
11db40395699bf50b6f6252becde73cb4e59ae1b0dd6c56ac7eed6ac26a7cfbb	ok	f33949f56d9c6d79bee61facb5fda65508858d7ec8cab25511166b9a680b445b
11e4a05bfe7174a3e97e20c61cc73d95d50e6d41be4ea124115f43603dbad0ad	parse_error	-
11e8dc78c1349422f686019b09d6b0726f2ad5d68c3159a3ac0de84e49e8e03a	ok	2e774a86bfa0b007f2ecb540fa237068e0b87e5adc80cae113190e2de15ad519
120afecc06594892eb2f5c8230778086c4cd9eedb7c662e353c9ae87994d55e9	ok	d912c344048eb18f23862f437cfcc7558f0c24d9986a6c1badd6db4e6cb2c8e6
1214dc2b130062f2b8f6ce713697f8718747bad6cd9241ec3d724debb4a8fbb1	ok	333fcd648883254227c3111f919368ee7f4b38bdf9446091fbd60a20c83ee270
12200eff0a11dc5bf481d506f915039b81522da061a34a91293580547022dcba	ok	ce2cf5dd47c364f3a6a7982fca0074d390b6ef48e4168f00117d4a230fdadd5a
12381afe8d20f4f32d3b335ba10e5a3a1ebc19185274e8fc2cb25b49b7c9f456	ok	88f3d4a8eab001c62c0147befd345f70ace8252c83c64e4a84b20d96d495460f
127741820955b0be5b9cd2a97da133d5dc722a0599f932132a803c3029bdbd77	ok	b0aedf505229b6e32b0786a79ab219e5a267c74c9e64bec2d6376aa27cd0fe08
127e7a2ec21672e7fb34dab8d2e8bfe07d928f1d93caf82c7ff431461633bf32	ok	a0f5a0de330d00bccb8c86b905b85af1469d2030851abbfd71022543bbbee3bc
127e99433ea41abad772cc89d88cb717768fc441e47bb5eac50c0134f47ed4b4	ok	38792efeeabe4abe8910ed4d887fad9d589df6b550ccfee59af2095f07cfadc3
12f2f6758fdcec4b2a58007fc20e499b48d38b680b7d9f39e3e8f706fc922068	ok	c173148fdaec7acff7d63502b68d17b89eecf19922d7a73a741f17aac81aefef
130b3b30e7c93b42cddfa2e5bb43c03f4f19d430d36717c4156052fc72b6c090	ok	e92ca9b5921de7786c688fcdac376bcc2afb22ed3c995177d4a816803d71084d
13173e64f421bc65194b4171fd4bb500ab640d8fe5a8ded7519536eef5fcc464	ok	0f52d5aaf53298f5627796e1efe6a820a8391650e46648b3d250b631b0348cdb
132e27da91bca15d2c48cc6588591ab8386102f9d1c79140c606bc498c3e643b	parse_error	-
132f298d059976556c46cfb7629857d22d31046720cfe5e7a169dccce35a6f01	ok	98d0c2e5fbfaea6aab04b92da98268efa26faea2f1c943a4411fe946ac22e358
134664ef515f1898dd0ed7b470168829393bf931300b7f7a0c08139b3fb7e1e9	ok	1e4573348cb9a0956973f2432286b780c9b6d145ba725ec2e8bd5d5dee32932e
1349bf211287a652e9f154d7bdaf7927604826e2c11d5cc69a7e65effb635b12	ok	09e4e7562da7a4606baf6b82d8e2f503112cede6556409db52f7aeda4ee889fe
134b6d0048ed20475d95c85eb6bfc05ea9afacb5f395d69a5156a1914d6a8bf8	ok	aa25a88e16783a0bbeaec8219128fd174717b1872ebbaf61265d20ac61b03c7d
136951b8207d54f3a0febf92807183946600d0e36e938a121b2e47a7ea5c29ae	ok	430bf58cc0dc820a8f6a26c40b0899825c82585d75ab8441c5c4301042f7b2f6
136df411486a06ff7e20b17b76a140535f7aca852487280c61e8d30956087135	parse_error	-
13b5bceb217d587f15b890b08bafcba696baed72a19ac0329792403daf6720ec	ok	54a881cb3c67317653c96cdc11ef18a1d12abc7d07dcc4c658d3febbda822038
13b9b50603c4ce52bf59dc2fc33b5e9b1354bfb45f91aa81d2a049d4de9d43fa	ok	e728fab7630787b1d9eb8f33ca5809100f94929b99c381322db0814464c9edff
13c20e7d88d6abfbc0986cf07ca4967f458bf0b65b0d5b167cfbe9c1d86b0eff	ok	b432b46368f8bce10c2c8ffd870edda17672d87442ec943e00ca3ae3b0e5c727
13d3234bcfc7d86f2d4714c95afb73d75d36aa91693003776e532ecd8206253c	ok	ad733c1008934473383560b0927a1e536460d645142a13019bde28a074a0bf95
13eb1e4d9d3cedcd79f232467e3d771009674a0f677915c9bb5611587871dec1	ok	34bdc41eaaf52f2d8be4b8ddd570a5cdade984bc6b2b6898111cf3b15ff36b74
13edf2c13550f9de0ceb40354bb41d54ea2a1c4de814006ad3f31b6d00005290	ok	d44154d62f07bc4f12ff377c0a153cec1ceb276f9916b8f222dfef50f749e3f4
14068d0b7c5a02ac0a352b5c26c11afae07ea6e558298d491af5dbd9d3f7921d	ok	e9b6c4ee2152443f1c91d8040db01e23362239b32e368747489ba9b3b7fc1a62
14120dd28ca02a9f12463034bc2d70fd24fa0a5671d314a2df8fa273a78a86a0	ok	cbb32defe003b435624165a5c6a1ee815d979982d30881d70aea859ebc713c6c
1418453fb215c06f704fa8d58346df015d9b4b2dbda7bc925e2c4530f93d0181	ok	84cb0927d8d9d55abea276f7cf2d44f09802f402689d102798bc7b8e754ab3ac
141ee3eaefcfe8e627f71df64670dbf2b5fc937d9f1e79e658c7ac3bf6e1a499	ok	8e52237079c31af29a450be882b1d8aa219f23900918fa4f2b29fde957c9a602
142b066c7b1cf8b37a7778a42a6292d7cc81fd27b564638f771d839e1ea3afaa	parse_error	-
142bac58b836f2b899c8a82e407b6d3f34768b4eea5d0fe322911cb6248e586b	ok	d491a5d110b3dcfe6e48f18c1da19b808da970cbf73e2a20d8c2337540438f0c
143e30b347f32a072a9e07bbab60afa12b9105925ff8937edf8e7e6f5fe6f19a	ok	99ca146b0c455ce67080cd6ae508c67a42f6b5fb5f3fdc024aecb9ec16992522
14b8570603dd5506f2f2b78f0a5afc582f5067f4908a2990e46a243e0497ec41	ok	88f3d4a8eab001c62c0147befd345f70ace8252c83c64e4a84b20d96d495460f
14baf36f5b99867581b712e18f9deb8beb441c6010e7e5f648f27aa2fdb91616	ok	9e40d6293320012ab8ba1d0777cc7a3dfc626d56a97bfda6de8bf5b6cac2c102
1511822f2b659dfc6c75da6db7c68bfbde3c47ce95c51bf4b0e275e8617bf181	ok	a550a45a4db866c2733f6a03f3eb14b6b7e2723a77d62c6d0c451ebff0cd2b3d
152637849e1d80bfb78784e886daf4452afe8dea9970065488922db8eb2aebb3	ok	e92ca9b5921de7786c688fcdac376bcc2afb22ed3c995177d4a816803d71084d
153abae457b1829949ff2552d0fcb7d29ac2199c25d907d7a54617b96821155e	ok	55cfe43c45943c42ba799ee626a613b4121fed2602a15c778a2b41568c1deae0
156b435345e8de0b96c42d9849efbb543e3138e455652db193ccc84d0835f24b	ok	4c35f25d43fc9969378d812a58a8990404a63056d5cdc46a3455a75ea2336ac8
156f74e054079278af113f9dec0bdb0ff4303de69aa619cf81c9318de00748a2	ok	ffbb73261c79ddbc0bb13a66326755e7634d344f33dfe0e65d7f858fb67dde40
1581fda0338f064de3ed30c9738e81d1bba553ff7bda9d8eed7a768589ff0201	ok	05028d52cdb4318c4433732723b43ea0a25fcc82babbb41fe14445e0f0d084ba
1590dbbb549f76cc8996647f144db75bcc2500f0a0611b2b5cddabbae638c2c3	ok	1946f2576613c42da6bc55ef56921361b471e338aaf56cc4475124b817e4eb1b
15a6f4ddc9fc67cad8fe0bf4c2e6e8163bde11250fe5530b43054466dc377e0d	ok	6533864af2bb9dc77f15aa51aa26fb81d9fed0fccd0c9d9c7988b4ca8944c0b9
15b537df8bd30b6f530c2a6898233a14538970cb77c1e4ee14247e299091bef4	ok	e7d41db15515061dc383b6565b494feef703fdd583caf3efda6ba27cbe04d308
15c91c104f0cbb9c3a1581e1771ace7af6f04415b8d4cd533c2f52a1e66c4a72	ok	595c11cce9eabf6dc647805d80762f12067c1c7f3f9b71347dd8870be945ad7d
15d2b7928d41374526a48a6df6b4322c2f0175e9c11074fbcf5770387a2419f5	ok	e27ea00fb8bd281c98137837125255918d9c958aec5b9c44dd8e6aafded0496e
160ed3a204619c616cc56e940b269d98846123df2665b6c96a58a636253b901d	ok	23a3bb02136f547606280a4b0a326402e40f2d466c4d5192ea0d2168f30e264f
1623ab52d3eff3ba0727e1a1c875398762f193f37b69fad3575832830b1681f0	ok	3872b80742dbf30124f754b6b64df14dd6b2d7195eeb8d7078548194c3ed98df
1637c27547aa177f79b129ea8d0da9a0b30a2f3d8364a66c96d66c472bcf785b	ok	1946f2576613c42da6bc55ef56921361b471e338aaf56cc4475124b817e4eb1b
1645d084c8bdf6ed66295b4c4a846c9999b9241c91afbb588fbf1fd95c15074f	ok	501bc22a459b95818894fb3908d15bd99b423a560b8d5a1423fa97e492b77328
1658ae7b025c567d13a45aabf3525b072a2fe64e00511ecce2a3a5b3a9724181	ok	1e984d096cb23a48a946f8c11854993a4d99441dded1ccf5372ae42341b405b6
169d9ba09933595500958d1f6a7999313f91bbf71a1e7e71fcb3fcd5f419bbc2	ok	d381c5a0c4399cb7c90895200eaacf97fe10ffa89a96c05b705269654ee94869
16a0cb06761c23b0eb8e4de96e351c2811f938fa1e3d992c5dba6252575d72d0	ok	32616a165137618b4319509e47989a340fea44c5b73300276b1c21324d48c345
16a7c03aefbf6b21f95f675c51e0f39cc2b61c8598b197b23e52e9b2707db13b	ok	70c217c65216727a31654c3268b9b9cd83098d9ea96b4b54c50a8e8209e09647
16b3883dd9d7f2c3b4eb04e23223109dd86ccd69ae0f3876ca2ded5f94387866	ok	460d594255b479dab691edf1ff9c73f7c8c74d759887e1ef5f3798b411efec0f
16b4e7984280cc32b3470c28ac21e3932d4755c4897ae6957b2e1037c5c25606	ok	52eba3c9289e9beb787249f6a6760066e9678a2d2b7b0f986e4fd8935e05b928
16bb2f66c2481d2982d14761644ac6e460c7a8b32c77b8fd3903d4cbfa5a7ece	ok	4917abd6f9eb409b46d72b27adb50ed983a346ba4a2a661f28ff8210604c3d03
16eb7b2acea6b3c9c7450fea777865c60aecdc0807e1a48c31db465bc28e546e	ok	134a7922ee8cf2b8ef3c448e52db6e3ccea034a4b1a6b7481885aad7099b58b8
170245f706633bf4720e52bba372df5908083a08fa5e1111f73ec126c6f2d420	ok	eed700232d3cf798ff4d51270e35611927715070bc82282a3cddb072b44e0539
1704c05d2c88805d7d56bbd87f8182795509f71df6490ce2878718f6d6be32a7	ok	91ebdb1f9e4b69ab480976c1ecbd02cba84bf687334e6b29e36f55c079b680bd
1718f0ae7af0f18eee22b5702fd3bf36736a195c5113c82df42eb7b9b4f0237f	parse_error	-
171bc0928e8898cb8d7f30dae8f28045f555655e1e5ef4b0439dd1a6b5d287c6	ok	a79a8c585bd611fa56f7a9979b48d188d37f4ce510dc3b392b44e9e045bf33a6
172e70dfca66d6f0661b822b9a849bf55d5b3e4210a987fdfb9cbacd4efeb19b	ok	1401e19d5b35df5bbc13c5aeb37b6a6f506ffb085cb745f787519bc65a2f5e39
1733b57d2593e3979daf810d5cece3063bb2ebcd1054035e9aea48cf9196a40d	parse_error	-
173c95485cffe9869f69ef517dabcb3fd5aaeb415eafaebda9309f320021a09d	ok	45cc5c5f1a0636768d418c2c20887ad8cc787923fcce7516677d84bd7864a764
179090db58b69d9eb83e00863cd1e99c1c5267859329217ef0cfdf57fd9b06c2	ok	1e6abd44aa002d8a6a658debdecdbfe1fb87fd7ff77b68b548698b83ab864768
179359a689ec0dd53d809af2d11f1a34420f0338845d6a6fb54f4380d3105653	ok	c7f0b731da5be8bc392f69d312ee85a28aac10e4cca3e1984411de222ad94d6c
17ad0d0cb8573c7c7fde29131f7108364abb916c3a7236a6ebf236b798ed0be4	ok	5ea8c85f4db6a5e771224cc1775253acf82ab9ea95d270d0b6ff9b59245449fd
17e5d3a65ac58d2f0938235b29d75dbe150daaccaddebd2b6b7140a16b9dda87	ok	fe75a441395017b47178502a367b5f23dbea0e813231062f91f69e41735fd489
17e626a731a13b72076dd6395460c70da4c876cb0d8c2367e056fef88419fe00	ok	7d0d460d15856a02ddf277b0cf52bbec13d7e0fd4466a1fa9922443b6ba79e8a
180173fc25c465e5c58b8bd438d7b63c6b70d67525ad055ffeb677ead840fcbb	ok	d24a527f2af1484755951453b9bae8d94404d9685f829ee4c83b1401dc1403f5
180d3b87bc6ff0bad4df70711b0504670a450a5e0140928810467b83bb7fa863	ok	e5f713cad03e96e171cd66708114f8a10d7ac445ca9c24fbc579706571a8d05c
1821999e5b19973f110622e3dc68dc5e007753604b633a6205c19cbd28000b97	ok	98effaf12ce962e093ec7640b6c5b8f8471b8926350a8e3e6c0436ccb09e3ffc
18354391eb4c238bc5a347f4f019dbc6302663599dd40a26a1b0029775c96fc2	ok	2753d29e40b0e20b386ffa8ea8f333c12c524148238317b8c0e3cbdbd035169f
1849daaf982512e496740b990c46d523152c24d6a3a316861feaff3741b214e7	parse_error	-
184a49788ff82968a4f9bcc53daec5befc15c9f233ffb40a28762d0e4820a234	ok	d5cef7763d00c825057e6e814b4020421b4d54933182d9e545458003e5c7a21e
184d9365fea606e341af7ee139161cc64ce43466941bdbbe0e8a0f4607526e51	ok	8d7c3f71c9618cf48f298f1f84daa02dd5f96a297bc816983a096db9363db9c7
185718c1b36bf28c7bf31643d97a3569727f54e77722ce96e5da3b905bdf5033	ok	3b3bd331269180b492474b8af9b1f95afa8d814ea4c2f78448e1e0e468d793e7
1857209463b118664fb106758ec7a9139e8154c2649603ad2df6dbc6efe3546d	ok	b5533e895a228a54373a37fad262fbc0846a8ea5e911fbb693f6a2c952f3dd89
1865b1947982ce135b2414c785addd3326b18ab162aad82c7bc008dd2d69e597	ok	6fa74974cf67a76fb62cec640e1e22dab941b850b9c87bad2f149c86e51042dc
186b33a7a3241ac1691bf1d77e35bd03a532b2abc93116a9d8cd0117bc85928b	ok	66c82eb5a6651c58cadd73ba9a6b1fd5e5a3459562b43ed39ae0e81dde3ecf2f
1885e0792a1c72a0f403e65989e3eb27542bd1d5533a2461f7cc85a1520c405f	ok	c26cec736f82d5d6e0dd83dcceef084ef46490ff44548405976e628759a8df9b
188db21c50e19721f138a820c9b70d395c6833cf5e1de93b58925740c6a219cb	ok	04af70de62ec379c8a570d9055e7b61d6ed5f256d9974bd944722eee4eee4b09
188e04cde4c1787a71653397ce9ac4f45430aa6f8a02d110b6bd3ed9c3e2a1d9	ok	31027a4203e6e61977c88db54afb6f022df5fe2d20f060d55252c82ec6975d38
18b2df4742413ec20221ad908383028ad48fb7ecf2e9cf90d1774105aa9c515e	ok	6b35937987204f8cd20168905072f2cc24a282e52639d60183797f2bb953c88b
18b51e6d6f31eff83f8d8b0d3a1179e45e38b3af2614bdbaef1fe8107f363dc9	ok	7cf50c02e99c7ddf2aeb53f95e4c1c038afaf46d8e7e64ba11479383196694af
18c590463ea89662aed8b7e824fe8ee083741c5e9b2b5a4076d4ea2d14452570	ok	c90d3f668e5272c563657bcc9737e8d17ee769ea1b0533e4c7c05c98c6a7e969
18d73627d122a2c51b4400e76097d4ecc944031946fb8467892fd9377c649c20	ok	c21dc1cd1ec5c21bced9075f8600ccc3e3c495fb953edc1ffcb25f463b41d3cc
18e17b5f46354ea4056ee7ea44b5a2692832423f7ba9d2cc4d1035e1f4381ee3	ok	5f4aa2bde8e421d7ae56c4b836432aca5a0428d4e778374baac38ffbcbaad9bc
18f005d6a53f638655249986f3c82c6f414972e83c1d4b1a7cd46b56eed70506	parse_error	-
191a9b076ceb14da6b9aa5cde78ffd3d6c58000b9e00dba7e701d3ca407613ee	ok	1e984d096cb23a48a946f8c11854993a4d99441dded1ccf5372ae42341b405b6
193c8b063fc755a30b2181d851647fd78769f13f7c5a9b3438cf4f3bab99a724	ok	138ade6a459c8a5e874e9fd21f3ff7d0c05f19362facc944048a6c397a0a3423
1957e929a9e22998302322d1e2dadb14bcb5536e3ff6b3915d9f3191b61b992c	parse_error	-
1969ad8b1ecf79fdb8653b352d001e56340bdcf2a03d4fa9910051eee44be692	ok	46f6c1589a6cd34eb225b96c79683f7bc1fea11842f198d52f0bfae00cacf9e9
1969ed2339816ced49bf35c83915b10940f5219f01f3a08d6841f174928993bd	ok	e3302df1c353d969a2d8df74719f0a0d9c8d6d3b4efca39a9887106b501aef9f
197427b2e625c88ac68a155a41246581ce0e76c68379542c5a88801011eb7601	ok	4c35f25d43fc9969378d812a58a8990404a63056d5cdc46a3455a75ea2336ac8
19a1dfc336ef5e2d3c505be8179dd1670e3392226b362519ddf399aecffc35fa	ok	e2ee6b3a5c74ccc76f6f62f86526a96dc6962f6c2911f61f38d9a9147d75702d
19b8b7d1252d21ed73eb12563d78b0499c21637f650a3d997202e9e171be4061	ok	ed8c2c783ce2eea5e2cbe692a75ff0db8f8e0532f60ae639afa1fbc7ad9d2735
19c336737e68377b44458c71df87e1d70ea93ced2202412e0b7ecdbd64cc500c	ok	aa0c4078223ca77afbef14c46244eb61a499dfc341db668922a2920aec836685
19c7b18ea7671bf0fe339a733f4896f051230d4f2e10226bdf68fc9bf399ca98	ok	27d920cc87b7b8b241d2fdb8158efa1f1a0f7dcbed07c5081c1dd1eacce2fbbc
19cf7d2661997e38edc1b48041ad68d3884cee4e3263f23eb9e3f98020439dff	ok	83f216a3a2a989012408ea661790e47a7bca3c05a8fbf4252044f0a0cff8d601
19d3ae8bb04f9f780f24b9d4ce283c20a2456a2bd4aefff6526d39d0b92467f9	ok	c6847a5d1534a10b7e5085838ef43b02d0d5250128f9618158c34f8b27926056
1a234fb505c919adb6656e587c5635b5ae247c528448756f34964f9d80fc9ebb	ok	86e8a2b016b44b820cec6379d05f2c877958e6d289f93343cd36bea8666ad060
1a253eacaaa8a67bae5a6546da7705164a5fc2d94ee0be0b62e8f4f8d212c01e	ok	ffb7f49866d9dbe196d5781ef8f7c56d1e372a6b5b3e3702fab4ffcd705afbab
1a3ca5562ebfa79cb6f7293e9598be7fe242f90f364ea614f226a594245dfcec	ok	050afc8916e3bdc605a48f2e5ff1dc27b3ca7b4953fe94190a37c6585c342fd0
1a3fb8e454b30fc476d682b17d7dfc498704001f60f7aca3185cd2dbcbdacba1	ok	f5e485f93755a2c45d473ef6c7ed538823f624b630d9f391ddb0d99fd2c69942
1aa3f7f2c651082c1e434fb562868589ab4fb553cd503cf1c5f909f1d8a19e01	ok	491aaad71d13f77fe0b0a68084a8e9667ac41a408b41036a82e99dff68fe820a
1ae4c5165b65eaae076a687f880bd6a60c9382a9baa7951573c2b0198a723a8f	parse_error	-
1b0109df08e03b1ada2ec9195c481008a2f4099b57f7ee89c1f5d61ee2352fe9	ok	1da3ebe4da922d827048b835479494a4102a6f688cb567b4294c201cbe23daae
1b86904cf90db2d201645888b5595c1d9f014d35b521606e8822e87b646cde81	ok	2ab303489b8eaed4b1d3d6d5e3f2b29752b926ab03733ad9e89eb83c57cac5e7
1b87b14ec34ff82fc719e8d2776146934eed00a807af3e5a0e847f9b1cc8a783	ok	6deafc60ed8f8aa486258f0bcdd86169dcd1a5872a272fa2e7e433cc51003bf4
1b93c09e7d50eec6b411858b0856f6c91ca08bf0afa1774bab0e8d8ddfd98f8a	ok	ec517efc896ee797848a3b40ed4fea4568467fe47c118b92225c58b1c3f91a61
1ba8dde88d27876459a0e170f025f112bc2401d08a5753478b3378cc56330696	ok	e6d2d1910001b4c3d5640743d9de902fe24f71eef55fdb3c7bb82c2ae4fed144
1bb0ada4073ec98db7b86588ddf17fcd21382a25439e8d30a4baf7fbf3f0ecde	ok	f4e268b6d3f754fa79648def479556471f47e6fd3a7e574a82c0a5fee6c688eb
1bb16af9a4cd04fefca27a17be801f2d2b3133ecce7c39190236d8b0dfab5f0f	ok	a357c72e45bac6ac9772b1faa4d75d1fc30c35c03a6280a8db550869c505cedb
1beefa9d24fbd13e7ac05486101edcb491c5d865128d4353724608d1b41421b9	ok	21f8c922b0335343c05fbdd8d221d5f66d31f6e3fd7214e851ef24717ccd5cfe
1bfd92ec0dfbcf3f5e373d6394727da758facb0cb4fd6de885fa7b89d5055132	ok	2e377e16342412677e3992d09a1b6b5f4863be6c3565294e18cec985648726c7
1c118bd12d19472c14c2687332210f5a35634c178975c998ee6691ade243eeae	ok	5431249a9aaf55ae8b97d4a341ae9b75c2e23d0b47b6d1c37ce960a8f445c2e8
1c34af2818ed12c414f0c22564e3d368eec421e5a849a861753be0b745bc232b	ok	6b35937987204f8cd20168905072f2cc24a282e52639d60183797f2bb953c88b
1c353767350f8e3e6c7b03256e8e0abcd5df3971046c79c1d9e8c35e954a3d51	ok	a6a156d49926552cd67d1515e430a06166b0c5121fbf3568896b6564c07eae15
1c44bc168e04097e896d2d12fb157742ae519d6d447a478f255428eeb3c94ae1	ok	332c1776f2092a97aba80245a1b40ed28ad720e97e44f16ab945cf8a18568007
1c52f8bdfe48b4e33aa633c8b1bc868cf15202e4164884117cc6e78a4a906974	parse_error	-
1c7f356f1e0d14074f490be1b1f0c8087f4359c3d6d1beee3f4f8c9cdd19bc8e	ok	efcd43fcb0af3fe3a5de9d53e75d7228fde3cf1ae4153fb32669a4496bbe9a43
1ca2b3b4d5dc35a64a642808071ff1daea88b421515d0cf6b9290520b5fa8ae3	ok	8ace9ca20e3322075ed1bd29c1dd64f1d5749d861a4bdefabc9d9f3ac64316f7
1cb128bb820b754726cd97f4c0aea75c741d973e5a12673411dfec6470cea4e1	ok	7e2751862f12839150e0463b269bd009478df0d60db7c4b5fa0a075135c2ce17
1ccdc19b30386b49372b61e759838a6f4db6f0665167f1988ac14ee0ce589a34	unsupported_shape	-
1cf5181ad277dfbda21d7ef679e8f6a7749cb6a6a97334d58f5289d92e3b473b	ok	cddb72d9ec3a421f4b4a89455c204902e427026db07439b9380bce5629f8b8b4
1cfce9aa847dfa6392929027a2dced2ebabef305b2358fd358c59dbcee0d6716	ok	17dfa13ff3aaaf317f8dc2222102c69e0f7fa429401d6092a0915c45f58d2d43
1d0488e95a3e9a48bab88fdedcf2673217b3c4d2fe2a76c6efc23b4c4c02d3db	ok	6d390a793d522946d1aa3942c609067e5774874d4eeaa0c3d3d25d044e511554
1d138bd8d7a885c0585aead58065d091fb984fbc11ca20e9bd9ffb1484861466	ok	a0d12002dd6cf42a4f052a1710d652670d9be7156843813198c29e9ebd9e23b5
1d190f9e3355511210e5fbab5904e40e958c83f1722ab92f4b7b538f310d0f5b	ok	ed1205a4387b71bb43ef776a72e92a45deb8f963f4137b57d4c732f26aba3814
1d2a58446aca234029d497245b7ef2ca9ff51cb7880a6aa6dcebbf47e256d839	ok	8b73df5d4b04ed18abba14c43d51575c1b12572ae54b164dd183f4d48ae7ef9a
1d3fc81f80291f81cb22fadc45ea889c46638d78451e4857c521a8da86fb5cef	parse_error	-
1d7a7235c789e4c9afedd95af384fead957417909c1a986824b73bbbf2687321	parse_error	-
1d8c3033fa5730fac328bafb26be0eb3f70f8bebe654472a595237e82a5f619f	ok	59bbac7d8888a58ac6e069907de647be1969d80f63ab239e3d32eabe8ac3dc81
1dab1379e64e66060751bbd607f28b2d5ec7af04dee39955a191edfa76c8c42f	ok	aa181d81a147689a6a0fbba801619f1d6ed9ef73d0fd884a71546906a3d3dc34
1de1a919bd1fcc2503af16edbf0118ce2d5a48dab7d9e001365fe81b74d0832c	parse_error	-
1de8d8f3bd0c88f9abb48a1e6a1afd85b6e23b4c67af409ad6c3beb8fedda286	parse_error	-
1e0af3b5ba122543341da5c8f1cc479f03c2d431dbcc68984e1804c74b0cd4e9	ok	b9841974444a6595a532e04b6094ab13dc429da0bc5872acbed3c3ef2e8e3c87
1e2b09340cd1272ee83a6618dc501c2e35d81853380166f24ca117c38ea88c42	ok	c6e872000f2fc609ed33e753c4c37babcf29b622fb0a79dc0aba637efe4a454f
1e64f6f55cae2c505eefbdf8a75333b1d9a1368c9b0d4caf548b48e837deba8c	ok	246aedd00252265a1aec1b1c5924fc23a829a4682c2eb666ef1b94f8827d62c7
1e69285080a6f54a454ae2b41ef6b6b8e4b5b7de7f2d6600dbee0114007237c6	ok	6afbd27015b489735b88ac70fefd0c07aff570a5abfcaca8f9ecf13000c0abed
1e72ffda80bea1511eef707bfe7a16714dd39de42efcf241f7e7e19a6429d92e	ok	abb73c0358fbc504eca835cec507f2d97fab9757d1fb6f4f8d2e23e304733e7f
1e847d0b3e249ece76bc0d777ecee16df67095af580dd1b5e88ac95461b755b1	ok	ca4168f32be4c7b76f8364d1ac3715ded934787ab9809a5b8dd1e85c3e52205e
1eb528e64b13ef397554e3ec6fc7543dcfccfb1b507086845c17c997e85d49b7	ok	dcec9446c901687ddac52d5887e8bed6566df5d6156465e5346440fcc5b7976a
1ed390d184c3598943c7dc042c695c636fc010235e51b92596dbd4dcf04ead83	parse_error	-
1ee1b034366c8094f8bc22d535c42b90b86fcb5c21f61fc6b532b5a0d35e7e99	ok	8dc2aa493fce2be3cf9b66d8347997da379d949f3ab56f124527c78cca73f5fd
1ee369a28c3be5d6d4ba2d4cd1662b7412dc2d5043d1ab933ed2fe572b3981b1	ok	a5cbe4eeb00f178871f0f5569ab2cac2577167aeb552f705d529808895710426
1ef144b5192d76d224d0f128ef8df1c6756029dc58664bfe946f4cecca06310a	ok	efb6eabd5636ec45da8a42de9e43284359a73197dc0ac985cf0ececf40d329b0
1f004290bd1b9d17a5eaf7a730b2b11f0128da70b02fd87225c4dfc5207892b5	ok	cc2504e630b7193e3c1154c5573a47ee0ca5540351f02e191f96fbf5ccecddf6
1f21e7cda110df927804a91479e19fa4efce4e984b2708188379a5ffb19d8d88	ok	e0265218ee506e94ebf8236fcd8e4bc742c6ece95b984a7a047ea170ffea0565
1f4178ff7a43ae08bd802cef91cd97880772518c08e8ffb295f27c3318b3add5	ok	2124ee5b63358f588e17b5e98de9955453e388837c4a715ab19dc02ebc00c510
1f528adfee75da16847ba7553339da81341cd38c0ea40aff40c7a36b9e7eed06	ok	450eae935679bddf61a77bb576b8ad489eda86e7b94e4f537c6f4151ffbd4b78
1f603c320f67196eb7184f6b70d05cc0ea9ea0f49e1fbc75e641b65fe2375cd3	ok	b90ae3f325be017a2c00cc64bb73701faffb52214ac687a62dfe6a8fb630deb7
1f74513a74e65b0fc9f7bf37393f2f465bfc1bf6813fd00ff7dc5a7921b9b7eb	ok	e2ee6b3a5c74ccc76f6f62f86526a96dc6962f6c2911f61f38d9a9147d75702d
1fc70e4ce50663899f94078fb26ca8fd8ca2bd8b136a96891bac46cb45eca0fe	ok	3802dae80354b5ecb61b0285d3a15719f99ce5b389eb2e7053849866d22b0e66
1fe27fd78b422c257b7b5ee90b81e97270696478a3c5fc18402601008d5578e9	ok	268c95bbed2ca0e2992d8ca54606b220bedbb93046ff035d78b4ba13beaa80a6
1fedacdf42f1d95378ce42f974f8b74a01d7070ab45bbb8a474bd50367678f21	ok	c536fcc7076c3f487e4c09e245f05b6fbbc663687b2dd5fec48d1213d5cca3c9
1ff7f6ed7f36a35ae1388359cbbe32beeacc7073d41acb998086fc70031bd3af	ok	d15bfd1d0b832602a318b2b7bf328ae564b5f229286d370a06ff0deb5d16a969
2000c264dd37128f4dc763ea55b16d52cda5486619bc31e0f77bb009f0586187	ok	6610175b649b19727d07dee5f4fb17f1d549aadd2c5515fab0c6426443d72d38
20192220b720bc013b016cdc5f6992bf407924bcaebb6688fe461ae425f91844	ok	af843ddb7f6b0d28429f4bfd48e006d0ae862f26356722216c2f1a564a0b58ae
20285fb92d937535cfeb0221a1d5d3e33b63d20822597fa8d2ca73bc33744c10	ok	325d18513765f17e155a1c2af2192499ede84fe80ef30458c25a927c82075e8b
203e34d7026685d1b026c65e13636bc0bcce28b1167728b3a220909f963cc0c6	ok	acc0303b8bf9696a469afd4bc56320a601427d524f76aa9dc59fc62f9407a1fd
204f7ae49d0b3aed83b078ad84d57c6263860111513579d5f3b47ba0bdce3637	ok	1303f095d83d0e6a88d68461a664f0021397a8971b58eeeb81531d02b38e48a7
205c7e2c331e6a0b12efe1fdc4a86f6585622cc6962d27aaafbb3bf8e4252d3e	parse_error	-
205f8aee3efe1f38fe48d841819ce5e22912e384448f62b9cfec20db9176c8f6	parse_error	-
2064a2888aef1f4ebaa2381c8834240f51dddb6028293a397d69c7d49401d645	ok	a2192dd10b41ec5b715c786e9e12811d490d0ad99d5661f581989bfafc892fd1
2070f68551ab8111654c8a4fb10365afc51326a7c9f61b9da1618f6a83e11416	ok	9d9083cff67478a0681434f4baaca3d3de7b65ee7f790d5b2b0d5a52f94f8275
207d7fe09cc827a6e3824b34c5d668bb22febbf1af514eb9c38ea9a9e9bd6c3b	ok	d58ccbc445eefb9099874cdb667a5a98a825a3a423752ac48578c4ede2ee4863
20893c6c92bdd9990a8e7605056aeafa86940a170c70c267365d6602bf2a81a0	ok	e84c10d791238ffe78b161ee116f73a6dbe0c49063b4bc281bbc7efada34202b
20aee29e8c182ed8e03a0fb9cbcf7ffa6fc09b82f520582b4a21232b411ef707	ok	9a153f7b6aef5229b4a31d2d901607ccf64c6813ace3741cf575cddc2e077c2a
20ba6e3188a8e663a33c4fe4d544d46bda6695217cf6430ed4fba641c10bb142	ok	1c2bccde84becb01a3fa3f6f2d4c49b1dcf95a0cbb5f080f56c637290dc11e16
20cf854ae8cdb0b957b7bd9f31dc7468052300a86fe430604359e2801c14f8a4	ok	a0a67d44d358524c6e84453eb306a070b10c3da4512ba763c3742aa5f2a0c033
2106afa4ace73ae36818a2a0df58fab29dd3efe35bc9b400a7c52d553c56c4b1	ok	e741ce2a5e2f23e8550ccef042389e623e089a34226c4e6d906cbe6fd9a5c38f
212adc091193e25b2cf5e01e206ec5f0477ca28805f33bf91e3f79e6f9703010	ok	0f52d5aaf53298f5627796e1efe6a820a8391650e46648b3d250b631b0348cdb
213a1807f0959aa86f5db6f1918944e018e056c043d5d45182e0a8ef290c6e2c	parse_error	-
21411d34a5f6a4c26f3c51d1172b1697a2b689b436702b8e32ea89a7313f8152	ok	bcf3b3f8be3832328bb3d0e0766203f2e64cf3766aed684b48375a4fc8e24325
215ea3f7b301f0e9a0269ccfa85fa6dbdc5730bc8852fea04e2fbca76c568411	ok	cda2f5c0c0f88dfaa6e1cb9a4084d758ba86527edf8c508028cfaddf9a51b8de
216f0651762a4d04bda4b956bf77b772423bc01f8e5fda7b48925ae481e0b789	ok	d907c9a2f8990e50fc0c3495072b6311af92a83229b86fd99006bc81557e64c6
216f4ec7c38f8169bd971779f12c44eeb0e69c7f988e8327b34fced36b38ee69	ok	98d0c2e5fbfaea6aab04b92da98268efa26faea2f1c943a4411fe946ac22e358
21791ba25a9c1a005f701704b6bdb52b29612fe098d361a638e00423c6055359	ok	b7fc60ffc906fba544e598d1ff1959cac5a8e64c2be5d95b5fcba362225c02c6
217ffcfbf890b3c3832740701b0dc1d7005f439e3603dfc47032c03ea9a0a295	ok	c536fcc7076c3f487e4c09e245f05b6fbbc663687b2dd5fec48d1213d5cca3c9
2195fbd45de4bccd66cad2b8426f4bbcf6893caffffbeaa51c5e5963efaaa93e	ok	45f794431ac509a6dc5dea7a9d9009815adeff64a96a4b2ad9e936cb1eb44f9b
21aa4cde04a55346aa095b4387d70636c10f1abe1bcf80653c3ac7351b8354bd	ok	cddb72d9ec3a421f4b4a89455c204902e427026db07439b9380bce5629f8b8b4
21ae6656e725fc0ea07e33791f74acd89aac5fb2b09ae16e6fd9bbf6f5ccf569	parse_error	-
21cf2a40590bd6e4eeec1af2d642ca61c18a6b84fc94e41deb0dec46689e169c	ok	d6cb732636a4d29aded8742304cb08e31675688eea51876a0bb6858605b34a87
21e26086730acc7903bd9f448b282cc57840f0346f36892b137ac849611d54ff	ok	1534aef6681aecdd668088aa3b1d2273c83cb0741878257c3398b4942a096336
21f4ad33ac3d8897645f896ce42e8d4711d08025c253a789307044fc9aec9e7f	ok	923c4d5acbe62c7c75a354390a6a1f80b6272d50aba79868f450e7b352166698
21f8c3f9aca1b64877ceab3a3d1d2fce7ed96ea7ad9e63686f0fa638f3354e2a	ok	e55814300d172c479522c8a17a26d28916e7bb049b5e20f496aefc2d9f76520a
21ff37db671cfb7fa8ccf64cbf065b844c185620a30f738a78c0e2f0593bf761	ok	e7f470da217ad020c4be82edce1d5bd664d0bd1310b0c77336c549881dad187c
2210f8500214750a01f737156313c91896fd0908e345e30b2c882770f2ca67ab	ok	17dfa13ff3aaaf317f8dc2222102c69e0f7fa429401d6092a0915c45f58d2d43
221917434283da62a54b002ef2de5e8bc835df3ede6118261cafd87dfa911b83	ok	061afc302b16894b657b3eaf36fe33ed8b11eb571a03f0f206d722262b2aa9be
2227681623da92c968d5307a4d2d243c6a48c79828a44191d420e4c6b267d7b5	ok	969b0715c98b128f5aa4d07a80c4be1d9b51dceef92da4a8f034075ffe6c5c14
2246cd791dd42d15f4691e6a30d0db36a11e18dd44a658eb503667019daffff8	ok	37640ea0b71f5f09a9e6b8ee424a883b3cf9cf7dacc242ea9af87f6890c29f4f
2248179b1f825430b8b9579089ec4aee2577fedafa80b65eefe494642dd5b50d	ok	e29759cb83b06f454da06b9e28404f8555e7f8dda0cbb995e471a21e22e80388
22627f06ae63ffb3e0bfae02720c0e9589ea638e43a7c8c47b11190759e8b535	ok	9bfdc38486d957e761ab3c078b9dc46484629fdb545ff5f6af2d5ce8ad7c98de
22734e8e27628c66dadba3a0c2f863622a849e7a82e14f281c0e28d03e5e89f8	ok	a0a67d44d358524c6e84453eb306a070b10c3da4512ba763c3742aa5f2a0c033
2282b94e108f7675d32d619a67cf6eae560d5138550df7f122cdd99550da4d19	ok	f1d6482536c21d187d5a07c0d7439592d9ab1f50d3598f81ecca8ac4c69cc91b
229244119f6162684e5ce70cead7c5964a68df890de6f41aa61e5ad4a8fb0d5b	ok	4d38b34bf15e29d9c8d4a288a0cea5e980d31df255e31867968e3e866a0c2a49
22a1442ddb44ee66cfce1be0f70ec43a2357b1283014d40d1c5d74ccb5d5b1a1	ok	e9b6c4ee2152443f1c91d8040db01e23362239b32e368747489ba9b3b7fc1a62
22a22247afb975cbb1e0db3b785b9456bcd60462dc7353edde569e3047e5dc8a	ok	1f32c51cb55e3510fdf445eceff49f5fa08f38aae36fefea737ccd452f94a4b1
22bb5ff91fce25fc33daf473de34f69590c915e4a9eb044e67f725ab70992595	ok	5872b68007437377c3276c5143076be3c5ef4be9437a7554d22c00ae031eb65f
22be9704919437d3a58e9b85e19e005c2b2212e0b06ddebcf99cc377f031ffd3	ok	f791ad0870fc64d6299f9d4f7ee9091b2719fe665b9bb480c9aae58d2bb89629
22c656d66f7150096bad0b48b217f4e3cf44b0d5b7d04620ffdabf8289e6c028	ok	8cdacb112c3a12361804813d1e39312552cf33a1d060e7346011b5290febd949
22d19b6d4f0c087af79cfc240fc52ada092012d396b5771e646e53116cfa955b	ok	d668127445284b0496afb7b900912c04e41b6342d59f0eeed313a608c06f85f3
22d381e35fa09584f8f23de3f9e5910e9f401c48f42f0973cd5a676ec6e2808c	ok	250e09da9c293ed26aa080d5bd80de399cf932893b4476033feb6c77791109f8
22d411e50cf41523833ef0101925ef1bd073b52d4edc26577e6c97fadb92ba5d	ok	f791ad0870fc64d6299f9d4f7ee9091b2719fe665b9bb480c9aae58d2bb89629
22de38f634e1050ce731b1dc51a0df281f2d23be28a8d18df4444f62b8410d9e	ok	ff9c3797b1b8bd5a47ef6010179e9bce03b21eb50906d9455d708a9b3ef5de3b
22fae0e19c6d3b260dacfdedd2e658660fb7ce10ae5849d7b285ab60ba031aad	ok	fa3245383eb5f1684509c4adc8bb57ac904727ffd503250795476590d99623e6
22fc5ea2c836eb554940b3451338c0444dd90a269a72884e1b77a96cf8d62a1a	ok	ebabb7a3e9bc2707aa611a12207bae6761b469323d53e809c2aae1310a54290f
2343d79d2cf05423dcf702f8979c49b3a61b7fd370e24088f86347fd09223882	ok	ed72b6e842a122f6768ae56b4926bf6ee13e7e03abe6e47034151d3ea1f73172
237847c9ab251a997482be8da8ba95589df37bd8247ec2b468c6e891012f89bf	ok	fc2722f7684bd6636af183997308cf9ea09baf7c38f5e807b987827d29d0f105
23af9b67e814b0883698d969268361cd81b48dd07f4bcef3c947bbdade14aabb	ok	d9887e73b42144731b0614be9c74abac9d6792f8da4f39e06a7ef66bdf21b507
23c51ebd0fa5e8c36b9509cbeca5500f5d29475c957b7347fc6d1e00daae734d	ok	b6ddd992cd0d5e56a089bf2eeaf3e004e1dd5a5029e81362b094aab296f4f626
23d418b38ee0eb91cb41c844153411d194fa437e5ca7d68bb6b7002630b06f36	ok	f5dd9c173c53bcd60a43409501dc93f75417f97a273cd47aba84ff1d53969526
23efef7e27a9b9405d46dbda1c18d9bb23c9295aef3184b7db639744c4e9d71c	ok	6153ba082453b96069a64824e674e083d7fda3e5779f86403a49cf62906390e5
23fe46136c5f69f7de36a39781361687016790295902422a9c26b17d757dd20c	ok	e83b18f100b3c83997b80ea0d97249bc373f3626245199989ae937f30186eba7
2434a70f27fd0072170f55c626872fbc5c5ce2f70516b799b127f971241e6914	ok	6bb92e7afb5f73bae7daa11cd0a623573fae080e7a3e5670cb839bf6862523fd
244ceab2dfaaab3c13f6b6dc67f394d284458adc1b56a037f9e26eed9a6f08de	ok	df62f7ba1d5cebcdb4b4b48fa71881f769136849aa972911d6ffd4ee38d7605b
2450f507987970dde34702528e2fdf54b78157c17d62ac879b663089943e7e65	ok	b8946423a879d4deb0abb2b62f30d4fe8cf8dd41a79820408e0c2cb917c5f64c
246e49cad6d36087a39bcfc3fae0bf8f6f5d43c5cbbcf68b446012e3a21eb249	ok	84324037a8e2b65e675b4f06ce8a369604e94709926c83e49e4274d79a689865
247b1430d9929686a21ffca67a12f4fb080407b9bebdd865842577c826885291	ok	f3a4f1eb7d54333ab504dae7b15b239f6c63a274b861929ba7e142069d5f5b91
247c9d9d3fb1fc246d686605deb21e8d73298db220819a844ec995cf90bbda18	ok	9519c88fbc5623d75386543199f26015b4f8217290a7f692b6d308df6b132156
24814b62b49cb79d93e4b03b400e33ad80e9ffa7c3be8e56170d07a786f5573b	ok	8e1fbf7b2fa245eb050d2c74578b704cbd7bfaad27b977dad38ba27c394aaaa8
2488a64a266cb66a49e835af2d39e1f49073f2935d1d03da566d50ce10691e34	parse_error	-
24abe16cfe492c1f544765db12259494f1cb37f33c7799aaf635bf95f78a640a	ok	6501307e857dc9017db82355afcf475e32eb583e04541427dacd23506129d5cb
24ad978553fd460b72802a661b5b7cb34f9b10fce5deb56edab035ac2b5887e4	ok	d45391b7d1c57e09b2f857c5e15da0170f9e657d3505ba2c174f81434ca1ebea
24b4d92cb5c1c1d57302fb5cb787c16d9636705a8f4d9408c0882e191fc4111e	ok	4c35f25d43fc9969378d812a58a8990404a63056d5cdc46a3455a75ea2336ac8
24d4f739104877767b23acc170a590e759341e0bb413431b16d49d7f8c81d1ef	ok	6ec5899105018c9f113436aade8cff631f1cb3bf92911a8c9f6cea96da004e8f
24eea249f68b3e669b5d5b6ed69a55a362cba85401aa772e5f51fac8c24b8b49	ok	9552d4741b65fbc3e21967c3cdb735153402378e5bccfd34caf196f1ad2a6278
2511e0c4d25eff89c3439e71a52fbf8a180335c15a74540150896367a2c740c5	ok	6acc5760a80f17071d8fb19550d2648d266eb5e7be6fc51f88b4c39c620b2a58
2516ec528e4865e10b80deffc299bf396e3a2e19052e30e128a66be6fe278fb1	ok	577962e1f38c1fc927c43005571a0bd35dff5a3cca052a413820a50177471de5
254d270c1544356ee071e85e5e81f86c60a25cf981de5f01616ccbe21e7f4e20	ok	1e984d096cb23a48a946f8c11854993a4d99441dded1ccf5372ae42341b405b6
255833c95d2a87a824f8ac0e53884b0e77a710e79b614cc06970b30f340d97f3	ok	9a688ad082ae0a81af0bb7d79c7838ee1da64a9093bd507e203dfefdc40115d8
257d469e146dcf2b59e5051ccba746a722f64350285c0851874c9a81663ef6b0	ok	3384558216af6306de8ca76a1d7263c1a9ab132cfc9e6a4b8e598e53131a08a9
2595d012a0595a7e41b5049b2e81bd5f02dc074525e1a70073ed266e6930e652	ok	4f9bd0a7aac8d8e16a565e6796da722934a86226d173800eb8ce36669e8f7523
25e17d16b77dba7bede41766d84220d77cd3dc1c2e0c71c9a7028ac3ae427588	ok	c23e10f4939efdc2b58c7613d6d1797f15029435f905528b9b9958ab92af7c57
25ef9976b380b7966941f4bb102905eb8770a090e12e4e451696f8289e98e518	ok	fd26809d99178e5693777c93ec9bdae49ba81d20530fa9eb8606c3803bc915e0
25f17c359cf34fc77751b98a3cb97e932ff55f1bb0b7c2aa0459b447b58cf973	ok	690df56816b94ebc5754f09e4260a5d15dfd2da0e66b90aaccaa076fa102ac7b
25f1b53481095519b022f6f8c0d9fc0c6ada51a781386c01497ab60505fb9224	ok	c858ddc16195e06c5ec57a4b842d31b24167bd19675a0d6776d465d8c39703ee
2608ce9280d0ac8155a27c81c23be6a3bf63d6185e0e2b4b6dac7bd13644c727	ok	3427724fd382770953c608195bde845394f11d1ebcab08ba78668bbf61879396
261ed6031bf4b281cee3dc999895fe8900fe39aae31ce7f3145707948611e973	parse_error	-
262b8a86a0b252c9b0455df970267ced67eb68ff8cd6df4dd16d3ddf80460840	ok	a7badec99ba476d9491b85bf14e8184c6bf91d1939ff4baa28752fb35eeb0269
264909f4dde9bcbda0650c48f5cc20e657f8c791750296356d87c51ab5b2a682	ok	ca9f11bfa0875eca7afc248933e351a8da30ad2e4f4216754c5091447a628cd5
2651db682896888852b9e257ded5e87c754695d2746e146d60f6271d73e89210	ok	b3ccdacf2d51b8bb3e76628bcc364fb2dcc4beaaaaff261db9a9a0b533244a36
26a782c7f432fa55cf554bdb1610af81eaf65025000d4b54f5484f328547b98a	ok	1d8bfa69d670f9786d02424289180a46916e9e89a9fa436f4358dd51d9da193a
26c5c7ac1b02f964d62118325745c0dcd7091aeea0d2f5a1f1a91633b943a492	ok	cdff7fe5034c5db823c72f21949627ad1e9edc63b1fcbba72fc61eb069895ca0
26d586430ce25b6a0e902908af864a5245a17c3daada542dd66c0f8a7ccc5147	ok	a8463caa02410de48f47e88ea6fe87dd94c2c9c504400259391783de0d83dc37
26f42182ec9bff0fcb14e1512bf960456e00fcaa0778aac20b758074cbc09dd2	ok	394dfb7815c92be6004cac5b47fc1f9eb60486f9326a16a4374a4f15611563fd
26fd58ac4e0d58abb1930a63e35dbce7ec0be376745c22faaf202dc17fd27afe	ok	af1914a13b2b2b7df5d419059e0afd3a73d98e5806629b4c5d55378ca187de54
27024ce000b55f4b4f2e406fb207f9dbe5070d9f742ea626f2422727bd47b7c9	ok	dceaa0af174e738bd5f1ac1574f1dc8a329a0e9d949fdd886cc651d41a1c2b64
270816f7c04912ed08a2fe307ee8b51fd1ebeae1186ddcb0966ea477756a6763	ok	d6cbccddf76de82cd4496bf755e742f6b727802f607308bfa19116285fabe965
27145fb39b7f37e434b6eeb7786c77e89b1f66cda2e27be71a07171f7e49c837	ok	c83cc126ed0394d2de69cb785099695581fc8cfcf6533a8dd7a5759b7a8d21ab
271b80d83574b329b3a5727cf90415ba3df56d8136ff4b28f14cc2790f75a9ee	ok	84b624d36144f4e9622b7272831467cdcc41ae237ab871cb797250b283906a88
271b970eb41ee60b0dab036c15d0bac192ca0ce206f8207509ca21f093805e6a	ok	d5298d32d704fc14eb85eb7c356c0d1a85880c471518e44150678f778f07d38b
27339d8acce014650b025f0536efa35df32e8bda9ee5ae02251a9efd52d395f1	parse_error	-
2746d4d9941b924ec908203ff683b0439499582f02bb19a4d60e9c58f75abb9e	ok	a478a64e1e37dff06a830843e27b0069a5ddfcfbc7044d3af485afc77037fb78
274946a5afa159e31a0f3cb5a58e4fc7a35e60bf3a705f8c71332f0461e3f4b3	parse_error	-
277528bd567e5e29ee6f97e1bfdaf36e71b6cc1c980baf072c9bdc46d7e732fe	ok	68f23d925686a38491061d84a72ffe5db3d9df34cb938e11f9f90c410164f480
2787c228ce04d48905a8dc45524588a4a9bd2d83353f9fd65a12bcbd80865b9a	ok	3d81cbd54603761883a1cff7af0e4b67bb51d65a40eab07aa56bf774ecd4e0bc
27ac5c98e1e303cabb1e008dbe808be59163a04a9b43e91a31627ba9f3173dae	ok	1d8bfa69d670f9786d02424289180a46916e9e89a9fa436f4358dd51d9da193a
27d8b0cc7a80938086b135dfbbf1aa2032c6a38989601471f87959c9c784795d	ok	4a4867e99309d394536b3aa77c959f2ed6ec00b2c8f81077c63804ba86cc997f
27df9dc7882429a977e4ee0697f1c89e203c2efa56e1b2718edc18a276ae844e	ok	b2892177e181450898bab9ee74d6d469e77fa18555f0a60370cb010d0181f619
2809065b1b11c4db9d5373f3e0f057f3dc2e05fa2631b251280939195ccb1b41	ok	0b5cff2985c17e1f63cf76759f8418eb0446e5d9026b6c23a5bacdb20ed039ec
2809e8eb378e789555de04ff40e07bd28c77174004684019a170af6ac9a9de9f	ok	669a326110f5aeef7f4fa6682c991433e10e009a4059479dede40ffbf0b1311c
280d58f8ab012bc5ad4e0a1af0d5aa239f82905b68366d441b866ee1965750b4	ok	0fd25312c0f66fa73c973add5caefc989313ec39fd8de9132cddbcf60dc4149a
28142f16f99fd0776c35dedb6006a944d42d323ee388bbf9fd79c01ebb3bc535	ok	e8a073c632020985f62bbb7792e3f68a3969897be2d37f57f3131598ee02b2af
281e6a5ba8389f9414bccd3c7074563bd2a859ec3061b909674d6c0c07ba9473	ok	76fc6fe8216a3a17d22d1c8e6ed65c63d1ea99a338fb2b8f7efea520bca2f80c
282c9f62930110358483eac916ad530a84661ee8db09647666d2d727e7319065	ok	5ccc7cfaddde94b94deab512b8243aa61c8634f7e7c81d8d824c1dc6dbed399e
283b9dda677a58012ec601657b66f4d43e2a935d6eb3eddc93b5adf9f4e09d05	ok	c338f4b91e962f0339fa0e56be8bf71b40520a9efed9a90c13b4a715220edcc4
28404ea31a015885c2bff006c53eb07d044daf52d84dc6b274e67e7c3aa25d9f	ok	2738dc77f5985937b848ab0612a26c176974c9c79d6c261f0bf3ea4519e87ca5
284097ea0231079d919548d1f1a04ebd119d50bb58998a98fd30f6641bcd9ba8	ok	3a34effed3978cb5a0b4784e79fbc5e6f5e8660db58f1b833c15b07f65f9df86
2843ce394e3b88990ded506b4285a8ca3d63d1d1e3c05da0104658e5b45bd118	parse_error	-
284e7929856e1ce3617ac694301dde2e05ff40eb74dcac8f7591a9b3c33184ba	ok	c9d5868801b2cf3ef766cf8594e9cc017b485cedba935891144d5b19b8c1e23c
2862bf96a4fa573323188a6feb10d0e2c1597a847efd3c6678ccceccd5d9555a	ok	a540f374d080ff0f6df895d38fe2920e5220d63fbcd6f4a038295c83b4af8d86
287f2bb86565430d34ac14dadbb575ac9f6313fec88416a66d8dceb5e9446932	ok	1258cedbeec715e407a37bd41269f5433f0fbe62822f90e8b0e40c588c972d5d
288567373a847e1453c1c4e7b3108b6c2df6f0a903b7e35909337dc9df590198	ok	e5a9659d0b37b1c86ad95b5b5047f3d9e5a74ac00a6fea2273817c67eef3dd2a
2888233763a0fd7d18198b1bc100b655d04896fb2cc1139766765c41a6edcd70	ok	6e44756fbcf6c449a65b178c60dad3cedf849231ab7dd446a0e5b31fbc6a0323
289ccd309d146bf64e9ecc63b1a3c2741d654cbc54d480e9adc509754d18fae7	parse_error	-
28ac1345f1f365a39bf741f73b05f61a0f9a5950abf07d3c7ac3ceeef88e5893	ok	bd53834d7d5a455cdeb2e87d6884329af6745f1d32133acca84adfacfa712690
28ad07415d22f152f4ff999f2977a23b33d11f748fd8023342084fb7235ff52d	ok	70d2f00bb5bfbbfb43623fea9d2e4c96822143cc71b0e4fca75c299f02d5d1b6
28b4b874c7f0ca964383aeba0335d26ab72bff0bbeca25bbe7414b525b83a5e4	ok	51a27706e199c7a014eb4cd02ac646d0c5671b85b726585c9af19076c8d57dc5
28be5a5dccdd17f1a07d06bbda7f4a8b39d6a6bab4f48b87206bec7db58a18de	ok	3a1fbe88fc7ea81e194999a18fcba46e201ce0e7fb29d0951d94310344d5bc79
2957748f48dfc35b80a75e6abb568e5ae12c858d1d7dcd6fc9219d7312cf5f43	ok	4e0c1541426431ff8ff20eacd4832c3bccfd13b1fa069e7f6054e9c8660db0d6
29a583a02d243f0d1b3c21e701998aeadf2e4ca219116a9845ad746a917d0c93	ok	6bf8ad2cbe93c69d7518bf0af191f954740953d0ec7a8a307f37ff485a495ae6
29b0f836ef70a5db4993a30a85ab4d611e81491ed16d3847dfa65310e02aa875	ok	4caf577ae79829c2fbbbe80cd395c184eb2943a9413a1e55854aa436136c0a29
29b609c8b6141db2c9e269706a6d26858ed50930c29381ee0e8e2db13d75ef8e	ok	4e1c097da33ba948ae8631d54b1d10b7fe002ee308c7610cde8b431eaba5a8e9
29d20e0f47e6e73f520ebf7e8e61722a548ecf46e8b4ce654734b6cd110dc0b7	ok	2127a5e32efc20b8814671aeb32c1e9a68c6ca153520e9ca707930f3d0394b7b
29dc31797e003dacb985e9bf1d4308894303721774cf8850a6c28155fc625bfc	ok	1b92c43bf1070c15cfc44155565091acb569f47597c7388d0c63f93fd74a1384
29eab8419c4cc936c82ac1768d35bee8ff57f1ccc3de25da03065891f9f50b5f	ok	fe75a441395017b47178502a367b5f23dbea0e813231062f91f69e41735fd489
29fa6a6dcc312751243e5b052353a756801632fc8bd7fafc310ddebcec423628	parse_error	-
2a0aa2e9eefb80f03564be33e80c0d537cf3e4bc63701bdf00d500b770310d87	ok	51a27706e199c7a014eb4cd02ac646d0c5671b85b726585c9af19076c8d57dc5
2a155c6c7be1d94057b0b88a81688a9757d511ee566400980567fd270e46832f	ok	325d18513765f17e155a1c2af2192499ede84fe80ef30458c25a927c82075e8b
2a1ef44ca347329d9972436cb081b895e76d3929d3fdccb9a7982f12239b7e9f	ok	df537f7198bc29782f0eac83d4f88c7dbd36ebc1b2c6553204f14215a0dff04e
2a2bc1756d26a6e840363483525b18b84122f09d14d18fd45ff8c6df1f7df584	ok	b4177f7534aebcd71c54022a48fe0f9eaaffc48e6e002bba0287023941a85cb9
2a4c94e122fad64d7c1e0a4a2a7adf2a81b1c6adaa196111db188d99d57f639a	ok	b3b0a670e339342cb46675ab91dd66019aaaae4dfb6562420fac4c3e6fe198df
2a558da329812514d4bf131cedc2ba3b9f437c29ef1fbe5e9c545bc5e79f9aae	ok	02388bf69125ca43c11f126be5f642a14af56cfb20b5f8a48814310d990dbac0
2a76dfaf2bdce22a9715d4da7c10b42eeb511e92fb771f5df2006cb98075bde8	ok	55686cd59dc84d81a5e1d128c5db02e8d0a720098361a6cca3d5c0490afc5d69
2a7a7c8c48a3dd99fa98b46740dfcbcd7ebc533c6d0d0400520b98230feb3bf8	ok	7b63b654a4b1bda8efa99d4f5006c423b05ad4055df1362ca1c16402d36099dc
2a81eb22ec36319242e2e622b6c579bf912599c52acb9dc6f27388d2108b7531	ok	6d5e7c251167a950be99e5158833a6136a6f0150604199faae930349dfa58821
2a9e401dd1047807e2673a4d5c656729433ce395105b5d45355c6ddeeb9467cb	ok	7d86b53bb02f35eb0fbfd85f82c51267c82fa543ec4ed653c3e08d203a223cfe
2aa82d9918c0f59d0f69f7324ad7455a8848b89d0c88b6a139984bf2de58e0c4	ok	74c5e20ee150cd9c23bfe126f9c6eba03b77295ff9714eb4fe3e575d4659f036
2ab549c40f9b35275d22be6b12b5077bac92a08b92bbd94cf7fb867bb5406328	ok	a2f6344b78c2eb64513e2ee232b8dcda079e2dcf7f37b0c68b9a2e2ee2d04d02
2abb1e9ce50d91fc424d748740a31a0be47eecf137da4e1adc99f5d0753e11de	ok	af92825f0a3cfe4b64b555c28f4c3dfe2170c98267939d1ee6ba25c5bf314b95
2ad36b6cd1f1645bb6518326573aa32007d1b7d3e68001f65be138e6c50faf57	ok	77e4b911d5abf0d1b010e156a7a62519fd475fda371c47a40db75939d6e4888e
2aec47fd8c390bfb146aca9e1046bd3e2fa6e5bb15b27c4480bce784c80f01a1	ok	4f0a945582aa46f5b32d9768d85a9bd1d79f80de7f4ea9d22a7e5896554d23a1
2b04818b65ed5ea192d50dd76c5fc02570515f54e249bd69591c9b5e054dfe9a	parse_error	-
2b0ddcf4392d78c5cc0c475827b4145776c6a007185e0be83b4f2dfa69bb2a21	ok	46a5e202e113ea7026c5cf16818c1c0fafb0cb3c029b397b92fbc352455062cd
2b20770fbacd38fbbbce8be7fa3c113a417b1e53bd80f20444c45e83f2283b91	parse_error	-
2b2b31eb80b59ab623d2032f1a60add1ba1fa752d6d6245d010689e70b997ef4	ok	c165ec6af87276e72073a760576ad5c0ecd463a64997829403ab069cd8a3c785
2b2c2b29a8f9f49738fc009da851e0563bdcb6f0a2ec49c84ee0781b85e9c19a	ok	3e639e6dd7eeb973a7e91b07ffddbe0c3357daea80567ff6d5741631ebfa5150
2b638b57e6435e5a87cbf0af7a8f50d53a2060de68b4d084a2f21a6f54a23119	ok	47568491626ef1a5c33c09b639449c6d4f78f421599b97435b70b1ab47c61110
2b7893b02abb90a5342de596e71a4ba72094cb7f4023c8863b34f9caed5a8614	ok	5368cf5065cae834a178dbc72ddc5cb646a041c5a9021b01c6ce83427d455acc
2b915348cd697e57a4b8d579ac809c69b11b7a0213ea66eba3f870b5684f6d69	ok	3dffa7dc5b2cf1b7a643b5024210c925f6d6146176ac7d9e89be83761a1c443a
2bac25d3e8ec611281fedec4fa7fff26c94ba47b081a42825133d9d49b821eef	ok	68ce47796a41fe82a395cc31c0a7abfee930f2cc85bdff89bac54a2d510fd113
2bb116fdf0d2bdc76cabc5e0cbc31f8ef0a6954a27e2b31ad9844f4e109e2b32	ok	d70692eb82befe1ec934ecc1b27cb836d4faf35d90c78527fab2857ce83c5133
2bb88687e5d5a8194d5efab43151908d6f1c14d1358048a0c096a22883b9131f	ok	8ff91f4bd4f4c8fb8c212a9e05cff9e4b8c3f29cf33a57fa87b937bbb59f1e23
2bb9610b213fd5c4578e155b88ac9b40acd3cf4f7cf12f53afdbd78a08064bf7	ok	a8d426857b7308becf82d69cbb37932ac7a8aa352e1ae8cc95fab220956e9f5d
2be710ef088a41103e47847ab54ec92767cb2218a8772f4fff5c4b034dbb9894	ok	bbeab2735a7e3bc9d148b7eee00ac2863d88f06530916c569f66549ba6fed9ed
2bf7d9d90932276b57dffde48c757be1ffe97fad3e07515fb1915519296bd93d	ok	1d8bfa69d670f9786d02424289180a46916e9e89a9fa436f4358dd51d9da193a
2c1288fd3a64c862817586b9e0a0c8d508b8b78d3944ba47955fe5d893238013	ok	6815bd2f41e3103f984570046191d76caf8808607927a8b769188d8b07207dad
2c31429c1096be4821c2c734fb80767fa041c3bd6677443e6c2ae817b735850b	ok	ce3c74e2a3c4c83e31f4a7aa51fce2fc67cc0a3179774c673125c7328268a936
2c327f8d59d7e617623144fbe0caece34e0d6c07f737b78427956387578a324c	ok	164023b44089d9b25f4fccdde1cbf1ee5e22927fc1c1e1302b3b86312ef6f7a5
2c35faf5cebbbba53b9b21c082d7c0430991c8811855eecfc86360a1ccf6b1a0	ok	3b15fdff464954ae706ee8bd5aa9248a369e38b2d2585c610ffe59d3d65ccbfe
2c95beb948c64641eec9e2fe32e3a6f21b06a30c7570a7e3c6dd367d84f0aaab	ok	a13b7bc45ec20699532628d50af775347e594581812dc6ffe3c3bc4d36a5bead
2cbdbe00bcb2d8112b05a78541d9f3a0f7727c0f12adde87b53fa2ea33f6705b	ok	14de3932464fd71722d63baae4c721095d231dc28ca3ebacbeae3c3f1e053fe7
2cddaa5ac50ac3fa7f8d224185ac1335c315d28d68dace188ae5cf85f2588438	ok	ba4ac7abf05373d385cba4e60965d0f38fb2373634b7bc343543381f7bfdab05
2cf089d4de252d70d8ca95a1e48469e186ba3996234fd487ff32d57ef10ae352	ok	326726a5fa9b81a92e28da2b077cdc5ca042dee9f5ad56c8dec767d790e83217
2d0f6790dd1afc8b15a9afa5407a4de6962bfe721605bcf86373ddffd68b359d	ok	6f2f25ac18e5d14c92abe3cee5a5e1362b6c631cd141c295c2230e37fc32228d
2d1e9d3895048220e154f6b854cef693474c4e1652bf6fe219b39cb7717e68ce	ok	b1a3ec82e47499e69f554e0256b6c3a9593ba4029bd4eae9a2eab4186e10b387
2d2f76580bc40c49f0cd26ac14dc021f01cee08a26de347711084fc98880d6a9	parse_error	-
2d53b8002b06a8f3fdb6d0a9f8ae9f52d190d03fbbd79f2bfdc84bf470497032	ok	1c23f73369ac6f2a76579855e4e5ad4202b2a261d99e91f5c31277d5878d808c
2d583a4c3fbdc615d697373fe828484d620def58e12d345e285bb33ef4901945	ok	6dfa4c60250bbbf1f82521d5b246d4e884797901b0645fbb981b98775a43b514
2d5f26630e233169cb23d718ee8ba08d08e2930880d55c4a3b59d5b3dcdbc3b8	ok	b08279b90875e21f4a5e47a6e87b40416afdeca6f5b4e3ec9b1361f378f644b8
2d87717cb23a09e756873ba070450ff2b1df59120324d274e9c918d19db3e72d	ok	0d4106a8116ccd2878fe257b2c42323500724faa58171a5bae231169f6f33b16
2d8ac8858f21b65768b7656fca5a19db70f77f4a715d935143ce14c8cf636edf	ok	f9dcd2b6d5d8c8e9a315bfdea4a797beeecd78aad1a947ba472a6291b9febc40
2da2fb8240bb717d4ec63b0e3e2d78ba02a038b1d4e3d75ba215e4d99d583b2e	ok	bcf3b3f8be3832328bb3d0e0766203f2e64cf3766aed684b48375a4fc8e24325
2da79d548a1f732eb3f3eea360be0ed01c60b5321d23843b34255ee74ed37300	ok	8b73df5d4b04ed18abba14c43d51575c1b12572ae54b164dd183f4d48ae7ef9a
2daa656ab2a067f03d7d48100b2b95b42e813ad30ad5552459b22b3b646ec014	ok	5664d6c12d7dd61dec59056b014a3e4fb2b1f4766e033de6f3e288c24972cb62
2dba3d46122e0e2ed0f9ebfb0f101c336a78dee060508fd8f96d390773fb96ec	ok	e5dbbb863facbef261bd2523483474a6a2cfbe1f3f8ddd9c0e42652e8fd5cd55
2df27c94d847bfd6dfa54fe27828f8e37493b21bc5ca7edcdceb0064921907c5	ok	3b404b6d5e1035d55ba39f2458c8e7dbf031e50031139c03527d6619aec6cc70
2e0423821232a9473bb90f564dbc2bcc2ee4bf51b54982072e5806686ac3b208	ok	67128fe7f4b9e094233dc1137c104c39fb417ba4ad1b5bf00dea32f69d7b3735
2e05e744c5861764183c20d3583de0d953d4c92c8cba7e7a563c6b54658b4e92	ok	bbe0eea3fae59a90680085082cbd9140ec41d5ec062451943d999f39d70589bf
2e119ae55b65f2b1f73facd2854d1f67c06c9c555f25ed7b4e9cf0efe27320bd	ok	c82f30e722e3d942d94025807899ae2ee20f3a0c90d7ffbd002911f3b54c4321
2e1ce9e4790fdf50a5b0e9e0925e9c006424f0d2c0d49f6a326825326e2386dc	ok	a8d6fcdf8b314563d011801e715057d65cff3f2ed661669963fdafb9ecf9102e
2e269c9d45975fa914a803aa33184cace542b1631ccb69f80067f427d6bbcbcc	ok	4575bc223e74ab29e710ce66c8a599d7eb957b2ce0ee3e767b919f2b8cc0dae9
2e35ae0dbadd185c4c4a57992b26b469a092efc88fdec706f7fde5789dee6bf6	ok	7b18a9c75133e9100cc3d4e02eefcea224323612585156d18c6dc23cd14a05b9
2e3e12fe6cbe17fa721fbbe64bf0c0802e3d884c16df2a7b14e5930a2fa00f2f	ok	d4060dca06e81ae7fc51930e27111e8d4388fd11f17577125974ba71ef1e3d7d
2e3ec0ca8a0bbf5c60cd0585c1cddb58a99424cc6feb93b80e36fa8600226cd4	ok	8ff91f4bd4f4c8fb8c212a9e05cff9e4b8c3f29cf33a57fa87b937bbb59f1e23
2e448a9f91127783bfc7d51c38cbda6f30596a8000a6ce556b7da1f9890b8ec1	ok	81a2ef5cd58444f3dc7fc1633fbc7fe84368a5975fb0b22e4d2fe5b5ca32b08b
2e4d15b47d9c8e5df2b059507cc4e3e93991c0f87f3b765c6f6e18c171730a26	ok	f5d83cbc652f4e90a6dd30e69e9699d84c360ead26e2dda2b78c401276bd6483
2e696a9aedeac14501dc5551d220635ab5e1a64190af67365a0f745b76713f2c	ok	2aa6fc92246ebe077175bd2a4babdcc3c3530f3bf82b7e12897b010f47e1416b
2e9d1a62bd7f05956a6c007d4c63ff9a14b95e23d115d136971bf042c148cab8	parse_error	-
2ec37e83cbdaad4a7b477290a19c7ad15272299813a6d5b9b8c22e94831d2d6f	ok	5e9aaae746cfe3886397af8eb40fd9e5b6ebcb4f4d3590ce18b36ef5f1b20738
2ec7a1489bb290122fd83c89872aee79b33048eed920099dbac730a44dcb54a6	ok	6275fca3fdb7b0606b449eb916a6c2b3355a307883e56d042df6e2c4486b75a2
2ee8039ef40133ca2ba292cb18255ec2df0883066aa94e9033e5aee9c9801710	ok	4e0c1541426431ff8ff20eacd4832c3bccfd13b1fa069e7f6054e9c8660db0d6
2f0b5c01dee0e921f780baf4f57b2158fb716a24d41a0eab056df218785dd414	ok	4f80b8d0bb72388256fccbf64eaf24fccaa36998c870d73a40e9a794aabcd86b
2f1047616d34d2259fe12ce872606a36c851d5f16491936d605b9bcd35a264c8	ok	0e9d3e48a96d6733a2ecf477f43ffc8bd5907fae2cea8e3626317caa9078bf60
2f188b63dd9f1064f2cc29c4628ff855bf3693bf6569999fd0f50d983e348d3e	ok	4eb780eea3bcaa5c3f07a85cf1a7e7823623f00a949d739a28d4fdbda285c31c
2f28da1f402a497002be1ef0c426f90a2828073d1ee4f099d4f8b17409c0cb3c	ok	b3b0a670e339342cb46675ab91dd66019aaaae4dfb6562420fac4c3e6fe198df
2f2b7fab423cc8a945449379cfa7ca237accc59a60239601b55205830f76e564	ok	3749d80f1375e8b4954c8cacce9983b99f67c79b99919882e74f2043a45ab64b
2f3f9a5f48901679d1c1117761d5ea49918d58e83398dc4b23dae859d5d9de3e	ok	4ef02857900bb4d465423d4508789fffa697b6d51374ccd80f207ec53be157cb
2f53e53aa4db71b7111928e7f7f4078c092beabda7388674d8cdcbf7e86bf5a8	ok	5a8be7d0c9ee321380b2c4cd11b3e9c0d5b708bd231b25f014dcd7f580d82915
2f65e00d07496048a29daa369273e635ec8aa9714df73fd5e10919462211b68c	ok	af210397ada8f056eda29d06dd9fc4e6b9d507d31a8a211e5c944b6b0168f9ab
2f80ad846f0aea3a2ef9ad613ad8060cdb67de965d03834387bd4674e7fe1e63	ok	d721110971a7fcdc65f005887d46b2e8a90fd12b7f1ad79cfc9249a21337b854
2f8e06ca887336a7397e1b054f0fff9887364e4061227872dc4b75fd0c3673c5	ok	430bf58cc0dc820a8f6a26c40b0899825c82585d75ab8441c5c4301042f7b2f6
2f94fd2df03819aab67fdb3dc39807ba46953a1513ceaea9f7c3d7523b72e1b6	ok	fe75a441395017b47178502a367b5f23dbea0e813231062f91f69e41735fd489
2fabdf5b04e52752ae1a35e943fb35e11f99c40f19ef2da76c822c250f645740	ok	a0480026290ecfc88bd482bd3a0e1f19c9345c5aeb4a5f5c40d3579b500239f2
2fae146391599674c4035eeea553fa5251103aa86015a4ff9aee45683b8f1f7f	ok	9d1f0532c7456b99eb7df820eab9d5785abb47c7505f880f4064f3604261e5cc
2ff230be3d05bd655a24c4b141ba167c092c6ff7ea72717db2982bef780e6482	parse_error	-
2ff77f089d34434bc009f6f33722a018c87fa389d840f0abe206753f6e3d1a50	ok	b917392364f39654e4330a5526d32df514a9718379392516a2c40c2cd544b15c
3049630149b9eafe519685bda0660261902687d80541227ba5f0883ca27924c3	ok	d381c5a0c4399cb7c90895200eaacf97fe10ffa89a96c05b705269654ee94869
3070bed3f513f1bed296bc6cc262bbb586ab0ed97eb44240c9193179a066ffab	ok	8e1fbf7b2fa245eb050d2c74578b704cbd7bfaad27b977dad38ba27c394aaaa8
3091a6e10866a2cfdc8396af017786f707150c81f3bbdc78708d2663d83af2a8	parse_error	-
309ae9931dfc59d5cb39e97703591a3a7a5444caccf5b7148ebed91a667973a2	ok	d524fb5b1b1af6d13f119a8dcd172c5a430dba3ae6eaddaed5ca44b34d5efef8
30b7f69ab0b13932b0fade6e837f06443eaf419dd6d6462d4e3f24e7bd9675e2	ok	cf3d2a25763336c3672b458d15528215d71bf5199e2b672da5b272cfe8c4f439
30c7c29c52da7a63c0e7707b8935c0fb3ba50fc26cbebb5e947d4dfb0f5f5d42	ok	f6afcace2f3ab3fe2563780c21903250d458cd420d584f925e21a71fb6d921bf
30dba09dd6217fd3aaa1888d1f8b5d1eb5a9d6806b5f2a723b88350e7f6869e8	ok	0dde603341d30ab864e85a9a9451597a00732b895aafec76a84e5a44b5021ca2
30e5429dcb8bfc7b70bc75cb731c1eb424f96fb64f4614e1e6150fb2b7c23974	ok	ce4f9dcdd4452c07e5c8699f39411a05aaef82321976d1bb7a2096efb3fbc6c9
30ea2887270d9aac7d1d3f7fceb715bce66a00fd43474ef8a9f87d61d5d75332	ok	5811fe0492302d79ff3934828eef611bf18a2c79d9ad3648eaa4b6f7c67b8e19
30f388f501d817d0b3367d1a3e66f29869182195a1f382b39366cb3d06f2fd87	ok	91bf2986141cc3f3b1e4154beb8c1b08e03e46001205f6038476fb2dc3a39809
31169c7725f6b7901f0900488df9a6bf081df05559d6d26172295ffa3f91f4a5	ok	695312a2a8c6034208d540d85ac03cc8c752127bb1698f82624097aa81245a59
311943e36b09b690eee8338f6df74dd0ec51e06ac4ec8cd05f5a03841e058a16	ok	731ce2f97dc4c5b12cf049acf4ec14bcad6658ec41d6dbb2c5d00cb3f936f209
31291078010fae95bbf91fed20c06b74b4eb9d12b72e0d6bea412bbbff23633d	ok	cecf9fc1488fbd5d4d325c3ea1fda7b438d8af9f67c8abd3fd28118648fb6083
314548d0063c37dc01f5960a10062dbe6b70552ea85aacb2d24ef5153aad97f4	ok	c1ae86b2a0de9c34118e0b05d69513f2f017561a7433c211340698dd1b26e7bf
3162c9c25b2a157b2a77116106775304018f20417272d1b5242d80e6fb59dce0	ok	da1a5fb2c9a0e200ede248e3507d05c1cfe8c2e438fa91e55836498d0c10230c
316a6655ab8db05f7a16a340237244109071815b8b364461d39ac3141bf60fc9	ok	b36d0ce108397cb6627fb307d0cd5bb435a9d77757d4fda716ddab4b2eb29bc3
3195d3dcf0d17549a1cd9a54cdeca863acee8e8d885d5dd4cf781fe40e3464ad	ok	9a77f4c67dbd917cb931c04f88dd9cfbe7cff92bb8ac39e4f26c1d84b33e527f
3199f040ecb5a27a5045cc21b3d3caa98558b419c42c73bcd60a031ec5b3fdcc	parse_error	-
319fc16ef8a0899d712f27d46eeedd20200190e89ffcac007e87cea2384568e9	ok	d6beff18258eaf0624be2d48ef13429a982812592353ea14ae16852505adb7de
31a00539ff7670929a07f844e9935ee5ae50e004b6a1c22399200a9f36468c76	ok	8a37b1f137ad31e6da003ab3c90a63f950473321f0830a775d7b9f404bb1e08c
31b5ac1df8cd341bdd881216cf22228c578d73398d0a0016f51a74afa21a0afe	ok	35093b0f465126faeff49ab2f2bb9bfd67ac4051223f128849b2e6151363f2ef
31b93300bd2339eff92a6c201dadbcaf5bb7961bf232d268c92a76a1f60c3a20	ok	32ef57a7311896be59517252f35a4f3ebc65d337adae20424e2119b8fbfcadbf
31c94300fb5af5fe52595406265158f37284543bc6aa9d1a4731ba0a650983af	ok	ebe0b759adb75eaba853a637fe630ca56ba14e616fe03f43661f2791382b34f9
31de6d5262264a6113763d3e89b436f010f7a43aa03144ef722ddaf4f66aff0c	ok	0393ec96b849752fe479d3a14789c0ee663f280c55e8347c89528e8f1281b01f
31e9bede17648e9aa3cc6651d35a85209bebc8bab8773c73c6b668c1b50a6f16	ok	8d6f43436fe08c5cdafa96430509adbe7e2523411de46a0f5d168bf77b886afc
31fd46ebf41619bc3880ccde22044b2616ac3855a6883ebf2b3d02559ab85bd6	ok	7bb709185d0715083365d2b6a5be94594f6272b7154b8ab9a355f7b646f615c7
320b47c144d9434af45da9abc52e91a32e0068e0dbc4caf3537e14094fe97986	ok	612591ce3281358bf429809a5c1bfee1fb2cb90541217dad1d80204d16ee91c0
321eac29ebe78b1772d4dd3141c9c0091e265cf4768ff0586a404bf1b18fd4e0	ok	c2e6b98fdb041fc9f7ef164541b699ee4a476b4b747f0dba8f3f18be63c249f7
324053c7ffad682f23b88a629fbc24c8b8a7ea62eb9c91aec922b74d8745b8aa	ok	96b28457883e6497bf897f3a867a873caa52bec58b899847a8369d556f92ef88
3242d812ab7d4d6dc943164b673be63bfe47789a0a7413154918e1d1bd643318	ok	2e267b9f6b919c5de9680bce33a02740f4cdb7c4c32f3c108f07251a6a828c5a
3262ab7817617a12fec4dc6d978d6d9aa3109f155c89d317edfdb351b57a88a9	ok	9e7d3ea53b754988f1920ca8bd01d2ea5cc5b2658dcfa801324f7133a470b642
327f199e6452b7c4e658eb4f862428f0cd0fc78a8f74a35d46a1c028e3bdc16f	ok	4f0a945582aa46f5b32d9768d85a9bd1d79f80de7f4ea9d22a7e5896554d23a1
32808ee13809f83612feb301e5a3240408d4999e0fa1d83bcf291375417370b5	ok	ba44ce8a414d2005c4d7d3d9d702f00e1106360e0a4bbd21802f0d6402abd3b5
3284379286a7706a4adc6239a2b2d5efa0e733d922c3eb136b8d216de2cc4efb	ok	5b2bec6aa21f41d8fa77cb7ef5a4daf76ab080147ad509ce6ad0f8a731dae4b0
32b0fa0874e0860ab35dd7ede914a1ef40bd46be88d78e2913e1bdd390836454	ok	bf0b421e923492bf933ba6e8239fbf52fbda7e5c20bcaf130e180960c14786f6
32c1e06ceffc59a5056990281dc81455ee3ef13d65db34f57837056ef29165ea	ok	ffb7f49866d9dbe196d5781ef8f7c56d1e372a6b5b3e3702fab4ffcd705afbab
32c45b81e957a9d6a098ae8aa963b1d5af4e8c9c7a08653502433772182b80e5	ok	a5b2bc764b6356611b428b8af71904672b829015b8ec5858cd3b51c1a0c7eb53
32d19c307cb45b79daa4ac90d706f9a4e92e1d93fee162e71b71135d879d6a8f	ok	d8c313f08d500f21c6b35304c45f1996e21dea49d4f1b76de715c4d74566b15b
32d314dc47f475aa6542e06560a27b95020f1709ba166ebee725e0a918cf0003	parse_error	-
3312deb5c63a853637ea2080c63156c8178744b615395c5cf1510a57e4fdc741	ok	0c44be559ed1348f23cfa6f410498b2da5dc09b9fe3760f11fe30aa91cbc36d4
331818534b519d4e110e5b432f30c465ba4fddbc5eb0fad56f37b358f8d0ebde	ok	fc63a32610260eee7e4990daf1a8397282da9d875ec2a7772f6c354d8d9ebcc1
333448e11d675a68b0003f3d576b297302884d3eaed105871e59c640bdd42006	ok	f3a4f1eb7d54333ab504dae7b15b239f6c63a274b861929ba7e142069d5f5b91
336436288e86607140bef83344ad254bec29ffb1c9396125973d161955159c2f	ok	9335c3b3ac73bf305152f300d93f520c6b4165750f65a4fec99cce4675e5242b
3369a8e97eb72f230211706d7d424c22519bd3b647518424777d743ebe5b94cb	ok	1f5b28d7127289c30ebb09464b4916e1f6244f8c89d51cdba4d5ce143833b9f5
3392f572a49ec36fc01029c2d5de6781e8fae648c90b51519d020ff9490de3f4	ok	d7afff8b13c583e804def6a0f60b0c004a4de5d4d48b2312ecd6c791c9ee925f
33a533b759c0d3b93ec09189f9290ab87ee9b8c10eb12d0989f57ac9b6b5833d	ok	bf65642139d31ec2b0c7f322512c3e867240ba79dc6cfc60ac192292bb953743
33bc2575ed4bdfc23e3a215a7c1efbe9d703faf21a31af465431821afdd48ca9	ok	553fa76bb35b92f280108028a0c0d6728153097c31fd87f4bab1d341d3bb9e32
33ce72e3752554c12eaa400474136c97c98d5c90ea0a58ffa7354ec168fd9ba7	ok	bb1db0251db7503302880a892b145e13f5117ce84b26c71fb90148226ec46735
33d14c30cda13321b205a1a63975a83518a109f7bd161b3a23b2035780613740	parse_error	-
33e1dbfff1f6980d081f31e96bf3544a85c93b181348b3c9db57d5cfb96d02bd	ok	068931c83c006b8d2b8730c0e0d031f1f58bf1f17bebd7517d8a2ea0fcf58f07
33e7f9bf77aeea0be8345b1ef506aa65c08af58c9521ca21ea54979912765a7e	ok	e2ee6b3a5c74ccc76f6f62f86526a96dc6962f6c2911f61f38d9a9147d75702d
33ff29c6994842dcd5922459b79cd6eca9a8c81dced9e7ff6297ab1a255e9270	ok	ec517efc896ee797848a3b40ed4fea4568467fe47c118b92225c58b1c3f91a61
3427223824601c90a1ef0001f4e50722ff6cbd67ab5c36f74051393c244e6afc	ok	86e8a2b016b44b820cec6379d05f2c877958e6d289f93343cd36bea8666ad060
343d8b708c9202328de8bc07c957a9ef21d1c5cc5bf67d1f4382d0558eeb62e6	ok	14ecfcaa3b5c823f0fdc21803b07dbfbc56acbeb4029ebeeea4fba54a9a83d1c
345e3ccca91ccdeba8b5e5c1acf232d0871f05445ae7ee94bf34ccf1d278e1ca	ok	e67efd7f3eff0ec51316c4de8159ba7887f3b3aa063ad8ab54ddce51d4bdc9c3
34712fa3b6d0745a184e7c2daa61b5b3f12d20a68afc454b91696f364ebab4b5	ok	0d103539001b7a008738524d5473bdbfea5164b52a2786b4cc941e2519174d4a
348892aec40674ad185c92282a625663dbe42831aa27351b0474c2319e0c1209	ok	431e909decbbf22e214ead6033d3021c27232e2e13596361e0ad69739df7d7f0
348ecb8abbf6b3a01270d48bed50e0acfc426d2ba499624cc35de58814dbe99e	ok	af4fbc635a07e016932f4863dfc531b39067ab2488576b86006ab3a6a9f62ce2
34af3435755973670a060a912fce95078083a9871e4dc57c809fba8c2ff9c4ea	ok	0f3c6fbab19c77cdfec7e152beee16ec8ef4feb4e14610c6a25370db8d2bf5df
34e8141712d875a2e456deee4d442716f56e30e74febc587e80d49d77cd07f33	ok	0dde603341d30ab864e85a9a9451597a00732b895aafec76a84e5a44b5021ca2
3512a3ac2602c7700537580a2cfe4de936796f984df59a1f3bbd0fe5f3ff0999	parse_error	-
351fdc3340fe44c0aa2ee6d5a29228304d82ba7815b341c25a894e0dbed374a6	ok	03d9464647095d3885af750b0cb6451b835ae31ab2954263fd6011ffa59455e5
3529338b807aa6d6f6c4eb7688d32799cee73091744e2a8707f84df072b8a281	ok	98effaf12ce962e093ec7640b6c5b8f8471b8926350a8e3e6c0436ccb09e3ffc
352d758bdac38fe014afdb84e31fa3a46c3e8c8afe8ce34be520ce2183afb683	ok	ca4168f32be4c7b76f8364d1ac3715ded934787ab9809a5b8dd1e85c3e52205e
356440ae75508b35caee701ee3cd22d9b61521f46174e81cbd4399850c181d40	ok	d2b699fb530c83f918f257bc2f0a6eb529a699bee7e4735c3998f2101bfadc33
3577438ecaa158e4f513ee3a874eb2eff2785e8d2bbc19282d4b841f0e9db8b2	ok	6830761157bcef91ad8f2e628ce75ca1cc7bef28993cc942b30b16b8d9d9cdeb
3583bdb1d8017d21c8d872dc01c05db31ce2d559b225980113c10da24370978b	ok	4e4a2f673eb6a9155806eaf737573fc36cb46c4fda4fd69b96267f909de2d6c5
35a58d0fff18c75a850def2483241b238415cf9b63e7687586a19ac2496ac0e9	ok	d381c5a0c4399cb7c90895200eaacf97fe10ffa89a96c05b705269654ee94869
35ab8761871d5f7a0358d7f127f5f222fb5441ac4d9c1f61e46a23fb20c83beb	ok	cc494a26a36fe43764bf42eb687562494b05a424052677f504232be7743395cb
35ac53c731218102cea7a3b98a76c4b49f314a23feaa41ff1c202668a662596e	ok	8b27a2fecd44aa47accb502c7462cbc4fabe6bb7fca004d07bf17d2b873cdc10
35b284405f340f9162d00cc5ba11fdaea8bda343516d5a99a7acefe7c44eb463	ok	b6a27de913a77b7f7facc8c79add9903d87be8f3b17fec07b4e0d4daae8bd1bb
35ba30e0debbefb8a61bc6bacccc760e7b7e945d060b28cba22e205161566e81	ok	92471193e4aa64c228e074968b6a90a861eec0f76bfe1462e808445216230ca7
35c37d59d3070d77316970cdc84deb1a37392d0cb804b6bcc6589706a7c17113	ok	2b63bea916843d526abe465fb8e8bbe4013d370f05cfdd11eb7a8f32480ea51b
35d38b4329c48aaf8504f56a172ecdc0fb1d74686bb8fd0efb52baa6f33ec631	ok	78c4ea8f78b27e69a216da841263968209943979acbc375d65c65307974d5c5d
35dc52f0b049917117db5fcbb1ff008fb1f7e59eebfee4600ac7b0e55fda18be	ok	6e24bcec61665ac0b6a41d55da0ae9e3a286e65d2c0b22bf16e48c7f806c42d5
35ed1c4658994dc1ae3e891fefac082d37211cddcb035d7ca357eed60560dff9	ok	68459e56f58a8699b84748b82477382855dea3a5f3a90d73375f1eff7cf50ec3
35ff68bb7e2670abab7e67432535deff22e8a2ee8597a912f0f90a23e32f6ece	ok	074dfd69a303c9c451a78f15d04b8f4844287466f8c8c9fda8c15b96891c1638
36067c90df272d87a6bb42a869491f30bb89ef76bab8837f6d6732c45fbd093f	ok	4c35f25d43fc9969378d812a58a8990404a63056d5cdc46a3455a75ea2336ac8
3614b4cfaf9ff6925081deab00265cca5c3a4b2c8784a4bc3187ffd79df649f3	ok	1abf3fbd16823bc68a069e80ef8be98f8ba0c500f94d0c2203cadc1a938101b3
36358c473b2481e99479ce0140f3652e809091327abc2bb15dc81785ea4ecafc	ok	9ab46c1f88d3b7d198f488ab8981ee365c161cb53dc7326d3de6812b108500f5
365ad9e0eb44beca51c2f6c56645d088319b1f32c22b9b71dac4c9f6827eacb7	ok	2e267b9f6b919c5de9680bce33a02740f4cdb7c4c32f3c108f07251a6a828c5a
36661b49c10cec80d110fb31900ca3941f4cc09a1d06f97d13dd0feb59fc7ecb	ok	9285cee305f66a7f66948bb04628479df0b362e45ca07b0d5def4d4c2add07b4
367b59019eda1567749a0d789967dd239dce275f5c75fa937769bec50d828150	ok	4b89ccb8150ed2c5dc84f0ae54ea03a749e92b7aa394a4e5de75513082b76a19
369470312e4d93be77d0d279c66c5f692572474e22c0d55aa07488f1693d4951	ok	f9a9b8f749e8c6d39b08560a9777232473b7e42a653878547431d53ccc9b6ac8
369821faa56764e931f192f9ad54b447c36a9251a411f94740fc49ca0a061d12	ok	234b731a501e056837946939129134fe2112e86769d0d749c765327f2fcf490f
36ba41b63056e8f829d90c16099a1b17b22284dd5ffcc820ccb99104f729132d	parse_error	-
36d8cd0d22e381095919f8f71323d047b9b3289b93b13eb7c6c26dc3e290cfe1	parse_error	-
36dfd121ee460e89c406c72472b3774550b1091062cf15c02176b2a50e1753e6	ok	addf60a0bb0d9bf80225064cd1d16d2422c744c37c342eb58c828773ceadec20
36ec56b432c973d947c58fdcaf277e737d67aff84702922a8260f7af3ec85c87	ok	149d0326954c4cb6614b0ef9053ef725a09554c2db6b99595b59c92f0af40091
36fba21ed32a98c49157f68bf206144c3a789a516fe5ddc31289fb7c19d27342	parse_error	-
372ead70b0193610eecacd4a0d0e8f971dabb5304fc985d8e754dfb561d2fb55	ok	b5533e895a228a54373a37fad262fbc0846a8ea5e911fbb693f6a2c952f3dd89
3737db7b50f276c37bef0e756761064edded2fc4dc06ec4707cc9273ba5523fa	ok	8e8bf2eb4b81389c2999b282828659430a073eb1f6e7c523982f13a844246c4e
374b5f1d0986e99ee82da5d723f0f5547e5dc718d28148ed6c0ee4f010ce24fa	ok	c1e2d158eb5f4d5944ac24fb7258d2979962f3c16e3a5e590798e96828fce75c
37781453a2d23f43f7ac618003c05b7b1c3c759515b61481cbb6ff8b52351a19	ok	2ab303489b8eaed4b1d3d6d5e3f2b29752b926ab03733ad9e89eb83c57cac5e7
3797c147deb66cbfc275744d6db677ed2a252031b2cdf529ffdf5dc5f1eb2b54	ok	c83cc126ed0394d2de69cb785099695581fc8cfcf6533a8dd7a5759b7a8d21ab
379a6a4b76cb8388f3507214c62b24129c2cef72d202f897a93deed9afa7f1c0	ok	fb7726d5e095eaeb8dac4f81696a49f230c135b757c3c57102ea89a80549647b
37a0ac0f8d4a210e70e391f59f2b5d410a85b839edd37d3ae3ced4da291768b6	ok	9b7813513649388db528e4a2b38cbb7eefed012ee3698afd74454ed20c7679a9
37a2ef5644e917b67595a7e9078a4e64c412835d14fd0c73479b689b2fb2e8a9	parse_error	-
37aad18e5e71e212b584081165fac07b9d3c1909d00f8083f3975d9a6688807f	ok	8cb5f72ce1d0cb9aad7152c34ba17dd610111852b8bf4ffaf0ed17421f8ccdf1
37f0b713835a33c89d5864b77919cc597685cd108f20e755ae574dcfd2dea6ca	ok	d7257a6bbd2c9b155c4b7e1bc0f65487c43fd866e918bc6de563f177026665f5
37f2fcf44190db3a50e6de8a29d3961edbccc2cd5da5ca30d65d8649d0fb4dfc	ok	0d646c6dd75f619491cf044b3984b20171505efe7733d7df1f482192b3c4f2bf
37ff19353d16fd0b95d59e5bdeb0f6a62688c25bcd558a8033dd57ce8ec93a46	ok	2217778393ca400bb5521c8527509e16dac4fd7a8e1c53afeb6a297ac13b5b92
3808273cc1b0086e88657f335d34e8d705387d5b8359ab568a0224d7e28a9595	ok	39e68c1069a38436b7dcc12c39a3be1d79debb3ed244d6503579945fdc93e2e9
3821bca9cfb03960f94e4dbef311cc07c2de36d1ed7b554b532e42de5abb88f5	ok	460d594255b479dab691edf1ff9c73f7c8c74d759887e1ef5f3798b411efec0f
382927176ac9a25142a6e8ed3d1083c645a31c5214388152503bb2522df4ccbd	ok	7476df57246e97f18f2594d9d47e5918313924e970af29b4277ea826a751f5ce
382f43e4d92d6bccf77ce6c5b035df2a7c24a56ea8208b22bace6e0907965f5d	ok	1c7b85a83c579889295bb05ca67e6910765ed29ce198a43945688661fa4d057f
38369c2dfaccb096d4afc93cd11d9f6bf447148b902e895bcafa61d946885529	ok	ce6129fdd8d1abb6dc4fd44e8b997494537fbc412ef4cc73a72dd82b22e48096
38548cf3ba5d95f8fa5b4e2611b46912e504acdc7760d18722d79ce3ef950344	parse_error	-
38694c5ad4eeea2a0761f6f5b8ef46edc0373d68e19bbd456695bc06434e889b	ok	1cc1152eda1a4be67b6d74d77be8f9de89b2436ff5b2b785dea2a2f36037bb48
387c79d272439c3044415d20fa1b5d09ea8ca051e550a5a6bc21f9e4ab024e38	parse_error	-
38a87ce170883f5a5c74f15baf111dd68d032266ab0ccf1c55e1dc2ce2cc2d9a	ok	2adb77c73b86bfdc833b0e094c1fde78affe557508a5a882033359f1513f8ea0
38b5cbafdf7abbe0a4ebaf4853afd5262269c55e0c2178ad78307fd108cea728	ok	d0e40a392b9191ce2a0374f27bbe35c05e3f0d2d8d20260ca191202606366805
38b84b4dba84e5dca2ba790afd1b3a788ab71fe55927772f9c118caee0936b35	ok	8c9e7230ad2c8c925483b3e3bf197191ae2dbf6d1bce461228150afd7250fa9f
38cd4fa01ddec99468732e61fc60b82b1a28080756ebc2e3fb5e18b66d9b38e0	ok	bcf4f01df576557ce37b9d76c3cb102a2909a90602e13341c93e383b4927b6b6
38d4f6a1f5a197f744d383e2ea309e12d4121131ceb489dcc1cb65c035ccdb00	ok	b7a6cf280bcdcc997cf36063b533e48df33e44f906cb7205fb32643f8c85aff4
38e833cb28ed732fc43d4e03f7b26e4b0a7966503e488c480688ed5b71338756	ok	9785140925e41132187f4c8a0b0c84339f0f1d0fef940a37f1fb2a3fbc410fde
38f1d6e8a5b65a9b60a0ba08c2c61a516322b7b5bcaa8479a47786eb7bcc5f74	ok	8167df87803e07b0b6d8c784900c6f41519a64f7427f1ad4ee8185e15e096eb3
38f46ba4f29c66a72f63dbf158a5ef0fdf3e8dce1ebec24871fd55877fa6d218	parse_error	-
390bc276f6565819703a410e0c6bf30bb22c8b2711cc6f8344898f8c23095615	ok	123a465997f825cc0e5ddab7f53e0665a2822fccc3ab0b61908c5ad361d2036e
3920a27d2faef6418203dd1ef5a399372949a4d12a0c2e2257303804d880d3be	ok	5431249a9aaf55ae8b97d4a341ae9b75c2e23d0b47b6d1c37ce960a8f445c2e8
39219ca17fd0633ab190a36762ec6d359f1a9ad5d601fc8945c315d446c95082	ok	fd8f355d24fef3185d9265e0dfccd378b924eb9cb117a44ecc621190bf033d6b
3928949d3a3ecdc50337a609d0e6e0f49b9a903fa5dc5de559a401fdd6e27123	ok	aa0df119c85fca9fdd07a5088212c5452563456d8c60ec2101e9e127c90c3d3a
3947f6efcc23e74b7220af69d541c501a56574813224b60a31d5de21640ffa42	ok	386f9a3d747fe38412b653b63df9e0626c8a00ac8458305056b097bafbf720ff
394af56c3c94730854f0359821440e5c358ea1f2280e142ce2b0af94b9336e61	parse_error	-
398d9f0d009af7461608114aa7df924c6e3c59d4f21b3de84666723c40c95f0c	ok	6b16f52784cb1d18df19b40e91a82e2a1a690e428825dd5f325b21c96f4b6109
398f5304671b7b760ed577ea465cf8b7c01e72d553f92c9cdd1f8a535d566cbc	ok	71a00f747a1aa6d339660cd2b7497cd97e04487d29ca58bc4be89275fdf34edc
39b2aa7168d463bdbeb3dc9ff755f4bdab52dc5dca823113777ad89251fe6253	ok	77d60985bcd7f34484c225272c11a91dcebb0ee03657908fe805758a9e108250
39c06629a603fca25acf1649a74cb6a4f0ffa58386e4321bcb5ddc5d5c404332	ok	8e2d547093c1dcfceb2d7a5d661b32702118da915ca50f2be26aac97b35a9f26
39c4700fe1505af1e100bc43c137a1165f7387c64413d4e107c4e37c46b2dd4c	ok	7caa0ad7ff7b1752e245fe2d1fc680810cb1e4d4100273f680ad0e7af3ca6c5e
39d7f4b3d529e377e854b1489dc8c4e4faa070bbc06e93d1a667114000adf67c	ok	c67f6e12d4930cf0c166985d4ac1a2f4f372b434f0a42fc1160c845bc2ffdfdd
39da1ba1bed7f417cb08931aa989ba27c76771e3ecceebcaf4ef803b53d8470b	parse_error	-
39ea1e973c874dbbf62b64c59f17edb4ca0be135985d1a9eb93c9b6d7b1f2f4a	ok	04a042fa2ccff4a0dc9256b5de45cc396c24dd8ba2dbc4aaa8b185f3fded001d
3a03343d49306dd57a8984e42a3380493e05946db2cab2943f5062e8a4e938d5	ok	c292bf8ce13f9767cfdf6f22a9eb4b5f5b553dde9c1da84d048b217fce2a7e7c
3a0ddd2de1cbb69242000d99f6ba351d289682fd96bf30d7c78f05f621d1e34e	ok	40a5d41e0f0b53e023540c88c225758d9fce3580ac1bbe81399ef937e15e3fb5
3a0f471efb51e79ab43bae546f1ab7321605923a1772449c1e911e8571f9c2e2	ok	45cc5c5f1a0636768d418c2c20887ad8cc787923fcce7516677d84bd7864a764
3a204dc427da8c577c89d0537df5fc5f9f70615c39cc57decf8f0bba526a8837	ok	7f54fd39abaac91192e4f9111c16a33f4f7fb58edf7ba4c261e98f3661e300de
3a2eddc69b535dca54e97e0e62043f99c3ebad801d9f77c211b12e3246bbdb40	parse_error	-
3a3442c78c02a6bfaab4b7588db0671a43b9dc5691db34b3b37423ec596d6b30	ok	1be30e7b58001aee43ec95757865785307163711f13d4a59aaf3fea4a2033ea7
3a53754a1522b607eebee7f75b8faa37e90a0b9bedbd67fd6417a6ce866ac011	ok	3b1b334d2d815d973d5b5fd31130926cd9da0a5f8ad7c4a0dbf0be4c77dba28e
3a55994b147294e492deda2dc020d4b990f2ebc11d01268db7a3446b372cfb0e	ok	eb821950e1fd3a6c38ad5db834b30ada953affee22f8e3bca07daa20c093f778
3a6c5c3dea1899f647de33a15889fb949daef06146cb09cb6be098aaa56ee74a	ok	285fc549ef3d9e092c9fd3cf9d72bc72de14783e67c590d24c77e62315d95023
3a7a37a4add8c54b8537106781d40ba993bb265ee2debac2e98147fdb55a4828	ok	85fc7689aa3168a9120a32d289f9e850b8024506caaca87057c950b8ca879ec8
3a964abd7dc76c1b7a336b641fa69e3820922dbeaa1ff6507460abfa71050e29	ok	f17670d0e92097c74058d26421d29c09be0c29b6dd32ba90969d445bf3bf62cf
3ab2ae421a458b7f048febb2c1ef356fd9eeb742048352f29cece6e147501d34	ok	f1e71951fc3c89181e1cd6f3829c084c6dc0e271916f333bcebe8fef66e4ba5b
3abb174253fd40853e711530be2f72560e79cd9d3a5fe7d6251719d53d3af268	parse_error	-
3adef83bc4989de2d05da5332ec415f5ad087af74e3c4c3547eb4f5e50a76fd8	unsupported_shape	-
3ae19208ccc2fcd5a3717813b807d5f0b2e5c9ddafa5061503f2fa45d647492e	ok	14d65bee0d4109a461897712bdda0e36812231f3e37c64fdc409863e62295e18
3af293471046d65a530cfb796f7b878655051b39b094c4c7201e87205725a209	ok	90e670b969356f794f770432ccc802ac5615d59e2ef2de1f75672bedb3109457
3af3bb6bbfd8c4679a19a6d79ed8e3608e09079b838742aec121885275e4c6ef	ok	fd76fb064f45364aae0b8f4c56a62abc61176ba8b1749559ba36b6e0582fd49f
3af7e3926d02c7000c281bd82446e454d6e653a725768c2bd88894a08c65848f	ok	ce6129fdd8d1abb6dc4fd44e8b997494537fbc412ef4cc73a72dd82b22e48096
3b1c2ea9d980a33c089a6e5c1a6181a684d7901122e10f204c47490263821760	ok	b917392364f39654e4330a5526d32df514a9718379392516a2c40c2cd544b15c
3b35e09606904fe36d76b9f5a2ac2fbbb7a0ea5f70f63c4cf1447a146e7018ed	ok	7a7e5aa26cd735abd3932795a8b1b4a255a8f3f506067aef980fda3f81d65dff
3b3f3ae448b3db948b92073dc2d55c98c4452e509787f294f57e4b9210f90de1	ok	3aa2d44f5755f310e18e0909a3f3d64edd0ad49e63573c95c76295737466ded6
3b461810bfaec1b837cd8189b20b1356ba78b18e446752accd4beca51cd35603	ok	f35bca2036c79f00c116d1c209eaa3636fd6979fc86a9c7185b94d49f80766d7
3b574ff3e9f3926ddffcfac83f885cff5d73711c39d349057bbdac56eafffda2	ok	fd6d1a766abc9997fc48cddc148c39614411a9ecbaa4f94f60c0e048e458b3a4
3b5e3624abb6d781027ae44c1772f264c37f5bcd7be55fbf8824ac9d9ae2b164	ok	684e56af2686b604f0bd089d2c32523bdacc5e3038f51ec071e4f671a2d9bb44
3b8555821de22d83f1122525baac893959f29feea95565507f068497943a7bbe	ok	05802852f7c22cfe9078a3c0313a20f3db39a7684e71de8230a1af94112275b0
3ba341837d24ae20bcf987f32ac3dda5fc43021563548ceda412844b2cd904c3	ok	40ec18a47171ee9a9b8faf90206057046c79f523cf851721776f025c0907f6b4
3bc7a08aa61b0fe317416c419c24625b487b9c8b59227149413fc8783959b3f5	ok	150530bd07303d460b682693e8a1a34f9c4f8154a545de05daa3b4e1f41abdc6
3bc7e8f517fe39d1c9520273f17142578a96b8dc2a20907e63bae65d3c2e748b	parse_error	-
3bd140b0b8617cb961a24f8a3d372cbc5adba0483669e34891c712baacc837a1	ok	c90d3f668e5272c563657bcc9737e8d17ee769ea1b0533e4c7c05c98c6a7e969
3bd74df11e19fbd89852002e862cec4d44ecd6bbc0ea570626ab75bb6c743e08	ok	c7b54c59715ab8de5b4a2993dcb308595e0d1a15dfc9af2b43690ca958a37fdd
3bd77a65ae993dbc27a082cafa1c0e4b648283a602c51e93e3e70ab2f1cb279d	ok	67d5adb2cdeb921b0c776206a4c697ff25d3c37e0a08ef78a614fc878c9e6a58
3be3039a7523836bc14599c193a98e92cb28b14b7c1a7c81a14a9286fd01dd8d	ok	a4a6d97c9c998dbf7dea302b804d2e8099c68b3fcd958723ae1673a5295d0ee3
3bf700af00567261bd25abac5cdc94b2bad0500854a80a2ff43e9ddd48eb2ab7	ok	a1fe08ef5bbea60b9c38b4e331aef343fe426c0580dd6e7c446afb18b69d1a4a
3c327e8de8ae3c3f9bfe5b2abc6e847b106d76759e91910aaed81909731a76a5	ok	923d0d655100f078e0fe2d6937f3866b59b77dfc511a2190cf50911b0940a252
3c5f25fe2eccbf89be1ca9a716dc7f1da41c9cabdaf349723c8cbf7f852678b9	ok	4b44969896746eff97b3a86ed53f0ddebfca47888bce1f7017da489690f5dce3
3c622d6f437b1280a0cc82a86432c0fa3ae92c91fc959f033497f97b36946653	ok	cc5e7977a2e0a7fd944ee2267396237f08ed0a63146ad90cf8fe45adcf5be180
3c6cdb6e0db43c66ca2ca5a92882aaf29d2f4bd7388e76228bf6aa0b78a91d1e	ok	6caaa19c8952e6cfdbfe331aad9b1b451ccd2fe7f011df7610e23869d0e151f0
3cac12f0160892f0ac890bc82532808ca6064154b8e4bed31977276db45cf3eb	ok	2b37175ba63e6d78536a0fd6fd309a64c443c2b6d0cdabf56cad20186547e851
3cbd5e0b8c416b797749ba851f9bcdea375b48b9dc3ff340e0fd3e815ed23645	ok	dc73341fb65949b02ee5027e7d03675151c3ca3cde873e822e8624ede7e89c3f
3cd48830faf2020656f33f61540bce976ef4d8d9c126cacb937b5a8956d34b94	ok	e1514cb18ae40f4a6548037caaafe96f9c7ba9641e6b4669c2e752f3eeb06e09
3cf1dcd9d822700d89d207a79a54674f1f5837e5bbe668e1977fd38f37c5bf36	ok	86e8a2b016b44b820cec6379d05f2c877958e6d289f93343cd36bea8666ad060
3cf65b2899a5b3004d3da67959af63e8400410a8885c745af9c8617203aab394	parse_error	-
3cff57e7fc28c71e5f297d2b827df0dc452faf2a91d898bb34912d07e32e8809	ok	e58609ac2094fc49d494f53483db3c9193f6738712c815f522018b95d59f3c94
3d04214e92f01144230a4c10db4c12c0ec38e923ef14e789bc971443f0ae952f	ok	9335c3b3ac73bf305152f300d93f520c6b4165750f65a4fec99cce4675e5242b
3d354d3b705ac60bd56d86c3c498b70c24c993ea92e40381b56ef1da7b8deeb5	ok	c09dc464ce2b1c7775b26bd4112f7267fee581c2578d55160ea6c52dea998bc3
3d4426273db00dbab1395f4fa57ce6f63236f0ec8c56db256d581a6ee4cfeb51	ok	345fce7163196e4b9caf1b9416b05177b2888dfe2519ff543d3e8fa9056e2c0f
3d49ef22e090668a593236f438c7244a15b7db7b9f8bc0faecce36787fa3199b	parse_error	-
3d4bab60ebd9ec5c03cfb3b3a3417cda261200998373e32ce6105dc15fdcf393	ok	4c98fe31263917efd0d6ca98893fd802c6336b1c509816cbdc951d5575d2f526
3d4eb91b7da37bc9539a6586e4e722f04a93ef8e916583672f15eeac605dbb87	ok	c5f3f95886140dc19f1c0f01cfb9b7db5ae975d815ff1602cb4632dfe6027c23
3d52547e216ac84e033ad2b551d16870d6abad8ec84c9b1e2fc803a93597c4f3	ok	a5d8c406f41e8e146246e6001569f4a981e429114b9024cc5f9f06c155bfb550
3d686962b02aaea7a803d31b338f192d602ecb46037acd8bc5d5c70e1d7de833	ok	d03370dd4b79ae75ebbdf805c0b4881c4775f77b6ffd5986af54e35cf14ed927
3d91af3e977b5a349001c0aa7a37a1fb25107e5b83d3ebaaf25f639eaf7a980b	ok	fbf8ad400aba9634bc3c9f9a70f02836ba9d37483eb364cc3d4ea6de4c5b2b37
3db38f9e7e1da9795a7a3321475ced0c801a2f81173bbc5bd4f69962927c97c7	parse_error	-
3dca04d2113e6736a856b8a3af02d74f73ce1d1031b73c39e80bbf7389ffca17	ok	df0769305123ec34b3a2765d8a9fe772b0ea023b67bd053d248fbf0d36e5e3b4
3dce8ca79c0b1fc5eaa484304c711b45b9a43e7d00ff2e1ab6e2eb70ca846a2f	ok	998ff0c2fcf58282174809993f30419bef4d7776fe69b9b63a7ba786e4289070
3dd23c05d9b835056364b5eb4d2c4b7acf22eed20ef2168563a414a0ecf19f41	ok	06a5dc48c4e5b09b27727259bb00488b66e85d6c97524791ab89729003c6c878
3dd797772ffddaa34cc2ddde3d43dd9ddfb044e875d46e66963c45d15324f896	ok	07d13383f37e82c25a2da7e17dc96be0722fb34578b69d4974169e6e211df997
3de92f4b0a0019ec49d7d48719872b25652c718f2be807e6c89e733eb3284e10	ok	d8cddec70d141ee22c4f76291a789d12daf526e3eb8e2df7e13b50b5a504f93c
3df3e91435af902182806aa17d8f758db264c25b3986455c420175d0c0eb8b2f	ok	646d34028000df3eeb7f09e25fd2d841653d8967bf9d8c86007e6deb6f8071e5
3e008be852ddef170442ea146b7b050cf49987c4c7f9b5b680d4a7d8b39ae79d	ok	79ef0e191794b5218aa7ce15292a6270de673ae678537fbe6cc20819201b92df
3e079a2875942f738ab5b27cbdf5b009723097033873ffe6b87dacf101bdf605	ok	af4fbc635a07e016932f4863dfc531b39067ab2488576b86006ab3a6a9f62ce2
3e0e7ca39ec3ae6665f75e209b83af01b5e571cf07445ee9b8e764a12959fb81	parse_error	-
3e0ed41c2fd5d49d79bdd7919ac264c028bf529207b7cc8d1d16930e9e4f544f	ok	ec8cfa6fce649a700409ef76ccf4e2b4d3ce3f3f48f14f64ace01369a01f363c
3e32312f734c3faab7c0973b356e3150c709ca4b11ce2310e400eedac0894ca0	ok	4e737769f11bed9cbc791bf872e129be2a7a84f1d804c772eed448623fa71574
3e37f060b899d109fdec869b8766dd955c3b791866f3e4488e879915f32102a4	ok	6bb92e7afb5f73bae7daa11cd0a623573fae080e7a3e5670cb839bf6862523fd
3e478ecde0ea8aebd2fa1da391d2ad36cad0ee4d0371b6536fb1f77de7048c7b	ok	18c421bf33d12cd96a1eb5a620f5ec472121d446392063139cc9fb2c5391aeff
3e8c29d0071d3046081416e7cbf2d612f3702047ab5de59399e9f62a5393e02f	ok	4a84fa1e28395c7aa1d2ecba5dcc421c32b76e921e2c7a2fd04391bd2e38fe21
3e930478dc95e690982de3568213000faeaa8390fcc166a966371bf49335026f	parse_error	-
3e963136d9a92a7a350ebf63343a9721df5805aec68e29cd335640225bf460b7	ok	16eb22d9f1983f2ddc44c5875e4225ab20aeff3a9931ef444418370899675288
3e9f567d22cbaa9b43b57c8ba3b468c8a3593ebe362dc660fa614056ec8a34be	ok	28ef2b5244cb188558859f3f5a56441c658ed043e46df910cea6b61c76386623
3ea1b9fdc6a79cfedeadc26e87588c0a9e3fa28356e2ea2ceacab6c2c69fd09f	ok	aaa5d618dee45879f51096801fdcfb5c50fae21533f56cd1d0b91aed39dc988d
3eaaf60c3b6bca2f482d3c63705ee6109802763eedbef01aa3d7b377ad50b6a6	ok	3ea2b04700f00244b5fa299a25bf57d9442d410188f880c965a4e5a80e848f2a
3eb8abf82689a1b135b7e3d486cf7bdde0e93f8b80a75512692c5b168b7c5d8b	ok	6be8ebf375455d77b770010e3c2da1655981f0e709c159deb4c3eb78d8dd97ba
3ed51371b09ddb594e6a1a0e7c4990421a38d869d084da8d4475bc94ec3fbab9	ok	5e2f2503675ddecaf9a1bd944f2fc6ccbcd8147b359df9f6ab0daab40957100f
3ef0a5c77ad9a4607dac987ed941e984a3e401997c9a0f79ad90fb355c0c3206	ok	6815bd2f41e3103f984570046191d76caf8808607927a8b769188d8b07207dad
3f0b2f56432ccb1072705d9b1dee2c0675e35c6805fd73e8f8da549458ad175e	ok	b80290b73b8a23036294f0352b6f012d2369a9157cc0571034836283aeb0360f
3f183347a85fa0be2d4a04cb09eed414dcdbb03bf4f637d22c7cf11162a917fa	ok	f961c308dc0b19931dcd64d87a42d4c9a8e06b17324d363041542c837fcf0d80
3f2e40be0f7b2935c06b69e4c4ef96d611a24ae7cbd82ce70bc6106d87d5e384	ok	6a05f2c365e941df2c2e97b3a783b3650008a5d36058d53cc17a403482cabebf
3f5ad96f3ec1e72281ffcb294789f90db031254a8b8057133a13162521d7a90a	ok	58c47850a2c8477118fe21c62a731afaea32a17d84f07de4be0cdd56fa466fe3
3f6fa1f237335a342f19206079f6d10bd5128790c523e78cef39bae6c6d509d6	ok	6e98e76e63ada48a9967d0c6940b9d5f5ce72f7a7fa2d1d3554f300300299d55
3f96ddf2cd2dd10ccc0507dfe1642131d1636a80cd932c9e860f6d5942277dbb	ok	5c69aca9af2a7dd035b615042d3006103f74aef7df0280c1e835670c5a397e74
3f988dbc7baefd7119ebd561a512e6da89ba524b296b1f29f142855c21ac9910	ok	964726e81979e7a1c75ed632ac568c1e86f1aaa42836412932eeff53a6a11f19
3fa8345e289b44b5155e07634d2f0305b6a10da97d7aadba3108379f57f88071	ok	04d068f83517a5634e25dabd2607aa481c20a94223adbbbdbd055e717a4e6260
3fbdccb21ae47cb704f939ef09530a8ded33477442ff822d57cb3c1addca337d	ok	52c3b4eb7e8aea23036c3823c1c3449d296b9f1cd2ee2b1f60c88f595e4f1d84
3fc3ad6d148b5010d9db15de40f9f09e2bc75c41ab488aad06ee899d608e3290	parse_error	-
3fc86788fad96a073c2bf40dc829a66fba45964728a08994c0ac463ec80463c6	ok	9fd8005bbf5ccc4ed83398a5eb52931ce6defac798366203fcecc4f2e82d4e2f
3fca898d3d0107b3f2fc3155c4c73482c652164277d7f8c4821f28154cca9704	ok	7345e612a51774f5817a4ad43a017547dd4f999970b7faca6668e21170a73d48
4040906e651b021909b86217e1a8f284516afecff2b9b53190565d0c973c7109	parse_error	-
405544f049dbf7eeab0f324b9253f12dccdb045993d5a1c7b7de833dcefb66ff	ok	dffca86147c32a8d15e070bfd7b280e52c8226a7ec2e5da6a659f14935acd8e7
405ef9770e392bfacf21ea2df4dc6e7cfcaf313a01c1f220d486d5011aee8205	ok	ebefba453126db7a284bc9362ef245ac267f818a9b8c7b55274a6ded2788fa17
4067808d572614ffc8228bd9a83b3cec545e761f5b5246dc3ce40ad23a9d4a61	ok	7266c9df6108548620545777d069192c0e95838e3a5aac9e809cb682f29242b2
409138344f77825d4ee8dd2378007afa9d12fb6dd3c16b809a1bbe4a25384f8a	ok	d5e39802e83115d60d4ca491940c6174055131953a9450264395cd3d4c27cbdd
4091b9e96ff4198b0d72a9d13a81b860ebfccf5613dbb3e5761d93aab4070434	ok	2440231bee9280bc6d11980370ec9b2e071c0ce13cc86dee764b87d7b75579ac
40a49e7b3ff86cda3e67e4482b338a70a0fffbf5614f3cb8534e1191bc665bc1	ok	a8267418ed95cfd4e0e585f4169caea43f651b50c86389ebd5dab4cf8b25c4e3
40aae6cfc4ded03142d8cc441588e13cc1536b7d8a852912599303240626ba6d	ok	43dd1acaa291ba9c4118d91522c0e74887ec2f183cdbc5b50cb4ccc316d763b6
40e18d01a4bc2a29d5d98f67fd29d03aca1f2d4958c63e4c1d631d2a87327009	ok	3d948a79937d445390b2b5a0be998fad9e094cfe47a90dfa7b2b73a43d21eec1
40f63756d53b811a86b777a1d92f5804929b25a808ba86cc0fa98266f3b99cb1	ok	5a32e65057b0fa59bcd134cd7cde1fc20ad803b22105909bf47741be194e6688
411b9262645a3843951b7ca66d90f2e46cdc4ee35ac63ae5c0e235008f8abe23	ok	fe71c9e14507923c7f7c5f11bcc60e4c611bae999b4eae443a7fc65c22afcf63
411bb649692870b9afb867271e105afa8848ff2ccfd614c7c995ed00f12105a2	ok	70029437689d32632154a99a1cc635f5fec9187c5275185c12d97a2146f68b72
41219a5ce9c46be9fcf5f0893dd76b1c492140e931f1c8d56946b1d556275eb0	ok	e860dd908da733e319da6c9e2e9e07be340149864be719e772602995f15ca555
4132792ac141f4ef12a3bd76a5c88887edd6426c44d281afcc0219b5f6cfb4ad	ok	52a8ecd58a2c03457cd18cf43d8461b14a84577d86c71acb6b016ab243b77fc4
4136074deac6d1793aa1e93b336b6668406bdaa8f9e5bcf74b6091769edb8232	ok	6afcc0979c3c0b1a8fc055bc83d1b22166fe61e5ced7ef1f01365057d3583a50
4137e38a45bab423a6c8acc451e59084c7b13031ad57a53214e641d08bde2f79	ok	da936a0bb9633d05aefe0a094c3d41491373bcbe04b8ec99d056ae8bd1605e6d
413f0f40c8b4f9f47e8174e6b1f6b503dba781e26546c0bc13476e5493feec3d	ok	ef470de08243da59f79e4704f30f5bc5b50f4b2c416523330a4401e7ed29b519
41490bef10141d317570aee511e7f1050db3ea4a28c2c34efe8a843a21282da7	ok	24e19a98afb8a77dbf7d562a9536507cf29098cd2cfddf1c228153620a4ba663
4157b36a8366f38aad7012a2ac26af393a79b40f79a61225c883b63f7ff2d302	ok	258a233e9c51b012e9f33c60836a86c099a293c3dc2c9d2522b524d5ac5c06a9
417a46c6135078212e1fbd01d163c4c9995ad9d4906a369f258071c5ab0fef9a	ok	ab84d78d5e1f5c60897e4e237061d7b2742c8115c5875bfdd446b4962224bf1a
4181a9e1a99285c7232a7c555c7c65bec1e60ac1b3fcf41b4b5250db5bf227b4	ok	6e6f4043f61aec5bdd2bb7e7eedfa079f10bae6767ca6ba96751d6c233c2bacc
419b1b71a30d7edf7afca1fc72d90434cec34c8ed0210ecce8e7e0dbe08b3e44	ok	9992a2a6978e8ae875f42f3d28793177654d8aaf76ac04ba73e7373f29f17c47
41b134bd492d016380b8a1efccf2b972997eb57d91c0ad7d4b4c9afdf4dcc2dc	ok	1b6626c69226aed666903a5f35a71f442b3dec2eccd3781a33c10517d97331bb
41c6b6133b4136bb7b0e5f7df64c75b1e769a68ef0a097dc60e062197e28e003	ok	7d502e2db5e944802f413386cf95bf7158967fa56d69d477f73980edb7e10903
41d679a1a0d5159625c06ab0522deb1c7666bc173dcc00886acddf3a518886d5	ok	cfa3112ba48a9d380e621c0e63df818fd4154751e37758d0514072cec9bf18a9
41d955efef3387910af7694cf1519bdc474539da292b86f0f47c830d1c2ccef2	ok	6b2ffa064534f3d975ca7cfc2793491e7d260d2035bfc8af339207b8681b625d
41db96bfe191c08eaec3830b1f77b86448317a37f500d6a234008ecbe568ecb4	ok	a561b7f802d0651018206fb91977208169f602a815ca1445d5d2f523ad60edc8
422603e227ad311b362296b055529e90366f37824e1f261bcb588bcdda9c7bf5	ok	7eedad4ab287f374f94340303478e03326b410607f3a6e3ae8fff5839bb9ffa8
428e5f3858a8820b7a5f0b3e09262d934b444d8d3719ded3586375b2593c4af9	ok	029390a6fd741b042dc1348cf519943a7ed97c78d206cb3e4c463d1d03119766
4297b8c92c02db8a68836d7511decddc07496d25b18962206b7afd53dab20508	ok	c3b671a01ad32764f08edb53d65ff9573a15c13e1b2231ef6b4fc6c4c5eaad41
42abb380992c1dd9ba27d043dfc23f725b51ce1124b98bc031fc0c23efe333ac	ok	2a1171419d7e8d0457a4ca913212bc680b8bf752ef11896160604c2070e0e4da
42ce859b033d282a819272d33e370aea7aad10243d390ea9b55a8eb27c91472a	ok	db93b1da06edd52df3fcb33f45d744c6088c4004c209b382982f1cf017d9d89d
42d340b820ab11bee15aed57f84d5abe0b70a35eb729e5f7ec2676aa28801682	parse_error	-
42d89d4baf0ed43585c2b388fc540f68bd775093d1302f787db833267068dc6e	ok	a683c7827bea8b3e04628ea37d0b3437c570fb32ab2dc4e27a46ed24ecd6ab2d
432f4119bf9d496e1653e4bb61efbdd105e7f8ddc56d338e8fa8ced16020fa0a	parse_error	-
4343eef4a11edfcdc24be09dc49939f187eeb46b93bceba9e4109aaea4b0263a	ok	8d6f43436fe08c5cdafa96430509adbe7e2523411de46a0f5d168bf77b886afc
435ad948c39c20c34e71691e51138fa5532da9125a30c84beb8826bfb16a894a	ok	1efd4e67b8beb90e256c6746a192d945c8d85754b04d1a03a6c669a2b3d11c9c
437b91b0c7eead6f1619efd65ebb81baabd5c1b5a5341b7a8c118bdf19b3cf30	ok	f8e13b63798bd11154a07bf73e53e2eefe3510f3cc2f5829ae9dbb8905e30388
4393ae80a5f836f2b210d82022390b6d2e6e010f315160ec0af76d57899a440d	ok	380f63a8a7f3b4fa62abb72f7650e93b3278a0993d59c51798c2d868397672ae
43cf953aa758f9c9fe81f1a0f62ea089657eeac390cd383376320a707df3d5de	parse_error	-
43ef8742f2ddb9cdfb2f13e2d069325d994daf1ca2b262f9044adbf6c0a488e2	ok	f9f438ada4b0347b2ea442a3d05fa3a3dc32d999cd02705a9cfe5d5f39069dbd
43ef92966d9e026eaea9c99d3e74b5b5e7b924ef6f1f0b41735bde7b79ad1c76	ok	6caaa19c8952e6cfdbfe331aad9b1b451ccd2fe7f011df7610e23869d0e151f0
43f87597dd2a1bef1133983f4ea5050323ac9f7e728e5f7e09bdf35cc34741f9	ok	ead8ea306fb728f3baf9ad75fff85acd3ee75db1198374359ca0f9341343a4aa
44074fcbeab2246747cac424817daa5780fafbcf9cffcb9712407e379e26c9d3	parse_error	-
44128fb710976c7a253f1f5a61d366f69cc695cd92f42989579c0410a686e01c	ok	84e7ed53068110d7477a40b33f2a13ea16afaf06bf19de060e4f322f5bc84e32
44293050134c66d6591f401dca54848a146621b1fad6d59f1cbe6e97bf9edf2e	ok	4d538e8e56a44b8cb8cdd5b85230412ccd6e4e758dcb179ae6aa7ab5caf90798
44297cf596bb256ed44488af20a33b236e0f6184f98d495eef283a6c0070bb12	ok	2e1602b15145e84b1247c11197b6181130abff98d0b24716fd6bfee086783e94
446a5525327e41b8877e47f417c47420bafc8d12852418f66c47659c5b1cbfe5	ok	1b5434a414c0288e72c90d1b2247553d58c48a848e7e52bf84dd61671d319b25
447153d804bc762c242226e4ca3491b9db237dba2677aaea37d7a9de300d898f	ok	ce4a36d3ed34a5963646e74d8e750c75995d1736cdebb59480032195bbfb0bfc
4479585563c59c53f02f7da1bd809138cf76b5136d93e886c454659387be1b44	ok	db9f7b20a92f0e4d9aa33de24b441241d9257b93fcd693bbd0e5274355c5c06f
447d4e9fce4cb23a5a1998b54656cf06e68bc6b342ac58116779bb737229eab7	parse_error	-
448ddc233bbb22bdd6c1b33dc3d83ede2cc8588b992432899d7157b25ea11367	ok	1ef73f557ed88f7df7751f3c12ab3bd683368fc60538a8d76b9803f3995039f4
4490539988fe7ee86d6ba6a67f3ddc4a96468f67ffe97e449ec71227895b0f5b	ok	b1a3ec82e47499e69f554e0256b6c3a9593ba4029bd4eae9a2eab4186e10b387
44c009ca13e4ff0e3e70b53da3e841d5447d8013bbc24290136c81833b166d1d	ok	94290e50b46c7417400b589487f427c2f468b7cd4345801065287f4cde75cb9c
44e7601d540c35e7edeb881d1b1264799f5c4985c4fa62b7955c23f9aa746fb0	ok	c102c539173538a08e49b767d25d5f828f431e0ef6053982085e7ccd53b5029a
44f2005adc700491f7950848e563da12d2e2788bb3b778bc195d867421322112	ok	6f64f4615c1198f048fe285fa81862501906f18a8021945f44834820400bee5c
44fd7ca0599127aac1858a1ac1ce5d20fbb40941a86a467350a738cdea8bba4a	ok	4268b5025adf125513a91fd7c01c28795893875fcb4ada1d9b9a57e2c62465b5
450d1f33e11e895ecdebee117b7992ee9d2176072763317f7f348e17f87d7f5c	ok	3dbd61b3c2206a737450233486652789a63425a096559455030477f6542a9004
451476009c3003b19c06b0e517800ce6288fab856a4e69ea3d5776c9c7399c1b	parse_error	-
4530fadd7e08a9b262ab4c094b4a95e121457c975a2edd15d23b70ad4fc286a0	ok	595a448216bd99d1684478f595692731688886898f1f59a1111b9ebdcf7f46be
4539e9a3e1f807c4de4bd58e44d826096908aac227e22731a13d9ea237ee7537	ok	8a37b1f137ad31e6da003ab3c90a63f950473321f0830a775d7b9f404bb1e08c
45421cb6b3b12022ab1ff5e91a591bac7b5fd781dca5899dd546de7e0dcbb3b9	ok	b8639dd6ef2fbb36f1f3e7cbe97c87a028441d435a285728efb108d309f24eff
4566ae2b5bcefa126fa8a49eae65b2e7f9c984efbd405e4c612d5ca647dbc8eb	ok	ccc10bb053febeda465ab2908061c48719dfe3fc42478bc9f26f7ee595a91195
457db838fa9e2dbfbb096e2a233632f709efd6cc56a30c70577d84cbe1df7bf5	ok	c9f9eef8a52972e456438fce5d2a18992ae1a899969e5a499f09632656b19201
45884cc9b5a9b36beea7ab370635cab5cb8fe28fb05ea8bd73e2560ae8f7cc7a	ok	47aa52ec3a32f45590432adb3ab59ce6fb283d10bf5bbb1ce035d6a36a0aed84
458b823e02c1d943420b9a8d16b184157077a8332a0afd0f05870c68f39fb9cb	ok	be19d25c0ee2e270646fda8eaff22e8055a0385ffa682b4e9754e8ac39ed71ef
458ef392232152fb728a8921c2dadde529ee1ae31ea2b0d46dd9c63460be6f3a	ok	a683c7827bea8b3e04628ea37d0b3437c570fb32ab2dc4e27a46ed24ecd6ab2d
45bca17c67bd3080cd6b3971165f071eae415853f80b52000cd5eb2bf701d17f	parse_error	-
45c4640c02f478e659d891734752691bd7e7c52b1f2524ebfaa99daae6a87ce6	ok	fd656b61948bfb6247b7cc41e07fe60c51685016dcf2df13a950a4c6a098816a
45dcb6a0b411786ddcff3053e020be1f8aa11a7ea178fb8fd97d2eb41b196e56	ok	e3302df1c353d969a2d8df74719f0a0d9c8d6d3b4efca39a9887106b501aef9f
45eae95baddd8fc3075e81ac42ea24e40ccf2087c60e29d0a4f543dd6f2ac751	parse_error	-
45ecbc6568aada945bb983b77734d106cec13f8fb5877f1232fbcc714671da9b	ok	5beeb972ee7877cdec89c5db8dfeabdb69bf0d2de1480960e52aef69a172500c
45ed6c75366fda811f7987644d98e6c08d1c01d3cb5faa72dd3306cfd31471d6	ok	91347b56e0a36e7ad5805a497e3f9c35b71f188c319156ef3173d77692711367
45fb8cbb9975e8e1bc65fe78347fbc4b041fce43bf1d20426bfe9f24127cf7ae	ok	f0294d3b39b6ff21de496a9acca58db2b093961a6caee333a43cc09bd5ee9960
461f0b39364418b7dd174fb2288f9dfa7ecf9c88b39f7958d62a73cfdc196806	parse_error	-
4658913216fd43c9a449ac17693322a9dc49478f2c27fe4e9a7734f3b6a118b8	ok	60dcd744f21562f7e8bc016bfd8eb49ec520c7d57eec03d2a42df2ca9513735d
465f372898252dcd39c015b538b057663ee3d20d4c48b0abf1cf29c1691f93d5	ok	9a9d2b365951e1a682bff0268a020b9e8313e8094602cb00fc5676717d66cf84
4675c7dc20561570803da37b588bdb3c4e420291675a94753889bfd3118e7d47	ok	f76baae9f7bfdbca037322991487f0760bc5a365b968c48fe1a8e8bf5b3438e9
467e7f621f79f140fdb6122dec084728f3adc36ea5b2e4afa472871307c2069d	ok	232b57e21342d854964ba2d5363187f2ae0e6bde59d097ee372bdce248883e68
46826fc41779ad90a636b6e5edfd6b910e981a424bb7fa42fb6f9a851cbccaa0	ok	b6bfa1d11a5b03983ffe7b0de0e4b6b31041507f63285687893b483d214e25f6
468e17036009adf26bef3272b3ee755c7c35a6c94302266344cddbd92b9cb3aa	ok	50239b22ee22567d093310b3f473bf2f26531a89b80618f3dfe943eda1f60e08
469107285aba5cc582fdb50848416c05d36add2fa656b3429cbb01ea4a09c5d6	ok	c37acd582b2e23f1e0990c4b667c40f9696e7e12e5f5d89a2c3e2f41b73fc7f1
46911bcd1b4fe8d6e7fc88f504e693f9406b3fafdc48f2dbf2b12e8ebba9478c	parse_error	-
46b7170a451b9071eaaacee240e208c8b6ce2a55e8be6e07e7b0e9e61d0b8669	ok	ad1eaddc06d40c805760dd4fec0d7a16e87af17a521ed859310689a16a80c443
46b768d1536e02c286ed7fcc4a22572b31b3f9340e4b1c15f4a98dc582062c1e	ok	149d0326954c4cb6614b0ef9053ef725a09554c2db6b99595b59c92f0af40091
46d2b73fe7c06d37278c64208cd5575b1caece2d77d131102862afabfded99c4	ok	f7fefbaf7baca78e67884e60499a9363ecf062957c146032f79ee68b7cf7188e
46df6fe85b7832d13e17ee73d8262d7966ec06c6770231263c3ad9425b109ed4	ok	5313d2a458531708e433f4db5e5f21d007427444e0749a6dbdf026dfadeb06a8
47027e8ef0c7b02a8ab5271dd74c3ece3ef3a6ffaf1b6a89cada3538096a196d	ok	739b0a3e00e94c0e9089445db9cd9ede5937db965d72741da86ba2f0c1e04bb4
4708d4aaffcc9e2756c85c265fcc8a4f1a0d2d683a6dc6257e07e0b3fea2681c	parse_error	-
4709bc9b42160b749244624bb67c60e8fec242c5e6010b33670b4a62bfafca7e	ok	60698c800ffd2c2e40832f4ccfc93ee22acfb42c26a6d425160b211f1574df4b
4727929b31fa2a190807be46a897b3fadf16b11bbe2eeab25d51174a7980190f	ok	be51b3ba70751536cb3fe7b54008b2d1f46ef50f7efc29a2f6db81346bdd7a36
4737845485735e96a930753fc8143116bea0d1d015c6dbf5a215c5e8ce55e8c9	ok	e54098edb1aeae89bf770bd69c53597bf7b1d6d7c09a783d491c39abaac010ae
475a71b77528b4c6a900511b51cc36329b122a65c3afc208caf32bf0b1272bbc	ok	2c75fb094f7f38dbddd1ffe0fd787747a9456319aeef075ff2beed6c75e2e068
477d0c513002fb863b5f8a5ba95f2f29d3da6fe4e956fa57a5043418e986164c	parse_error	-
477e329b3662fe3f608b571696f7f387e05961db8a336c37326d029ae9e83b11	ok	dcec9446c901687ddac52d5887e8bed6566df5d6156465e5346440fcc5b7976a
478c3f999e6e31aee7af8f84edd728523857077ff3a4024a3e5efe120de52524	ok	452c6ed69e5d6ee0badf82bb1f04deeb092d74d68a6cf0063312e67b240c79d9
47a9da105652315a059ba2e272393d48e518d78c38182b1a29bfcf41da00085a	ok	6039b22a9a59e519aa1c04c5ddc5498103561977c20982e788fa7be02cb2c29c
47adf14c01a582a0cd8efd3ee0a9bd9c569579cb374c867ecf6856d998051252	ok	566629665435130d197064aa29e3cf1def35d9e351f469f96b8cbe7510cea0cc
47b1a614aa54f63b8fc96dd19e4551a7324564e76a023c1d195a9adec20caf2f	ok	69b70f8e6983947688404bba46ad8af2c58dee92cf68419ce8672fa1f5a83c92
47b34afac970ec3085ee1a8bcba63ee67182b8ded3c2ad42f1a08443b4c2177f	ok	4336caadab8d09da81085cdcbc1578df69bc8fef7ac735b05bdeda773be41720
47db5ce63ec3b538a8d08f0f1e90960fc2c4722ccedc3456ba8fc0a4c34ca8b6	ok	d76844f9baec3e00325a8bdd4f609e7a898c3058597f6b7c19db02f8d916225b
47df5616a626f69cfd62c712fb608fc0b6f7139563dcb570e8062426a107b949	ok	11e075bdc1d51c549b0498f4c8307496f2c9b5d32744a47b7ddd3c6bd92a82bc
47e3889e9fe5d2889a8afda9161e98348202418bb7242d6f7ecfc10bf5abfffa	ok	2b37175ba63e6d78536a0fd6fd309a64c443c2b6d0cdabf56cad20186547e851
47fc5d9fc46f15175a6805e9d994b953c21786612bf016b8734b38013d0b1ef8	ok	2ccf90290987723af673ed39af05e6b8bf5bb688b096e0efd9d8f66ec4b00c99
482f64146b40d1f11abed70f0d0d8e5c245a5930e51183c7890e62081d463348	ok	5fa1028d49f7d968a4d9e83f809129a6ea5d6993748434acd7c0a5cb5215f4ee
482f8ac7dbfad209ede1b04a3df4992bebf31d39c37a0418a77199f8b17d0f5e	ok	5f798a701e0e4404db7367bbb22a5fbaa800a0c52915da96aad6a67837310ec7
483b976129067fa00076297b67c24d6af759f63c67c6b2d2ab355edc95ecf740	ok	35aa735731a6d6c37b67a495739b3be37e269107fbd2be7990533b0b9ea2e40e
484097b8a7dddbaa0328b1765507dffe1ee08b8a7a7e23b90d832d1852bbf15a	ok	6931a5854ab5278ceb8fe7db026dd687283c258fc01763e463d9e1f0f11b836d
48442597001e5076e436f7e28f03c22ec15b5b4a05731761df8b5afc3fc017fc	ok	220e886de39d6eed5ed43699382c426df18ede18dcdebf3cb3d27b682c562b57
4862e812a65d73ec829e91f8c5d7176ecff2cbb1c1f73e0bff2ba21e75f7835b	ok	9996989a5d81cf66e45c308de0ff7a2fb6c216b9cc7fbd4a58c4529c6027c1ef
48653d7a53ac51fdc2d58b3b7256297f93fa9ff5cd16dcefef33347196a1b408	ok	156763be863eae196fde588264aebccf50c17319ada1b6752a7b34ab5a9f8ccd
48a3ca972373052af0a673628f74d4c682c092ffca131c069158e242b6fc565b	ok	5f4aa2bde8e421d7ae56c4b836432aca5a0428d4e778374baac38ffbcbaad9bc
48af8f309a5a3a6449f1ad0cc66d352ed24e51cf8aedbc5d33ab5b4f4b896666	ok	31b2619528aa32f2e05a16dfc3f821de0447976e6cc20143c9b81e47aabc1769
48d4418f0b1f4780a2d680d9bda5bd1511fcbcb0ae3400724b7eb8fd753a4c56	ok	e613a6ea24e8fc40ee3af079973c777b415159642119247cb0ef8d1e94bec45c
48ddbe49d29c95d6ab5a03f95d13faefc5e22bf9627e9ab43ac250215005fe09	ok	7d502e2db5e944802f413386cf95bf7158967fa56d69d477f73980edb7e10903
48e5276fe86e9535be278eefc49a0e2424be5f23dcd5eca68b5a257a661da7bf	ok	77ec959cd9f876639fb7615e9706e5f96c7dd264246d5b98ae7645e9bc3d7f2a
48f1bde26a7001efd81a745315f3c6c2d85cfc0572893788f2d45aa3d03fcd1f	ok	68095395888dff446dace73e6d19734ef2152490d4f421bbcd987e6c8fd4e735
493ab641b43abe47d374d9be4e5fbdccfc58285c359e2c103d789e3f7fe081a7	ok	52499814d9214b9e2d045a65d82f4e9bbdae69a8d5b01a73d73d3363e387adf9
493ce9ae4cdf2b9661b9131e21f5a8f260846cee444611212dc379480a404509	ok	0c28c419289bf656f23f3c455bee1ce5ac88ad91daeb4eaa4f1e1398b67773cd
494c84c2ed2d4fecc9950aaa64d3ec759d4f84e53e78b1e4c5cdfd172e333e77	ok	514dc4dba543d96a22ed6beaf18afcb9fd26ed7f26c578a7fb75e7467120632c
495269c2b5515f41077198f3ffbc7afbb1916adfeb66281088f365f38d81c4e8	ok	d345b361e5e8236049f978100792f6a339a663bcdb4f99b18fad58b5b3f1e52f
495f17b8ffa0d8b0651ccdca8b9356cf8bf71236fd959718987c8642c3575854	ok	f53a3832f9dc04d36aa9860467cc7227a2b06bcf9e3a5075d0d4a5314cd69e50
496624890756b4161ca277989bbad5f8125de2a94bf5b45858760dddef6858b4	ok	74647b17181942832b13b42f7fbdbcfa782f4eb2b5368efe2edb2e329f7ee3d2
4976f5f68dc3dfdb591dab12b0abfb4686d75037bad54c788c1fa77787651d73	ok	51755caca31f87dc664576fdff685d30e4a7fd1cd10142e26eb9d8d49db485ba
49ad0a4610517fb3c44575a2d93a491c4bcdf434b4ef58fefdf67bd7358e315d	ok	36b6cf6c61027ac19c8e01e77d7950d3da04148ddb1ab76d3a406b3693aa26c3
49cb2179cc7466a2bb111473f9821c16c07c28f4f7eaaa15869604792168d9fb	ok	768aeb20298bea5a8dce7ead793b5691dab6efdfd462e36c5ac872e7a60b0e48
49d1598fb5974ecbc2157337bafa263b39339034da3b5e171dfb18fd054f1d61	ok	f2e6765dbf817b4a11098101fa45dbebaee852b638c15d78f9a414fad561db31
49f29117cca15e6f14a2b615aff10ad0640c2f3f12fc8a117201136f395d0846	ok	c901e120a33ddd616011fa2a8be43c6a8d974b71f11e30a9d785fbc7f38ea523
4a0eec70c12a1475bc3aadac85f99a691e4d1b5a9bca6572b515b94693dc6861	ok	a0a67d44d358524c6e84453eb306a070b10c3da4512ba763c3742aa5f2a0c033
4a15f5082616e6e212806aa075ba907bedd657d29235b04f4558ab6a519e22e8	ok	76403d545ba3af39db7b2014ae58852cd267c5d19b77fe4a6fac5d7f7913f1b9
4a17aa280f7ee4908f8f4e8fc94e7e71945ec16451fc843c916f00f6a882004f	ok	277a437009d802841a13a50616b5740c16425344c18facaae6e41411c1fd6cbe
4a2111aa4ccfe42a5284ba28d4e6d638fa34a08e3c17e29f3e0a23309cdf62fc	ok	0cc7d4a6ed2e6e9e67ef696198c373881061bf321498f1c5ccec10c1be041cfc
4a40d9da987b650aabebfba214b40af03b964f8686cd9db4711f3a7c340fb6fe	ok	2748823f4bb93eff93feac0268e5c9d3d57ba574166ceb7a88b67b34dea5c7d3
4a44c305b172e2c0dc6ba2ceaf08f5d94e63525b010defbaf275a0d5b9736600	ok	0174640f43a4698aa67c8d51ff25a0f3e2d2da23c93c24b617aaff1e9aad63f1
4a48c3ea7fbdbad8f47130a526a46ed07a16e7d85b2bd6f799ad2170b9276c7d	ok	e6e2701bec11cd1828d096ad40edf5a897a34b562a483741312019168431182f
4a54598c45fa75014ed9a907d28a37b5e3808c56a8d138abb796d815f9f4773c	ok	272b8bf9368a815db1262fc7cd2fb24204acd904502fa5cb8cb5cd38bd637ad6
4a6455420ea77330812ca6cb6a3d3abb8da46173f7830619fbe4ff24329e0eac	ok	cf02100187221010282458fb0a6e637fa96d77a8118f7ea44561192bf42cf7b3
4a775896144aadcdaf67339f083c040edf37fd623bcb1757674aafb93236c10b	ok	ce323b52b613449bc544b41edb23cc4462c8c2367b365a4fdf89a86bf3b3ea04
4a85e136576d248a0c1f3886f8052a71ba8ca50f1b28ff86936e441672e8f68f	ok	dfef5f291debae215dd3e7b1f01ca26796663769cfd4d53630db9de4f689195a
4a8feb5e2b3e8e3a32aaf8e3046dbd0d6e6cf80fee2eceaabda1f63a3dc9b23b	parse_error	-
4a9c42eaad420ae6e853401621392d981a4405423438569f2ba53eaf5fa68702	ok	4a206b6e4cbbc2dba1a67df0b3de37a74cf943191db36312baa1cd8d09686f78
4aa60d37b7d9059d3bda680a7455c6cb03252c44723178022e6a30e2a77b7f3e	ok	3dea88f587c6e8a0449e67f90b46aab163dcd89084b51e58e075b7659970e56b
4aadb2c96c6040b954cb890f43d034ad3432d49b68c0e55b660936afd0372d92	ok	018216d31d26e046718cec864570f6f4d454f941b632d8f757728bdf6d20d26d
4ab3ee658f3db32578c6661ca2eda260d0f4d055dbec419274fccda23d51ff49	ok	1d927a96f83b658738c3c56fb3b8464c35b0cfed43a3bee4f75fefb5036f3853
4ab4480a4ecf66081f5740f1d6e0afe2f4601904dbe2832ea891a8eb45644897	ok	71db9a61b6206a68624b3bdb5504d4706f462ab25049cddfa152ce8edca9a8af
4ae85c7522afc95ce0a0d3b7b476ca8fb6df835fed10fc8bb39e5258d0ae9d19	ok	bc86c5fce65bc74708e990c4cd696ad4add848cfea302e2ef7b6a7b70a6550dd
4aea0f99c8726b8081aa3c975e567821f8c45f083b67b3c142b3e678d4b829ba	ok	d198acc4e4a9516b2ee41c88e0c76e08222b5ee078c982ea2657ef8e9068502c
4b1b53527965e00af25ea0c321f84ff1b702cf6331b5b6b6e168d2735429ac40	ok	4e4a2f673eb6a9155806eaf737573fc36cb46c4fda4fd69b96267f909de2d6c5
4b1e5cfa2eb6ee3bd05a26cd66a6af2609c07d1e7fcdfd6ef4936907b62eb19a	parse_error	-
4b244d1ffc2735f56d113e58f02c317e1763343287c77794278c5b4c8c36d1b7	ok	2aa6fc92246ebe077175bd2a4babdcc3c3530f3bf82b7e12897b010f47e1416b
4b636a15db47dba66939e73960917b07d0faa57c3bea16e01a67ef6bdde0927a	parse_error	-
4b74427284676897a3cd53371241264051a06a5861b971319331cf61db0178de	ok	ce3c74e2a3c4c83e31f4a7aa51fce2fc67cc0a3179774c673125c7328268a936
4b7b587c55747e74aabd00db6d92b0f409d1eb49addec6b35b80d3f846ff3143	ok	e749fa0bbc306837802f3f320a4b5b578e70d0dd77e3b4f7c376db46c154a747
4b82bdb1af1bf7208c2dd8c8fddf91f63a001dd81c1bf8ad7da99deb625954fb	ok	d4dd0bf529c43c90664f49f27ade587d9a979dd8fedf40d362491db11b1e363f
4b87765781039b746c4ebfaf091410c271735d63da529d9f6b237fac1d533563	ok	3b5f2657a46f48713b6deb41aac5ea54339defe4774b821eef578ae112adf84f
4b8d2f1a8ca17fd3dfaba798cf5db6d6df7f1511ccbc4e306a03aa85bef32fee	ok	b5533e895a228a54373a37fad262fbc0846a8ea5e911fbb693f6a2c952f3dd89
4bb9d8dfd1ab7197572b743ce2d9bcf5aa3f204f4c75fdec1c3a64e863eb3a55	ok	79b240b687f3152e413ab6f1f6217420fccddcba8c8c01032b12cb48916bced7
4bbeee72fc1d369d2e04f96dccc9bd05e3a7ce2500319e7a6028adc20500f212	ok	77ec959cd9f876639fb7615e9706e5f96c7dd264246d5b98ae7645e9bc3d7f2a
4bc68044c6d1ade7bd52650a9b2b886d9ed18536b601dff510f0b738461315ce	parse_error	-
4bd6d1d88ef8c7ec3c266a5206929f13db6ae652aba5a696f7d9cd9f41d5369d	ok	9bfdc38486d957e761ab3c078b9dc46484629fdb545ff5f6af2d5ce8ad7c98de
4bdb284fb60c8014ed6fc0a91cc153195c30eebe716514e898fdb3b91ee97fe1	ok	37640ea0b71f5f09a9e6b8ee424a883b3cf9cf7dacc242ea9af87f6890c29f4f
4be377f65d9d4fdf33e5acf7a1f8f1cbb18120f0d72828bb4318f598f6b1abc2	parse_error	-
4be9125f5dbb4370377f839453cb1a62d8e1054a9a06230fa9dff1ae477b192d	ok	89b39ee95ca59224ea84589a5bef047257139beb338edb686d04e92273e220a6
4beee6b2f5d447a60820fd489e92bd87ef835cedbf1b53f4af426694084044d5	ok	7c92285be38e8dd3abde6148b64fcd5cb074f8ae3bba34dc9c9ebb0b379567dc
4bf106c0e9e400e976d0ce198c4901b36baa14a6f912a6b4b937018959f74b7b	ok	f296cd3041c49b2c160824f087ebafbc7110e6fd67060152be1d1830727431d0
4bf688ab62ec4ee1a8cea46679e70fc3acfd6f9c83a49da62c8eb37b999a8c04	parse_error	-
4c047e555ba600ccc81170a1774b4a64be727e9a93f6931085a56dc9d81bd5b7	ok	429b7f7014d67eb0955c5a0863447d1c4d8baa43a81018e75644d990460c0d33
4c134ba8ee1c81c837f8f90569d867766bfb2633493d0359421c31792477cfd5	ok	a0570f93d869f9264ac2882aec55634d54b80f6f6f59284668c2fa17f96d2c65
4c14b9a4e8238d307a56a5ee0cb34c374c4f6524039f0b73091abf8ab90c3d30	parse_error	-
4c2156aebd6676c5e298458dd673474f71db82148d9d01124f40f3bef9461230	ok	6528a6802d63163e5c26b542ee03471976b7b0cd781cce1334e3b4ddef313838
4c3a198f6e2bfdbebbf178727ad80311b078650f9950c779a9028000317afad0	ok	b9005efcfc12b5c71de810650960ef2bc5fa01d66e81802986335cac7aab3a62
4c59d511c6e79a1f645e8c7e8e01e3d70c75754859af2b881488caf0eceab28c	ok	769f135f33629e433b579949c64341000f5bf2776872add27634e5c92598996c
4c5ef6ab1764104b6c2455bfb77ae7b40cfbde080a8e85f05368bf767b961e08	ok	83e32dae0efb1d8985308aa1bfab2580b5ff9d2e5b337218df863239439bd6e9
4c76666d1758e75f2d2769b0c515acda6fcc4a6190e64d3fd65feb0777fc9838	ok	f35bca2036c79f00c116d1c209eaa3636fd6979fc86a9c7185b94d49f80766d7
4cb12dd29e200820c27366e652a4d109783ab345a0d41a67c5ee2f042aadca05	parse_error	-
4ccb25ad5525756d5faf63d70197eb47deb2fdc04de05f4876a37608c98e00ec	ok	af7579c0310d543a0266977fdbb2f9a5f4d9be29cba392fb239d9c9a5dcf590d
4cdc300960fb95deea02a58af9cbefa83e495b2fbd7d82c59f67134f64f3b8cc	ok	1f979cf3b5e9f34bc1624378026a3c0ed2fdf9dd3b838d7f8ecc8a757c62bfac
4ce13a5e2903c8eda40bf020cee907dd61d54cf2c7969a9552b33a589b699d7e	ok	562cb43994bbf09db993f80981ec81c05308966ef00e3e216bbd8542a1cd10e2
4ce5cf6f7b4cd02428426ca429bdaabaaf782e63c8b9edc7ef747d905697feae	ok	1946f2576613c42da6bc55ef56921361b471e338aaf56cc4475124b817e4eb1b
4cf18b2e393bf3505e4658840aa22ee5b0b60987a0813219d17db92b3b067ee7	ok	4883601f963197bb4b742c28ffca566593775aa76c05a7a5d3bc282be30dde42
4d31c5dc0ddd226516fd571fd4cb73ff94ecfb2162bf9b66bda30198e7d6d638	parse_error	-
4d39c0929e7438bd34823f3c94ea8b4c6e0586a9317ae4731e1e6e59c3e99e27	ok	1ac4a97ad3c6150c9f77316b84fd710bb261368b1b0ab80e6f5d4faddf73cb99
4d9b454cde9288880995ccb929c2b5b7c713490e7894076dd40f32c7ecbffb1e	ok	ce4f9dcdd4452c07e5c8699f39411a05aaef82321976d1bb7a2096efb3fbc6c9
4dc123c2470a72bc7a4ccf6b80c160dae9b157fc385b65e8c59a4cb83312150f	ok	c7d916e6c7a7c2c92cabf50da072e17c111aad490b12333161d79a78aa0e07f7
4dee7315f9ee8b874ac98acca194840afe0c10cdc9de0f774a00aa5eb4ddf41f	ok	679a3ea617eaf8bb76288add5cb1f51e867d8aba2e715214ba946d5b653f1a88
4e1500300e4097c871212ec35dfdbcabcc2ee90d3348d40c071d678509fa3054	ok	e38951979c8d1e1fc77beace978d72ed31865df25cd5cee8885c43e741948668
4e2e4103fef65790a697b6fff4eb1baf90ba97c5b258ac7e59a941f26d87c3a8	ok	4921aebd2e5b0304f9aeb61c4e1b45f358f16483b12994087f91e944e50b56f5
4e427486abda4a3559789540ae62e4811b4e7f82842492fb2208b0327a853ed5	ok	d86434c18631fcc20d08f189e06cdaa8c0a8083739f647801221a2549ba5980a
4e5f55f732822cbd7701f07d3f4eb01827066ae07d7bc8d8ab42b0db44af72e6	parse_error	-
4e98303a66f9369b38026cb29f98379027c3408db4055712a3f9f763741e9a56	ok	1ce42861720e213a0f60758a18ff1422f5eae4952b0ee1e0c70851125ea719cc
4e9abf0d50bf8c254ecd8ed94ad7f04d0102f8b8ac7f454fa8607ce482600c50	parse_error	-
4eb45001a4eb4506e42368667956e7cdbb6acd3d3eb790a19b4967554671fe95	ok	d4ef6b10952c1d39a84cb63b70c2f8ebb0cde6a779812799b7ec0cc3efff8289
4ed26f66fadf4c81a47c83e7f5b2af670d8b385de940f500451c5f065a79599a	ok	642c526582dd887c4c4f6ad8a93292cca1810d59e15994c8aa022e1232c6c7e4
4f0a9f45367edf2ce475fb06e4d624520dcb384dc9ebaf8a3da0080d30f114f3	ok	42b378dcf8490a05c32e906bdcbe0193c70656b9a763ce3754703336d9d3d4df
4f0af5ef06f6da9d3a45a0802211a16b1b27022869822cc3ae830791bd5a19d7	ok	3ea36094c25d91737880e082648e12f6b43082f1490a2244ea3d98232149ca4a
4f20355c7b56860ade4f5a120abb1fe77a26505df14392870e2dde4795e578a7	ok	d278ce775829f437b518f9e6f671388c6eef12367d728a7980cd832e887d4a07
4f2a93d247f728a162b07351e597663554e579693675b60cc4cea38f7f7f13b8	ok	af52b13936dad55160310ee557f318ef1dbbd4f0c17c01c809972cf38a270c34
4f37672676421829bc1cc380d5d1bd2b57553a7d633a0a788e27feeb2bf41c01	ok	12b514b2017bd2ec01da5c017ee47addda779629bda69b38380bcc68389b02d6
4f53bd6cb1330cab24cd0f49346a9948a9a6a2bbf967ab6aca9f6386cf459990	ok	1abf3fbd16823bc68a069e80ef8be98f8ba0c500f94d0c2203cadc1a938101b3
4f54c7545050988e315de28463299ead80c65bba447a5ef021a8d569519b355c	ok	1481b8af4ef0f46dca8a9090647a750f71dc0d497bd4ca1f3a871f3bfe8d13a7
4f6293c52671c225b28d5bfc9a332eded0a5ee4a45d1dc4564f5bf96836ba9a4	ok	8d7911f01c317390ef025a474fc2954a0698089d4c002025a8b87022e7fcda94
4f7079ad52be5fe1c94e2f2c2b96b3bcc7caf4e42a3ada609ab58e046a489016	ok	a777981087ac45230b72ca9d9835b01cbc2b856859d84988880b66e7e4d11a5a
4f8d06735e2f00ef90d1e101775b82a9a61cfbc81259feca25db4df18801de5c	ok	c9bfb550c243eb7d7dbc9de026208a2fafc12cb2b4c61f03b127ae9e87212873
4fa86140aba4a20ce6999fbcd15751b3cf628cf08414b94914dda787f6b8cc40	ok	cf3f79fedc0dfde2a98ed8045c9adfdd29d91fb22364a8028991f5816a89d837
4fd6d010bdb18f1aac727dbbed66dbcb56a7a71682be2c67aa0505d8d38a1c4c	ok	eb4fa51fa2a149cef8dec29cee64ae3ea0450ba8c63ab1a9a87d42064bbcdec1
4ff2931af0895bf9ab4d691222a9361fedb2cac4458b290c33945a8aa05690c9	parse_error	-
501af5402213af1192022d76823805c2d265def8c94ae30dcc3d7b7040692ff9	ok	452c6ed69e5d6ee0badf82bb1f04deeb092d74d68a6cf0063312e67b240c79d9
503806de52220894bc0ca789c95bafaf5bfac77eae06db1800fbdd9fce664978	ok	eb53ec77611e27aecb8b18f194411e9ff7d2b5a2fd49195b981b9556ad221529
503f371b53e40d26899a8e03d53551db3910eb4e77500eff819d7391601d9552	ok	553f68a7908629938b2d9763a4f7f685afa0f1c2c240a67aea2b32394ed5381b
504766c045203c6bdfec1dfdd89c66bcbd63c8ebcdb01a71f02a7d939644d084	parse_error	-
504ad8bc37c08fe7c63a29dd3efd31e0050df5b1f0e2c65b6d418af121d90d60	parse_error	-
5069fd89bb9eaeb32c7d7f7ac41c8ae925fb06cd705bbc658e2b9fb51cab6fc1	parse_error	-
50872cc7dec75a3308f7eb9043628d4a6e76a1bdc53d8b6164361ae04743bc75	ok	7da80b9d8e9bd37db27b575a02f9e0349e26bb3888d66ab85b61137a174dea7b
50a6e0dd3add25fcf26602f83c5e46f0f72ab8c4258ab46ad8e2c54ccc78d33b	ok	db0f430f443fac44163dddf9df6e19cf14958a2b2343bddc8f9ab52d64c88cf9
50b52ac2942a098d8f5682ca0fa59f500bdff049c023399362579a2e16364e71	ok	927809330f4d02562c01af38631fde2652cd181e18d7ca1f89a7662992b83220
50b54f26e00c3e92236bf091e8a90e4335429629c681aae63a406aeda0586ab5	ok	c26d5b9b8d4a36a23ee14c4bb6f5e073b8fab1e82a3a5f285d3562a23b02c1c6
50bab79c5e42a3e982f6a80ed54d5fbfc47169f3d55e3d856f4a8bed93dcdf55	ok	c536fcc7076c3f487e4c09e245f05b6fbbc663687b2dd5fec48d1213d5cca3c9
50bdbf4e7add40ebc64d76849c94fccdcfe066f08b1355d4acc55b0dd4683c01	parse_error	-
50c1d4947e2b8b995f6461326d8bc2bc964f1b0c542aad10913f0bc5ad3f6a26	ok	06bf4e8141565c9174d3412b66ac2f2ef342a9c1e3dd689e37c4a3bea191a80a
50dbcaafc140687b8dba91634fdef979464ef4848e95f19fc31d24385fb0d0a9	ok	c6d3e13ad6cdb6834e58e236062315a1de399f84bfccfd2bc0011c6bf8edea7f
50f80a9b629c6785cba0da9aaa735585844e4b37d4c4a05d3d91f8311d6a8660	ok	12c1eeb22c70c6006dffc06428abb9a9a4990dcdeda078e90b4ef73e467c76dc
51236dd98d475217c226ce226152822e0313248c897e575f45794726fad5acca	ok	566629665435130d197064aa29e3cf1def35d9e351f469f96b8cbe7510cea0cc
5147a61a2fba247bc856c20c0e905e0550f0487cacceacaa2a34ac4406b2ca5c	ok	6e44756fbcf6c449a65b178c60dad3cedf849231ab7dd446a0e5b31fbc6a0323
5170c19e72e586f505c4f6cb81e0943ddcad3c2b48a9d1ba481f03e3a3fd0aa1	ok	d4ef6b10952c1d39a84cb63b70c2f8ebb0cde6a779812799b7ec0cc3efff8289
518db251c3f322fff73f706d462f90a694478097bf662d606e0b295c0a070bb5	ok	43b4a2884b9d122b02173ecbac43947101e85630218165421df2376fbae9a3b5
5198509b31dee138fc2d2224ca0bdedd7a9cc832fd5135f88c7fd2f128135656	ok	9013830a2d8e8f766ae128b42347ef652392d9da139a9097a2364cd36d6407e6
519ea818d26599d066cadc22f5a64b9a7b5208a3cc7e374f83dce952f255e0de	ok	d6b916b926141b7dcab4edd5ce09e3900ad2ca86d2d4e2dad3f7f6d366dc7c22
51b03a2f75922031392e2fb4de53e370ae088dd2c899561375c0bf26b75cfa86	ok	9e24c568a6cef31b5c6892ef2eeefcf3cf1b3812ab44132057b47fbb56cd5797
51bea0169f9dc8b4adff4ecd70489663e9a46e6948e28d190e40543b3e6732a3	ok	9193afbccd6c830e6af6bd0f1e87926486ab2e8fd4cbe99cdb6d37a520a365f2
51c663aa905c0b7b95c6e2190711649f0dcd9cbc09575a4cc99d7672de26f9ff	ok	f1bc64cf9815bad0b6d8f585c1c13e7e10dea3f0dbb4353b9f469f9cdc05ec21
51c7d097b6e2ed79d4e90f541f71a151f1b45b48829802e1de7927a9e18b3718	ok	3b740cf09bfca8ecfe41fcc0875c0cde6b18bdec0f961be7c515b0eefdca28da
51cefa0d0d059a8eb96ec9f683141504357e77c339d514490506a19f3a0e0eee	ok	a74a17f8a15caacbc599abaa3f8cd27e1df5f0eca9704af6a76ab11ac4164e61
51d3bae7a24f12409b1fe07a8122d6055ed6ad7c6e48fc5eb3773a464a9de194	parse_error	-
51d6ae75659d67ee83096317dbb3d7eade9f7c5dd25c5598b64873fcb9228f20	ok	9a77f4c67dbd917cb931c04f88dd9cfbe7cff92bb8ac39e4f26c1d84b33e527f
51da1d349f0c5166ad8817de30a677726cbf5ca7299e84d9f5d90a427b41374d	ok	4a7143a71be03f32381320618fe782482a52445f430817fc21149bb98912a3f0
520589ca7c0d58df22b94079dc053e348bca4775e9ed06647bb899f3adfeafe8	ok	683313ee62dfaa54c17507b4a9dde4e0821f970971c3051489b04ed403b04316
52151a50774bf082c19a2ee5b03338db376df55d2c99b315c1ad539c9181a390	ok	a5c2d60b7daa496f3c33a287ea3e09819e1e096345cb4ba8f186fcdd2ad9a80f
5221afa56de199489bee8d5014a60e148f53a9c15740213f2eb8c5f79203e6bc	ok	e860dd908da733e319da6c9e2e9e07be340149864be719e772602995f15ca555
523d81b715b7e9eeb0f9bcd590594ed627819996e186002f028c63216ff60ca0	ok	972cd6ddbbece0bc39eef8899ba8424040b401e2076a00d4a53a6ee109b22706
525cdd83a7a8512d4390fa71bdd0e1891d7f3f3062d4264f3881fde88b0707bd	ok	693ea5f32399e5f21131d86321d3ab1eb3eb42b87cd73077ad3036a671883ae1
525faaca56968ce0333326e5d587ef361fcff636633d392f618722a1b4f7afc8	ok	e27ea00fb8bd281c98137837125255918d9c958aec5b9c44dd8e6aafded0496e
526b36131ddafd3dc6a2a95252320255cba64a9d8f2e3aa3d05782b10149a6c3	ok	7a921ad22964f0ff86d7700c010251a1332ef75761465e88c1bc27ddbd32d6a1
526f1e89a9ad2cfabc57fa78d912a189e148608861653a80d3d2df9d6775b7af	ok	eba7244c4e50326d2b29d28f170facf7aeacb54407021653173efe13a309f3bc
527675b83e82cfb76b2cd1c0753ef8e9ee60fa04e4e361d9629db2297431846e	ok	797444ae1593a17b66cd644eb73f3246b4d31f1af0273b533a386cc77575a4a9
5279ee764e71850a4e3b2b1890f45f2ffba6d28a8f893c350559e2e73a53d25d	ok	1d442d10df59c7375540157b11e3c675f234276288ed2f07c9ada8bf230a5667
527ad9b1f8070dbef2c331bf200e02322172f1122d8f37079a070bfd5f2ef46c	ok	db03c1e29bcbb5571edb4eb909336934318a3532a3b09274bc5e037fe56bdd28
52a18915b46538bffaab7b05a8c3bcf97bc035bd614b6f08dca49a000ab1fe9b	ok	7e3673645d29c3e8a1e675d71fbf941512997aa6e208e513a1c33d6df4e7606e
52a942fe39d3991e055faba2f84ee860a331f867468cf6408507367bc2ef5ed3	ok	9d0202836c567587218cfba309d588b32162210703dae7c421a000b316ce0a68
52f0de1d4a3ebdc933ac4ef90bdc51bce478b750f6f398b4c753e5e71111e406	ok	c57fba53b6feb7d8fe704b2298647f66b2009a24cca5d43601adf8f435be9457
52f75ed1835ba5e99fd025072dfca0e5b01789bbca59c7730c07de6585800447	ok	5b2bec6aa21f41d8fa77cb7ef5a4daf76ab080147ad509ce6ad0f8a731dae4b0
530b0ba705f28d3f6dde3e73e3f881f7367f67779412a1b5e417c46ba4e6e1b0	ok	0084859008e87468b1eb3717251f7de4583db5f9af5a433e6a355482d02080c0
534131efd845191b3780a6677a13eb62f391f58480e64f2745783aa34ab0db96	parse_error	-
53418ede70dafe09f2f22cb18fbbb6f019e8c044d5ff3175f4443e34728a7275	ok	2c0f01f48b6a52875a17cadb85a1a1ff8c022219841cb1a305607f84ce835b04
53499d67ad2fbb92b4d239770752803789245e9810b04cb634515def9466b4e1	ok	a8463caa02410de48f47e88ea6fe87dd94c2c9c504400259391783de0d83dc37
534b4d15ba252aeefb284595cdb96146daa924c04ca8c11fdedfe1f16471f18c	ok	30abd7a17550cfe0dbc265f9be63dcd58b5a8862adf3f15a3fbd41e8de7ef0c9
5358bbe940737a8e198db5354295a0cffbde5bcbd4521c851a734bbd0b3340ca	ok	363d47e5aef7a41444bf45ecb0e1ad19e228e9241c294671d0b604fd81d6c751
5359b8b97b4a517d51cb1e576b6473855b21329475c828f788fc5f60652f6fd2	ok	92bcb80e53fb91457a00955e3db4d723f3155cf5b2fe0ffebc789403853d30e1
535a3995c1b5e26a3ffff958e50f6c1ec5bd0d534455a6229ae451621a174c7b	ok	3cf4ee99f310238480d15a6838475aca571688b3136c455ee1d6eec679618096
538d9af5b83230ef291296ff17d669f6aa2483a52f46103bf717a7762cbfdee8	ok	44e87aacce86ba050acb42cb72f33ff267519d08eee97ed9f04e479ba11a7767
53accb4a25cab74cd87fb67fab273ece4314c5e5c230768b9f32406bfb25022b	ok	c53fa0e704c74511970f0273b5a340f64de54257a7a89cc5bb29d9401d28e7b7
53aed1d2d39fc1798b32d7ad80293d5f6bfa8d893670b48dc686e24648f704c9	parse_error	-
53b21c6606fb9b746db47de0d43271deba222663f00f40cd8de2f02b172e7f0e	ok	b1f50d80e19231cfcaa2b65e36384b9686c059f38a3a1514d96d478475bd9162
53c0349166e29b62637aab80d2bcffa48c158e5110c59c89f83931d8e43b8b7b	ok	1d9c608c6d95fb8addf7bc8d454ef1712ddbc6d3676bc243cf6891f116906f87
53e2e9b9afb1ca077de3840000651977364989492749a03248e18a645f59fc10	ok	8aba68d8be83731eefa2529c3102449af6327e4bb5e00b21813f4349ced6157f
53eee1819547983a2ad7840e41b89638916998d9abfa6b93972586b2f76cddaa	ok	22162cfde6ed5f95996cf4f772f601e3af73ec56439c90746d0a425004bdb08d
5415ce66667b91479f1148c9b26df7c8a315685dea78c07a77c0d25ed942c0d5	ok	680fedd62aed964f73100ba361a407aea97371edd626dc62d7c546478ca8ed28
5415e9f8e06fb0434add85b70dc4aa8467a68a403fd5ae1605369985fc33c739	ok	8ab215bf32e24804c397194d7ebd193f74a28345e8c2b1f2e500e40a39ebb6b4
542030d8c12465514123b37245969d41b00bc65af70e4a1cbc7d27aa5bb2b7dd	ok	722a0225729d0584d49ad85c02e5caad77f837d274efa2fa8ac25549ab054336
542299b2580249d880803adb13ddc0e3d84fa8dc8712969ce760bdceca4d7b89	ok	f51b0d80ef0f7648330b8acb9bb03a6a8c41265ad3cf1d2ca2bc6ef8bc6f07a5
544bf21528d1afeadd63c31b5cf162c97ae924d8fc63d5f3af8d27805541a373	ok	51c5cfe9538556862e53e1ed9050669e499a2f5e7d58468e8065b2a1300656ad
549a06197f5d80be717fa6723638da7ef22003e615d979874a1094f22b31a889	parse_error	-
54b5a56833ee067ee9c51b9c04c145fbab1c6f338be2c969d1994739debbecad	ok	6ddb0b291f8fb2ba2706e06a05cec5375025d6c900425a7619e19536d86f19c2
54e3e9030fa78b39280ecc98182a26cd4c0c4edb540188dd5688f93105d3fcc0	ok	d249b49cc3939273f8403185193787106cc56ca1c46a5396d50b82223581c3c8
54fc1a778dd69165878708d8e8e7360cdd310f9f3ac78abdd92da58b717ca591	ok	342129bc898082e4a3cf340ef6e050fe4758d28012053e747fdea173ca1009c7
550d8fabb5ec28faa0175c63c2b8d3913de6a1c53048acaa12d454ffa46c14d3	ok	8234536956246def1018644a7a592405774c73749ca3cd32e04ee24328f9a697
554de7b87593dd42352995d89a94a8e7a432d1ca69906ff62debc9003ad405ab	ok	cff1dbcad2c1739ced40d993ca68bafb82f4c8860b9b158d42554eeb79c94972
555ef7e11b6ee8ad14a8caad35a5ad25dbd38086ff9482279b03aec64bdcb52d	ok	84abf9d9a443b6300ae871098613658c85d4a81cea7be2b009971747b0af072f
5577184cea040269106dfc4d3adad317aa4aa653b825590107d19ad0e413b3f6	ok	57daa34e2d229f56955e1e9c962510055852f808f68e4890f337fc051701a282
55a7e1c7e15e5ab5a374f303357f4838ce152ca4ad0c3694fc21171b284d9a46	ok	36566be193b20b5431fb0d6156b0fe70f7442c8b73de8484c07a43079a65ab73
55cd0d8db04c510e5b6e4f6f0ed616cf3b871ed68c0648e6599fadd154dd8a34	ok	36b89654279df2da5ad24ecec1fbd156f6182f93b921efd9acaebf69debf27c8
55d0ab1117a5eb8dae396e8c29bcf3609e7ee48ce70db54f610d3df4e0510b53	ok	d5fda7f9ccf6c81b975001158709829f985eaaf77a609a2e5d107b8979d7f60d
55fd4c7aa52d730e9bbc34f412bc653aaf5516133d1aca2934661008cf6fc800	ok	708c3eab6b3ee2d7ed333ecc94cd29da8a912c0337b9de88e61c596daccba280
5608058c759fbfa6c62a2309fbf880629f563aed1b6319c4c51a2e9092134f45	ok	1df3ca945671f94fa17a73da94f189ec3258c9fb1a4f3d83f7a0518823ba18ad
560cc3b89f9349543afd55a3bed666c54226d936cbc5d12e12bd49f600176d26	parse_error	-
561f6b8492d20a69ffeaa053b23de5b0ffbe8280aabda5c927abb5b3de11713d	ok	a52c34aca345ab6ee676561911677bfbcd2a51d65375d50592e146f5f1a87175
5620bf02b866fb91552ec6a3ad0304c3ce2a5d2127bd1a3627a99d149cb59ea9	ok	38bfe8abe70840a3b815a57492154d8898b86be872b0826c29fdcb156d7cbff0
5627e733c4d21ab513d0d45846ce561f8cee91365e7912095bee61372e8c8aa5	ok	79ca2414e696e5c9176b655c0db28952db69b87a2003c0420dd4871346291888
56290ca46ced47723c0c80e9331e1aab68bfd65fab4d0b4cd5e727f445349397	ok	aeded418d6540cacb5c33d0780e911d181594a1a8f006276dab9ff4af498af55
56301093a41ea0a07cf9338b96810dcf1c5220d68c79449c78a0292e029532ea	ok	325f4b000e4f2c08668df6ca1507d17c8a3583ec2bd38dd52f1386274eaf0836
566ccd2b59d83d19220139cda9a99f32184336701948e9f553afbd5904dffb63	ok	e70ccf619955bace187c7b2cc4e273e4ae9ebae6f39540d9c32ac03a5dbf35b2
56810a401ab0ae1df5ae5de65aa132d429fc60f7c575d2f29da103f77cdea0d9	ok	71d59d16e28ffb66c8bec323f53d8d03828f8b115e221489ef65f66dee2e1d32
56a0b5390932ace9572ae57dbab107381cceda789b69e3b04950df5f434373af	ok	d846041576cd440f1d43267e9b74298862057a67ae69d8a3c04a951d574b326a
56b5224680841dcc854a3c5637906c4d0604552593b3a0d67c60c4f692780ed9	parse_error	-
56d18ce367154dd4e01fa91d8edb0a7c6cdfc913fdf0fcd6506efb20585e0064	parse_error	-
56dc7d7aba44b18c6c034ec6c0fd581691e69d0730f44b234a67bdb8d6355597	ok	661aba99ed463d3dd3953d3e88894692d2c8735db5c81cfa5cbd44cd05742f3a
5708ac7d0e89d4ce35add604661ee6d1a05df5c3f6cf5d7a8fe61ba594f80f6b	ok	cdd06e89bf73cb8735c6cbbc544beee4ba593badfe98b18ab2c6ab15f1b51de9
570a787a43b500e1577e1050076a6f81e1586490d8cc5a94a6f6f5943a90bec2	parse_error	-
57578576677810c7ebc4a59795945598a9f599145bed9026c221835249781143	ok	291620e44a8f0751d141dc2bffc0c9a1723794e2baa676e2e3aab12d7863b15a
5763272fd1ac0d35d1dbc005f2f15e48d38bef07b1358fff7979ac3807eb3109	ok	1ac4a97ad3c6150c9f77316b84fd710bb261368b1b0ab80e6f5d4faddf73cb99
5783d8b7ee6da87efdbf17e23a9fb445ae31f63fcd5e37399bc5249d21c43e6f	ok	695312a2a8c6034208d540d85ac03cc8c752127bb1698f82624097aa81245a59
579f77ca1fe4047a51946f85c80c4b83d4b199d076aba3f80a19ad93396fbd3a	ok	293e587450b8eb0df46ae77197ba63babbc00502f24bfac389c5718284c63ec7
57f722a44d88f34797ecd547b4e3cb7e28d86d380e1ddb332950018e57d31246	ok	c59337ccf648128955d342621ed54499dd6aabef76b9278623df20901a4fb70e
58091c20ecad5ebaeb564351ffd7ef7dd9cfe763d25c49f917292308a00f985e	ok	974b142960a7a85769cfb08753651c3f02297861e828cad0315453c3722920ed
581baab2aa71da5ee6a9809572ba6b341d9c906bd8e204d8a2f342cb624ce613	ok	bb553fe978a1e98bdde346da4fdf25a83b65da04304fb3ce11567e7dcc1db437
584221c455bc0ab17f0fa9cfc2a52a0161c920d54fa85b343f5f837e416e7587	ok	28225839ae9533139190f081654dec2d0930dfef6acb1867fc2b881bb0dc3196
58551ea3b323f3dc5dc6ccd226f5250b76010b78eac7d8e73f0206341c74fb38	ok	5da4d056a192a38ede1d3d93d016c76f88f4ceb09e0c17cd1315b9ee6bca3710
587c507ea36b84aca579882f560e48d889c53f8002b52442c97b6557c116c612	ok	7d35ea12edeab701ee9596ae6131315f4adbc62656e6b2b08ce1f9927e23eafe
58aaaecd2ccd9b2c7f58affdd598ec6e634bc0d720ddbc62ec254e126f95b3c8	ok	9b5466c3c35bd37b98c853eb263e20932b0b719f298fe72b0f409b0858ba67fa
58c3da785bc6810b8ba4c1e55f00edc6986728e1e8edfef408b17f800ed51d8a	ok	99acc3630431cdac149b48f70c1b6a43853bad52340258e6bd4bb6cdab3ccecc
58f45ce817875ad7b93fbb9847679a5297ab75b8761d5b7a63de0ece6a71ee44	ok	6021705b1e3790d7d69eba3207932c726323ad220ecd889a267935368746aba1
58f9b492eb1eafe30976172fc4243b5a2a4fa0dfd37dc599824c5fd7e2e3fd2d	ok	13edb3e47b37c9d6b43369d09952aae6ac67dd600f88aa3c64e2a6f83e938e23
59034f36566f6df478842acfedd5e2d8d2d30ba8709d27fed25ef0c4078049ab	ok	af287ae16939c8053c728b7ca8fa8ecf8cfaa4847252b253e8a60b22bfa7f744
5918c2fcf83cb6087dede621e6bbb5579c14095520069b6f2c76d16dd6e706ee	ok	04a042fa2ccff4a0dc9256b5de45cc396c24dd8ba2dbc4aaa8b185f3fded001d
5937e9e62bfa4acb4d2e8a78f3e035370eea6e04a3eb9ab5d2aa88629af85340	ok	68cdb0b7cad2c45579f069947ed7f36bb4543fa506968cceac06ed177d62fa93
59443e33cf5b1d39bf3b8a00e445a863d28e967336a8f60e60437f6131a67818	ok	e4d87ccb73b61a25c5ccf64f8cc3f5bce8c233872aabbd8e7e3fb3bae69c60f7
5952bdf5e8d7bacae85f9c61a19e193571030eda9f0a750923ed3aeda818f2fb	ok	ec8056c39f29debc97897ce1ba2d623911fc2d822a76a4cfc222cb46b4cec400
599fe828f40330d8d1f520966b0b92c093620c59073c82fe81eb4ad05d2d6706	ok	c83cc126ed0394d2de69cb785099695581fc8cfcf6533a8dd7a5759b7a8d21ab
59ba463e0194e5888be0de961fb5ea76f1aef14156a362761404ec695152c694	ok	5c69aca9af2a7dd035b615042d3006103f74aef7df0280c1e835670c5a397e74
59c19a7d943d9b375a95d8409a471eff604a61d8f0e891b590bd3fcc30e27691	ok	e2f69780325d27a0b9dcaf7877517cb506f987210370d5cfb5472a310eab019c
59cc4bb93dfae38efd8d268a0d65ff75442ba6528b09085e826577bf45f2a203	ok	547ccd7b6b1f1eecd5182e65135febafa25dd2bf3634ed03748e13bd83a99425
59d3cf4c591f6d9b4a3fcf4edefcd6b47fe96ac2c725d6bc3a83e4af482dfce7	ok	48b839834252df65cb74283ec6388a00323156f7f35a949b98560ddc2d842c05
59eb1f0a17dd285166e6950d99b9e812b09104c2753b69ff8cc81dc886d734fb	ok	809e24f2a513df80e1a40e5ab34952c4a4c4212d0309c337a6ba98fdc95059fc
59f56b282925cbc45d61a1d23391aa4abc6f109525e23c6942d80cb3fa1bf9e2	ok	9e24c568a6cef31b5c6892ef2eeefcf3cf1b3812ab44132057b47fbb56cd5797
5a1644937a26caa5e30816c90112770ad784f903711416a64a947f0905c3dfb1	ok	3b15fdff464954ae706ee8bd5aa9248a369e38b2d2585c610ffe59d3d65ccbfe
5a1d177eb6170621f0f34bf5063a8298686785adfe7e80c15f401ae2755b80ea	ok	566629665435130d197064aa29e3cf1def35d9e351f469f96b8cbe7510cea0cc
5a23c2d04d666eaed77222ad4b6b13d46b8960875f50e9f72f51588b5848fbc9	ok	81a2ef5cd58444f3dc7fc1633fbc7fe84368a5975fb0b22e4d2fe5b5ca32b08b
5a2878d179fe302dc1f0ed0f2958803575cef2f2cb81c943656991cbfa8ce3b3	ok	cd90d28e42355794ca9e1b1e1d688294bd1e38cdda8e20d1834678b7e022ebc4
5abfe96c350f29395940e62c61f0751651d6979e64650e4cb5193e112526b51f	ok	110c501a1ce7c5ae947947327e4fb6350945bcf8f45d6cb40e02086a0af07ea0
5acc8d5d6f4e9e71e7232b8141757c572c42c46d8d2430ac23e53e02ce834bfe	ok	4c98fe31263917efd0d6ca98893fd802c6336b1c509816cbdc951d5575d2f526
5ace726f5f6004121a5064a8b92997d30b5a60ef4405b3f139b90b394cefabca	ok	aa0c4078223ca77afbef14c46244eb61a499dfc341db668922a2920aec836685
5ad2010a9f7c9446ffd8c37e1b5a3d0f41c94b86c27898389e90a9ef9e628075	ok	d5298d32d704fc14eb85eb7c356c0d1a85880c471518e44150678f778f07d38b
5ae8ef84ffe4e7faa43f9053242458021c60c053ba86a408383c250b9a252c4e	ok	add98b1d22d8b1765a245abf18dad9e2d52d20e53a0103bb168ed07bf6505d2f
5aea318814c21f884977196ecba1180f15324fe9573e733ad2368f6d9dbe6ade	ok	5ffa4671225c23301aac3f9bc9bf80064c0212d6602d112926277d9718ef3a5f
5b10a0860350df8211d9e59fddc6ab56cfe9674f3821bb9350017e89427da08f	ok	10b0f029c22a72c8c1483450a4b69740436922c591de0337820a5a8b2da5e670
5b2049860a31682beac2970773a097dd661baa026e689e3a82802740ce4e2487	ok	6ce5aa14ae31d2c78abff51aff2c21d6e7c9579c2223f3404426c28146096138
5b206af69edcf368ec1e676e3cd6eba7c5b4a7eb130963b952ef3b5163d66682	ok	b37b46412a5adb796ab3c2dcae9ca4759c9e2b48aede328752125d05f5238c38
5b3152362f63fb6b0546972142209463ede77567950f42c976692d6fce3be901	ok	d7bd66491c7fd39838aa16f8e7f2979a468d10f2c4d640a5f7bcb116f7d1fe49
5b4297409cb4a8d0f428ed2b7f52c51f660085e4d914af0674e5dfe17ba73576	ok	a5ddc2aef9e10477a4f8b766d8ad0d1390173d6337a6c15d78c274691afe13d6
5b42c1616191d036269e9a0bcbf8530cbb3fb769b895a5a0085c764c179c0a91	ok	b688810f00a55d78ca3fd9b7a06979f763da7ffb0f71e1441c12bddf05549ec2
5b5555a2a344de5c729c6003e25de1150dfd12f83d90f81fd95c705c10d05894	ok	af1914a13b2b2b7df5d419059e0afd3a73d98e5806629b4c5d55378ca187de54
5b64c3725cc52e0a1d61a09e4af6f2115072c19bf6c2f5c9b914309894ea06ec	ok	70ecf08750a7dbac720ccba9c426a381fcdaec1c4721e9ba4a8dbda0a539a637
5b84d2ed9f60b1692910cd1eb6b7356876ef81ee9eecc246b12c0dae862ee043	ok	adecf55735615055b51a6ada03b59adaa9a629579bce7f916a93999309494f48
5b86ed3106a235ffb6631fe1eaebb98ad9ff440101335f2a92545d446b24c5f3	ok	b2e8c514e8518cac890798d2bf6fd473417e754e82ca3e729d658452d83e9eea
5b95bc725f73c7c5446609b7d0c8969913d119ba2d77e41d0e1609d8994568de	ok	9667d6d3d23e51a7cbdc9da3aa72b83cab90b24b82e12f39384322d3029b2560
5b9619e48cf618d01e989f4ea15d8f3b75da48636cbf989140e712e37702db62	ok	b199143c40b261d8163f12507c3fe8343d975d490180d7a7fb7ee9ae8580ef1a
5bac6b4a7857537cf7cb1d21928c362b4d266e0cab2b92fc7004e09732a51808	ok	ce4a36d3ed34a5963646e74d8e750c75995d1736cdebb59480032195bbfb0bfc
5bd3284dc9e0048c7443ad2af1dd22a44d7c9e9fd064e1dd6f1bf32137ff2bcd	ok	b2ac00db1abd6aef51d8adc6e7ee6f34b1ec0277c263aaacfbecca469ca91738
5be4072e8c222bf5e1354f6e356554851f4e0cbd74b24eea137c11a68fe670c6	ok	ebf93b5db82fcf0ae805ab9a49cec1b2527d1de3c16306b41fd9ac5c6c2dc6ca
5c1f53ff3de65cf12e96f825ed224736fb667c0ae1a06f0a977d1987b9de28b6	ok	eba7244c4e50326d2b29d28f170facf7aeacb54407021653173efe13a309f3bc
5c261bb9227b8924fb8a523e4ede34ac23a882ad194ceb3666efbbb32fd6b157	ok	a0a67d44d358524c6e84453eb306a070b10c3da4512ba763c3742aa5f2a0c033
5c430c883756eea756ee7f38c827bf49224b24e7cb689800de89febe629845bc	ok	e34a94b074c358aecd75e6223bd6f6284883b53d502b4279b524339c01555f46
5c713c2c501c5cb16e245b02be926663e1fc9333872366317bb070936479eab6	ok	9c1d7f7273f0866f5cff961ab02b8fd996c41c3f9fc8358ec086b55023f9dcde
5cb8b7a7800374980dde2619a1aadb4c2c6cc01c0a98bf4874c9ee46679ab18d	ok	9a4b876e71df70e712e3952e36e632f03114aef0c561f09a9c7cd1442018a3e5
5ccf6180f0c532e73a38a24053104e86111439e2114d4c7bd1501af8937f5bf5	parse_error	-
5cd21dadcfc10753102db22818d164000c9743670a519264b9dcb729c0c974f4	ok	c2880e23a1ef494d16675c0466e9640569d49b9d4fe830ed66140ebb4db2932b
5cdeae61c4f294c63c19b85406b9d91f0fbcbf06a48b0f76038dbdb6f8a197c6	ok	42f6bde706feccfbb6abea68d04ddea9b72fe3bbadcbac6d59b725ef69dddf41
5cef807d923d0b90ab7da707c1f0fefab5d40cae3ab1840c037bf6e249dfdbfa	ok	9a4b876e71df70e712e3952e36e632f03114aef0c561f09a9c7cd1442018a3e5
5d1aa9d926b6dd91ab2e6b94ba1ada2192dbe082aa700ba69e139de4f0f833e8	ok	6402dc40d7b98996d427e841ec37d37bd7ea1aa51a76b6369066005ce81b4cc0
5d4bd1e7252fc65c287a9b91d9dc9e03832fb511bd516392bbd09498c58905e9	ok	ab0422a38c5d2718f92f801000808c439201a71c4dd930f393c71df2188190b2
5d61ff5d03591c26f5e4822bb8e8d1c48c58eaf3f3eb5d77683d700f60fa3a6c	ok	686386a7a23297d17d5039da08f3966a9ccd545d7adc9990ce4d92416257f2e8
5d6c6398778d761ce617464f0a5d2db4872a31a3ec7a856a185b2ad1bed1474f	ok	fd42868180b95bc5ffa719f14106b7079a2262a960696d89ce9d4905303b776b
5d75f625aeb833a7273fc57a5ae4f8549ea0d822c68f74e4f542f301723ed450	ok	5620379cd3afa1acc791193ce1ac42a7ea67d17a51b449ba014654a545ffdb4b
5d7c9343d06b28639cb6c012364f7bc5a88fba760ed7a1003ac2e923fe900a33	ok	039207a8120b80f5a2b3f25c17470e9b41400993bd1b6f5fe550b82dc65bac27
5d92895b81b9ac309cd26612844f2bc852da21153d5ef4d497d963bb191fe3ec	parse_error	-
5d946b5f988923044073dff6612f283aef28bef77f18fe8d726ec5810860043f	ok	0340d2212f4b3f0bb23981f91bd1321f3e025a9f654faf63dc4615be7835af24
5d9627bcc40cfb15bdf9fb5a8fd815cd54e0ef86ef6983f01c47a3812b4dcfc8	ok	05028d52cdb4318c4433732723b43ea0a25fcc82babbb41fe14445e0f0d084ba
5d9866cf8a59669f27650e491f53995754658f0250d48019d263ce46d29b7912	ok	3f1e1f7df3108ee67cb9a11de11a3484de2b558d7e42c284c264aa9eac01cc9f
5da4cc37d5fd452892712349c192de574a1913a0d37958bd2b57d813ec5f846b	ok	0e248356edd67d520e606637c985f93c23f17107844078490af1503d4aad8ac9
5da545e5166e70d18bba14f5f1da434d4cfa02f8c41f1b7b86a3ca658d34da8d	ok	eb006fb79c0b39af02c6c14968f874f6022fedfb5043df774089eb1acb126434
5db030cf7dc7c4166d87ad67876232256f499bb7ddacb15d5d006aec73bc988d	ok	49bb4243345a2caf186a55468a34c1d0d85d68ed85da1991d0ec6180190ed3f9
5dc77d92139d14b8f1a5177ec66ed5feb024728a6531ca2163dc4330d88019c1	ok	58adbe942e7292b5d67fc5ec9f88e57677da6e75247be5ca99a6fd351ae77ed9
5ddf44d97112798d0078b00362b680005411c1361c89cb8d85603c0c9015f2c2	ok	c1e2d158eb5f4d5944ac24fb7258d2979962f3c16e3a5e590798e96828fce75c
5e0a4697cb32f472ddd27f56cafcc92caf829442f3f98650e2eb0a0c499809cd	ok	2f1fa201e28d7d2b63630ffd7e943cc83cf05d842d320a81b7bdf2b0ee2161d3
5e3e4407c3ebe1925c451c1651990d7b25bcd54af5e2503ae28af045d6a2b448	ok	6409effd52594147b5fc12cf9fb665c92a81c968dcd1f843f1ef0b0015268eee
5e4f43e74770f313b77f82ac0e28d9f137c394f1ac0bdfab0eb2d4637f1910af	ok	df554338363bcd833ca99441f36230295e4b952313743081d8fcb69af14ac940
5e4ff427da97774cafe83a793c02acbb8209ed90ffc3216b44f00acdeb2cc750	ok	074779f5c9f41a59ee7ae1f98a4a560e1099869d47a0e88b65f106b11902b350
5e50ac62ef326fdb1d4994ba587e30cfa961f5ea6d2f1f1fdf1ee67a8975ddd1	ok	d7bd66491c7fd39838aa16f8e7f2979a468d10f2c4d640a5f7bcb116f7d1fe49
5e7d2a520b61ec69bb3f204578c11844ee5ede656f62eaf124d097e624839f2b	ok	e5e0e431e81ec79ed214bb64b24503fb82d8da9cfa2bffe127acb7475d8b1d9f
5e847d91069f7786b1b0da456ffc91a316eae2c28c72d28088aedebb8a58475e	ok	2ef3681023583a68283b4ea376b5f60ab089c07d1a1ebc87bcd55c158db7164b
5e916226ef64bcae4b6f6f8ee589b064df0fe19da02499a7e8d0de77911a49ab	ok	3eecda04f6d4745cd17ad271d6be76f362ce07d41473b2f7ad822f17cd7849c8
5eb851a9fac6e6987873e11f444432841ab671e82cc808581735a01188d83d9e	ok	a74a17f8a15caacbc599abaa3f8cd27e1df5f0eca9704af6a76ab11ac4164e61
5ecbed9545ddf49b70b6b155341d6dd65f3b772a7d10c9a423a89cb00f0aa24e	ok	b037209ed7db07b99cff2346354cc3f7b9086c60c96af72f5e7bf801b0545ba2
5ee691dab81c0695ef048241e7692ccc0380600037f4fbfc25983933afa5f770	ok	a519464c2c0adabc03ca365a7ef824e075aa3309561df9e99551923937f318b7
5efd2f1660a312a4559d6a778b31a7c03d0e09a9d4566ff6e542aaea4d6cee24	ok	56b1e0099b7a9450c7dbf3bd75f5de0b7fe1718098ecfa1c4f355089be7f6b57
5f0e5cf9466420d904a670dde2dd3da381c4f8034f79870a164ff33e598111ac	ok	eedea9c0d85713f6110497ee9a7042a6803e7486c5ebae66b298d80264f86cc9
5f15f90fee5f7e8c12726d2acbbe84220bde76614cbcc0cc50bdfafca03e1333	ok	6416cc3d68fc3b3d0f43f8ddf528750f4ac7f284bf1a932e1db468f7dae72d51
5f256bebd3bdccf8dfb663de889f9a705f12ab78aacf4e5efd3185da971ea0ac	ok	aad2b474a37c559fe7a4970d1ed2a42c1155300ebaef8840627077fa8676d7e6
5f29926bcaa6029c7b4b6facc7239d57b5151d39de3a39613a86d4c70afa17a2	ok	03f6e3edebf54868b1cf36a36eaadee874e524f59b869f4f2069c88dba23f658
5f3b1e0a6886eaf099fe91fcfea54db8a34fd9c061321934d15275b327977f5f	ok	684e56af2686b604f0bd089d2c32523bdacc5e3038f51ec071e4f671a2d9bb44
5f3fcc98470e8987f75119c2bcca57faf2ddda55c4cb61f84d697b99658e4a2b	ok	9673c3824c4519f7f586e8810644a6c8c25f0e5ecb5a5dbd3db8438c2c9623b4
5f5b843773df0987b00010ff9e4ee3fb1b6eb23ba6213b177bc1faa4ecbd4fdb	ok	fd42868180b95bc5ffa719f14106b7079a2262a960696d89ce9d4905303b776b
5f76ac9d6184766b3190b2c20842d768a1638a6827a5619f9981b322701c19fb	ok	4268b5025adf125513a91fd7c01c28795893875fcb4ada1d9b9a57e2c62465b5
5fa04d2f96a66de1dd4f14c037182819c565aea56606408d65ce293e449744a2	ok	874b1a561f03249b4657ab255785619ac565ca238eec240e09ceb349f4024669
5fdbe563929dacd8d85ce758d5eaada2f1cc356e9b55419e34ae29ccb4a140a9	ok	23b2f56c2f1c1d8089586b7a1c73454650b10f93511d10950054bb591fb8fba4
5fecd39a3a27f5bc5779b1edbf3a08a8548986f3b9c615a65b4d00dd04e12aaf	ok	96c51f1fcc7a703d311025abc8ddbd48cb3ea307bd94b6e404d5ed0cd3a5fb59
5ff9e08140415e6c73795f211bfe6dcb90ad16a591d06e5a86a6166aa31806bc	ok	8a767d72e472608055954f815b4b066c1c6f13d486e25683b80eb7197f79c007
600be21b23396dcbc43607329db29f62573a6b1fd6edfc258ca4d83f413adea4	ok	d198acc4e4a9516b2ee41c88e0c76e08222b5ee078c982ea2657ef8e9068502c
602c1f2b2206b9cc44ee8e57e5d820e223d4fd6192bf472664e65b506ad81963	ok	59bb4ce9991372b61c16d457ee49335ac9f2c8e29ddfd4f63c057dfe042d95a8
603b6272c78b888f98474aa798478e7aa4971afea8deb8c23e6e5676be3f064a	ok	05794eab89ba474ca884368d78630e6077172f275d5c78a70a2cfa521d9d0d99
6049ea47e24d183aa360647d2962db23ea2b336c1d922ddae4600c51bef425fd	ok	6b35937987204f8cd20168905072f2cc24a282e52639d60183797f2bb953c88b
605434e6c566efcf87466cdd9956869c74ce33fff3963b67cc0d957854a60626	ok	ec192fa5b04d3e20c6bf869053ea2b46f282db5ddcf2b54af172696a17cb040d
6064f20b24f760ed8c9c16067cf452f05710ddcc6d5a17f8ef21c069c20fafba	ok	93c5bb2286d6d589aeb467ee55f08cc3a4bf40ba2ab88a24c9ec9faa24d70d9e
607662e58a96a61ce42be4ea50950fb2e3ef82851b2e400c80ee109c26053ce7	ok	332f96c3c9677c78f81e8d950aeae13546cd5c936a8d3ef658b1f494f839e7e0
6081533059655050bd737805cfacca5367ddd367605d6bad74f1675f89dc3010	ok	0393ec96b849752fe479d3a14789c0ee663f280c55e8347c89528e8f1281b01f
60881fe39b3f1a41a5983bd5966951562760fe87b8d465c510dcfd8ca1c0c852	parse_error	-
60a8b486ccbb74db9d77477866c1a2ea2d6cac0c113dc6436aab9dea27a4f5a0	ok	d5298d32d704fc14eb85eb7c356c0d1a85880c471518e44150678f778f07d38b
60b05585718e6a532591379633144f8bb32a2d13b61d66e56603d30bbc3eecc0	ok	e55defe73fbc352c1a7270169882c0979dd6f6db3af65d8dc2ed5ea9b99bbb05
60b962687248e66c591f13fba1e3c2079c9046a61d68af466405bd54e03fa49f	ok	e07652f4d24d9d0bf7c4653ea8ed35a90c29c7744e10f2653e3022f38f23e3bf
60c8bfebd9b513a3ccd2d395b5bdf99c68494757002b10b63f3e95afb8a9104c	ok	ee1160057751ff46376c9e4607cbca5c51cc0bbbf95082008443ee33053aae65
60cbdced7292cc54f351da006eaedf9e141bf0bea1e2fdc41a1f0622b96d4a97	ok	595c11cce9eabf6dc647805d80762f12067c1c7f3f9b71347dd8870be945ad7d
60e11e1680280999108d5a4145057c1a83e4c9784b1eda294d6406b9c2a27cfe	ok	ff4bd94af5db3f615a6751ce66d259ebe187978230f41ed779c6b85eaf979126
60efec61bf542e4c87a79eea8e0b13c178258e9e9982a8c2e196e0013bfbe18c	ok	097cc909ece01df6b7cce5b754eceded56e25766d869e08334452cd79ca7cd71
60f5cda25a8adcdd651ce3166b48b5ec57b7a942694e299f6a78959b74eb6359	ok	44bda7efd820cfa03e7fea25326e9f1b3896d27ca0d1288744b3093c6e582bf4
60f710f2d37f406d807233c1d638f5413d2e8afa4074c3f57640834b57c69cd2	ok	eea81584c08633c1d37b0af9f7c9816324c6349081b11c89ec22b9cb94c893d4
60fbc0a01322fa8774543e75513954aec3968e4862a71290b1bc54df27cca76a	ok	695312a2a8c6034208d540d85ac03cc8c752127bb1698f82624097aa81245a59
6105680d2dbf5d7b2ccba3fa6e4ca7302f58c68b563e2db2fc176bcca5fd51f3	ok	e6bc9c2de10e7fd8391ad2a11b81c7277ebdf8419120b33aabd8880f9e984d87
6130e8c767f16cb7daf3655c1eef600cb1cc98ed7c086a1708c3ee317b477870	ok	6be5918aee98bf307aebf714b6fd2f9c2ff8545d6094562ac2386bdff31fa8d9
613ca1c4a0ad573ae8fb4f887b91ed5f05ff6f7b0e7ea1a72e3030428f44e0b1	parse_error	-
613cf996cb33eef0ac3f6ff6af8bbe1ae3b944223c7d81d1c71926cfe4bdb357	ok	a2d5d563369b79c9608b6907b0b9c1aeee913a914f72e5beb10fd949e0c8e298
61863495b7b752195671f819aa65259562af82d56ce9f6cef81edf5e156ee42f	ok	6e42fe724d010577ed56d4615f7b271be297ce76327bf716b68b71b6815dc747
61b107b0dd3fcfee732c2e512d365392f52d939f9b110ffe3e3af7867a1edd13	ok	3d2bfbca4070846c2c458ddcba234d6664d21030b6e78b161adf2dd3868a16fe
61c1a29be252db670d782f861e8eb43495fa009a41acf1957758e8eae77d799c	ok	9485c5a9733d1fbb1b2a1db9553a13993963bbe1bcc3a777032ec7faed46b265
61cbd55c269ffa758d62bf2308e96fd475e9e12c1be020ad839305d7f3f18311	ok	0bce878285eb2d9424b47929bad19eef38b4ad211269dc8a9559141b74f74da7
61d01b56f832384725a1757c6358c9a50ba741de1b3f4380e5eb4c1075cd9a96	ok	88adfe1c015a3a04d9b900cbc2d3b5fad8118f6577e57018eac1fb5af50fa215
61dee077dc5d8d44e193d939b28e6a13fa9d720c1e687b8ff802a027a2e5ae43	ok	787ea5e9b3e90d5cf3e0218c8d85f2f6f9c5da0751ef3f787314dd5750d4f293
61e8f0edfd52853e541dfaf92a2f089eb759dc40613f3468989d2e8c8620126d	unsupported_shape	-
61f247e128a4323b976d44a1af0ae0de6af91067de923c3232918c29d18abdd8	ok	0a641dc162a43d7225958be3de7144e2da1142e5259a6a527d8df6a0c429f8eb
61f6dd8a652a86a38938b1075e8f1222d7e7cf2bb49a6d2419eb238b6fd1249e	ok	aea59714fdff4972daa103342541b1fc4360bf0e20e244ee8d6a9ca0080be404
620b95f1e7dc9c68a993f0980a9441a7afdf87388c0a948de71fc19ab7188563	ok	5368cf5065cae834a178dbc72ddc5cb646a041c5a9021b01c6ce83427d455acc
62198581b8202559a1de4ea4d767f83643cd63d9e34a2ee9aca55a248c80738d	ok	9996989a5d81cf66e45c308de0ff7a2fb6c216b9cc7fbd4a58c4529c6027c1ef
62210bf9fab4598748517a40b11487b19dc990cc1e2306848d5a6bf881930796	ok	910301b575114699617db498685cb4d00f5e00205d56c8d94863e164246e287e
62474477285b045ddf25a7aa6371fb0daabe252f8daf6d21ac8ab7ea9d14dc43	ok	c7d916e6c7a7c2c92cabf50da072e17c111aad490b12333161d79a78aa0e07f7
627367f69469c8b41086816a97c3f7c0b15e25c0955710e4b48deb4d7d01b769	ok	029287d7b9de001c9bddc39fb1fba2bb6adb7776d1bb1da3d12dd7a4366beb27
62af9b3a46864c57d1244891728e3377b9c03dfb434f9da742a322b064c7cf5d	ok	d6cbccddf76de82cd4496bf755e742f6b727802f607308bfa19116285fabe965
62cc3f2e010d2db033b35cc9cfeae52de65d181e2160bb2028b5bbb305c3eb60	ok	91766f86760a46cd4c22aa8967134227ed7c2390c44eb8e902e1edb7cd6433dc
62ddc1fd8b5b9216e95fa8d6574909345c43d73f9e747dfc54dbb473ef309e70	ok	c2c97a4bcb151d5e498d0ea8c069fda25e1577b37b9703452b5e1acd0399bdce
62eee0d203e23d067de3999525bf41e59059fe5337c82dd1189f0af4ca9ba3ab	ok	b72311924ac63b072e1bcd9f86d4f5af1774bb242403387d51f5c664f2282545
62fcb4f554d179293ee118c38f3d9c692abe303e826abc966473f6bea5472da0	ok	f337116ced485aefa372b2945a6a2512b2b72c876aa31c8b26f97aa5ccf09c89
62fea3665f21759be33c216e39a433004e33470ac5241134d263c9ac81f27dd6	ok	9421a324aa3e7f76265c5228a78381ae460b53b451a8ddb89d267674dc9451ee
6312c2deaecd830f378f97154f9f69e2af5d603d6ec73c8406090b25f6cdf716	ok	06848752d35e0c96696d9b3654e921ac02cfba1cfa4f3ce1e3371ea30f7cc80e
6321fb6ecd6ac2a34a2c61182caaba7d399b68c2a5bd04e4e9c14a4fcdccd826	ok	099c86ef3626b93d48aad1b390fc0f1d113b0faaf8989e495ed66cecc1c83f06
6343eb8c2ba7a7a3fd5cf44d81ec62fa815fa81ce31eaefb04ac55f4f4ba519a	ok	9e997fdafec168431009c1a263bf74cfea37d0b5e2fd60a8819e041dd368cb94
634ece24102d9e306b580be3f040bdd38fec57207c2d9a4480c9e423c7dd560d	ok	00cbda4ce6c29728c3d599f2a7ee92d5c9b594ba5b7b56d7dad171d6d33f7fc0
636aa87f8dfe07f0efddc6aa30e53a746f7e3932600ee93963948efb812cc0d9	parse_error	-
636d8705260b7ea6d32f6595fa7ae706c889d18882ebff06fc2ff26b58b0a88f	ok	cc5e7977a2e0a7fd944ee2267396237f08ed0a63146ad90cf8fe45adcf5be180
636f719c2e18d12a53f2e1b12eb91ddb0eb8bb15583d0c6e3963b5ff14993158	ok	5a5cb7712b4f1fd07f993ff7da3ad0abe9de5c1b471d0bac4b268fed5731e83a
637252a2d1b77c40194eed0576821e410d0bfb0f6a260057afa792a17a7f9c1e	ok	5811fe0492302d79ff3934828eef611bf18a2c79d9ad3648eaa4b6f7c67b8e19
63783559060975109c8976bcfdae33888ceff9878c9503d973e286c0c7a8360a	ok	a64c1816287fef27a9f26ccae2b8b02da9e4bb4ae9823075311a34a7327a18c8
6383e7472d62a14d1a70c38549dacf85f85e1faa3983878d6c0933ff17841173	ok	5b89ac58495f42706a8b2a03b2492a12eaa60f3be50865ebb26720141839d087
639421d5239ed91c8b671b6a2b7b7b8e3494352258576bac3881e80e5d825ea6	ok	b23959aaf111c453342b1f177f693cf975375838493300ce907fd176a0b5aace
639e831d55580b8a06cfdd90e6adde08284df74cf512bf88889f113c75bb6f40	ok	4bb6165dc7fb2aefbcc597c426a6a3e6b6571149cdf92dbbe5b9998f1bd18e30
63a72b51a81f50a154bdb5d79182b31ed11604b4ea7c041b7bf8660d237129b5	ok	b2cbeaabf3c0f6c7d10cb08ddb09be96e851d2a541c5aa40944c50fb303cde07
63e69a615f9a663d3a04df0af20fb7b61be776abe8f006aa477fc19e91bd8a20	ok	d8e92396cfd76a385fdc7a04e3715aabeab031ebdefeb94aa4d742c7cf05479d
63e8c2c808108f26b26255708106a9cbe406315ba90be32b771aee9c456de9dc	ok	c86840c6218a93ef0254cbc6cfda3d8e6a32ec2e0cb2078c75d6963ec8d0ed44
640127e430ed24adc8761a7991b12ab5d018999dbd8b4557e44193fea3111f91	ok	ed4d454d3b82965cf4f666e9c2f764d57f81d7e5838234362200c9ddc24da809
64185be477ca70dd2f4d62859fff8bb4748e3ec5f3b2dd85fc80f2bfb5ef34ef	ok	8b4e938c5bf3dad16dc698240ffb7fcbafed33ec9b96fccb750e485028f58a8f
6419c558b6904dd4851da9b7cb5eadccc130e0aab3b60086d0da169100ea28e7	ok	9fcefd06a7437466cced43863667f511edb84be5b28bb9eb2f0e16c86eaf132e
643e8b9170a626a4a1431332696ca6652692e3a8864d938f021265ee80b283fc	ok	81675d703ef91c404e9d76f841096790051083647c6b5fd2809d9e52d7f0e586
643f17d33875c25ee74b72fec922576bd47d779da13ec5a9deef41e7e897f024	ok	b0cf1f9fa7f1a8bec27c180a9962700a12849d7b5ac344c68dcef2323d80572a
64444a69952667a42fb4b4e7e18d5666cf0f59e35d33d942c9790686d3e890c0	ok	af350cf95d445ccd9d86f521ba6d8f4a886a33e150c10f05219a815fa36fa394
645ce43b01b9f53760299bf61495e13332b5d0b19f04ad05cf111b1e197c303a	ok	c6a942113c2db52456cfcea4345cb23eed20320eaeadf88b46c12d4c8608ad01
645d3ba4be0b4d4452ce6c22470cfc0d8360396ff41cfb0d92416945a5bb2432	ok	32616a165137618b4319509e47989a340fea44c5b73300276b1c21324d48c345
646ec30d7493b373eef215302ec994374ebbedbff27a7a9ecf13739247a78a34	ok	7a363a6c44fcc48c55ac278796efbf452ff460d61f874ce62eec18483ea57544
64975bca2f8c3dde69049e7d5caa6cf62686e5b85f99c51f6c3d21daa8b772b4	ok	96b28457883e6497bf897f3a867a873caa52bec58b899847a8369d556f92ef88
64c90d216c852e2035f024c768cc021e70779856f5dbad88e38adeaea466b1ac	ok	18c44125182c47062716558abb6af6e7543ad36958be062b89ddc7ecc5cf50a7
64df03fe509fc1c646e0e8f05fa8d29e91ebc2fb8e84e5a29405a219c2016450	ok	270296106acbf4f520412deb76624d909891a1e70bb262a048768e7ecaa4050d
64e2c7a5f54241d999cd07e4413e4da7d5f7681bcbf339cecc94188b60be15fa	ok	7345e612a51774f5817a4ad43a017547dd4f999970b7faca6668e21170a73d48
64ec2b06af467e73beef67302530a2e9964e30e32b7025603d0e8c6f51c327ce	ok	03e83f2c61aced4650233f037071806287c2267310b33a948277304b09762e84
650768b38bb91e74ef5316a111f7e6e24d43c39c2115947d54fda97635804b57	ok	9508516155eeb1d07e6c80e2ad8096ad275f667f124f1b72a9ef3f5e8251d780
6510f998f86a1d5a9271952c17c65b8795c1367829d794472cb07cc383ee99c5	ok	81a2ef5cd58444f3dc7fc1633fbc7fe84368a5975fb0b22e4d2fe5b5ca32b08b
654c3fd9ba0d7facbffed599043d95f70486012a6842b01b8c87e86150a93300	ok	ef67d72c864922132b0a508253c2b19a0734f5600bb940e1cfbdee49af89f2ed
654f5adfa0f81654829ffe41f3190de223e94a9f412ae27c3d5b8448ec79ad4b	ok	1282b906edb2e0dd436b705628d6d3ce833b21e96e73f185da5e03b98a52264a
65659dded60b19b69c924a88485c1cb3c2b2191d9fe83a964c132994ece2fc24	ok	5b89ac58495f42706a8b2a03b2492a12eaa60f3be50865ebb26720141839d087
656f26b57bdcad2c182d387d264df25143438248fbe7e44c91b1138eb9a40d4a	ok	0ee99ab1c410b290418acac9c83ae1ff54afe35e72de67582bbef80d3a559924
6575215739af25937b5fdc9d804c2ac7fb6daddaf59676ea2846db604c956172	parse_error	-
65a1a94b7ab24d09f0c9f59621d061e4fecdfbb67d2cc5e4e94cf9409d193ace	ok	a113a426077bd456c55c3d2e56e4c5b15a128e386afa8afb22b1ca2d7e364e91
661a113549c5906149d950e6f7740bddf27d2c80915684fc53ce5f03b1c7bdaf	ok	6afbd27015b489735b88ac70fefd0c07aff570a5abfcaca8f9ecf13000c0abed
66368cad917fbc7351e70a89e11b2d0bb82ac03b24cb3c65870885fc23be4225	ok	3c48896adabfa70cf9132949198d69ba664b9d0d307b017ae9be0197b0eedf49
6636e02a98e59fe1fee68503cb82f59e5e655d72e483d18194df3523822de6ed	ok	f165547dc2c049ef4e94b9ec4861c9123feadd4103099a5090cddfa354a4ee87
66411c5532930f39ce8346b3e99908b7e8d35a941b3e91fe28115f913b1c548f	ok	402034e5093e6ec987f0129fb974f3ba05c0a69459046f85abc65ce53cb29405
664d5980c5c53597fb5f6c4d73d8b8cf2d39585ff01551b4448ae4e37f586fc2	ok	03a4e64f6c84f09f7893cdf979ce2df0ca8195d786fc93b67ac112ef72c939a9
665164401e5d2846093b77c299f6d5a003bb0dd882b10e9300965ec52a83a4ec	ok	77270b16a8fedc5ffd1fafe2f998a035639e93f2a1cd8b1ac3a7d82517b23b0f
66560b4db27f72fdb769b19e987f2b62325127536395682609c4060470c16e88	parse_error	-
6657aec6d0becebeed5421c82b1ad245f8952b335416dc9818e4635888716923	ok	b2cbeaabf3c0f6c7d10cb08ddb09be96e851d2a541c5aa40944c50fb303cde07
667b29ff45d90df8edae0c8dbed6e1eed51260f03269478fdf7855629b579e8a	ok	ae3c2bfb01a501c0a8fe989c8b294c69d41d3579a8f5814354733bf1bbdebf2e
667c196183f7acef910f78c0bb1d606b7d64b0e7de7d0a67084970453e6a9229	ok	54a92982e49ad5a8070640d049b619dd49102603660c8799b3cba4cf34600082
6699698d599e0fb0a4b31d96550c8674130dca48548b63b43e3f81303cf31b7f	ok	846504b2e5bb46afdc0ddd3f3f93163e550f8c16c8ba28e771de382191a2147e
66a1f6c74e28c95c527be4d0bb484a97c466552f54626b0e9dfceed28a8aebc9	ok	fe75a441395017b47178502a367b5f23dbea0e813231062f91f69e41735fd489
66aa152e04c3a42539d40a0beee73686ba7484cf98e17724c1ef9fa6b1003521	parse_error	-
670037d6a743efbbcd18cb748cd31f9bb3faa5f4d61f12db2ae6fa5fa70fdebb	ok	2e56ee3ec3568f04dc2fe1f99bc6b47925a0b7eaa2406909e8da850e8dcb8501
672e59ab7dfe31eeb882d0e222385102674ffa37f4db2938cdf185ef872e7417	ok	9af8130c1d947872b96664b8a88f7920db7767294863a7ccd30c3d61070e1f23
67495943de913cea92417a163965dfb3340218b843d52368ffaf565174eb7482	ok	4cd477cba093c77e6b49d9af213c79f57126d8fb8333fb39bdab109b4dca10e2
67507decc33b38bd9f1b66f5e49e6fcbed7071b2a6ecf900377b62b7a03a3f29	ok	954f53defe082beedfbdbeba718c850c527df7599b6d55fe08f6e2ebe756a7ab
6750f00e72ada9a04222a97425fcffb5daaaf1b5e3cac46364cf58a6017db773	ok	e217e1bc3bdee7b6f84c555d92e7f28978f84f5f7fb637a60f930b2ffcc2a401
6768e9f2549abff69b12792845d39d0d156de26147b843d262423ceb7e66d3dd	ok	761b5abf8158ffb432f53f33bd7dad96dda13c0592ddc3a948d7993d9810c0b5
676a2c1c097e060931dd4c73c2b2b9aa489d1d14a2e228e0aadc97646d34efad	ok	6ef720cf40fd8058827b4ebb290d7f1088f0ec4fe3830720c726c72cd0440058
6772988c4fd887a26d9c4909390ac2a4ead868ec6ba80318e12860654c5da72e	parse_error	-
67815d9b20c25abd5705abc3ea63429cb6861adec362aa55b422ee2c51134d34	ok	e613a6ea24e8fc40ee3af079973c777b415159642119247cb0ef8d1e94bec45c
67abb0cc7e1fa6f8ed15b7068b121a73d437e5d2bacfbbdbacf9cecf50011120	ok	8081745e6711986146c914bfa7b4f5b5139aef73d556c9f6bd55cb08bc2e4bbe
67c43f869d1628bc45c9697a45c674584050bc184d5170a4d5651f357fcb9196	ok	44bda7efd820cfa03e7fea25326e9f1b3896d27ca0d1288744b3093c6e582bf4
67e286d501fe76c2a4a5e1db109b332ea1ba79a5d5ca447b850264c3598255f3	parse_error	-
67f784ec7c50ad76e427332227883a79d2f449c4de2719909c733e655b8b495c	ok	d76edd828bd5ba6c5a782a4d97cf93d00925bdef15a6ff8125fdd1e5d985bde8
680429276dc9f18604a080e5b166a0564c4940f4a41d4eb9d3983df5fb470bc0	ok	624772f9a9574b20800388c8f4b01ca6b9abfbddb72966156fd18a89f8654e6f
680e91e01bb8f84793dc7b5261b4e0e2a586d36483b379043ad57188d6ade96a	ok	26f185f6bc655232a868a8fce56f3060dbfb67c60497d367b60fdece87df89bf
681b2fb608941ddb92ee367e0a856d45f84b3cb783b03ae498db5470808b94cc	ok	9335c3b3ac73bf305152f300d93f520c6b4165750f65a4fec99cce4675e5242b
688a5f0bc6d870d7c77dff2f1afba0ce8df56e0613668dde01ed32338c350442	ok	5f798a701e0e4404db7367bbb22a5fbaa800a0c52915da96aad6a67837310ec7
688be60e278d49ad87b6421af8f91afc0b03e5f6f9c258c6dc54e9cb5780d2b6	ok	9dbc3722beafa2fa0a748baa0bac6380bc1c97e1fdf565d30a3a83dc8d6355f8
68a6cabea298011afa9b5f2e85e9e7d0e4da9ffc0f1b73c3c04efeebf6ee7777	ok	ccfc6c65de0b756862fc88263661745f5a33bc4614561ca61005f621ca41914c
68fbb688ad41a32987dd45c5e9800c4fe669d2c1b903b6c0547e7151d4a9cc7b	ok	2a3a4b32dbf0f5778b680b1c8acdcb3e70c607bfc76036db6c5d6da0be6c0991
690e0114532d4acb4bc133fc1f0b18a8bb6152695ccac54126cd8e08272be687	ok	a5cbe4eeb00f178871f0f5569ab2cac2577167aeb552f705d529808895710426
69240643c0edff94db7245ad01b3d7f0a751bf7046c36feee521cbc79151bc06	ok	c858ddc16195e06c5ec57a4b842d31b24167bd19675a0d6776d465d8c39703ee
692feef75e0c55eaa9db7bece782d17d0ca919156ce46544d31c5c471b7a05b4	parse_error	-
693f060d2aa979630a6e3fbc522953cf73897771bd5bdb88297780f7315f8dff	ok	45cb1a2e3ae76299b644798a7e83ad083e8097780a87f3f70758e94303687099
694981e7d3e6db5353ea6882306365712eb70dd206803f534c87cb358827a4e6	ok	d775cd63c49540f9768ae9a42f65d99c7bfd5a81d81dbd3dbf8304f93060f36b
694a43a2424222874d226de1b1393420315e772c70e691094eccf06416417b1b	ok	332f96c3c9677c78f81e8d950aeae13546cd5c936a8d3ef658b1f494f839e7e0
6953515eaf5b1b174e70a21cc2cf83851ca568c787cb4cf368f45c26406f354b	ok	ff4bd94af5db3f615a6751ce66d259ebe187978230f41ed779c6b85eaf979126
6965e2743961a81ec6ba469e054d54f02fd0266bc9dc72002ee47dd85308ed48	ok	2e6816c21c484e4192757da1bbfe6efd3d645e48ed37d6bcd4a30a3985b8b7a6
697dd83d04003c108f77f363cc66579a3bb1c5c50719d130afcae34703142eae	ok	4f3b0f8519b90a7fecee01bf66c1459617564b8a0efed9f0cab1bd333d860ddd
69c7519e3c46a0a46dd7e076d7c216a6e236a9068a8e6ff612173f3ab19c1a33	ok	9f4af57bb1723d1cdb9b9bb23917582353017993119f2afb8eb8cdb03971df0c
69d7f4ab782cce24381938ffee5dd612870deb82cc43a3b0a32bb85e83754775	ok	058fcfa8d1ff0608fb12b32acc3107ee03c405052a6bccbc54267a05ac65ce14
69fee99e28361ed11fb4f86d9c34b37b9767c2f155c430fe3e587f7c9ff0882c	ok	162a4201c25169180bc34f3241c5f87f996667922a118273b3f3761d1e5f8e9b
6a05e0c8758468a86d3bf4a15b5aba401eaec755fb3f9f1e3f5f42cc49cd6278	ok	3d65bfd9a1872036e608663b3e2f89c44f0a58764faaa0e4ac180e42563c175a
6a0c1ae68e294edca5f872ebed6e8a40ff3a8cc92cd71d50599c558a3a2812a5	ok	011083109c5ab6c74d90f5a1ad8c73aee5bc6e800fdfe5a15852029bf60a07d6
6a367ea819c21fc034558a6f51df3a19e6e797bb63b43fb0444c661d9d5bb760	ok	28ef2b5244cb188558859f3f5a56441c658ed043e46df910cea6b61c76386623
6a3ca6ddf04044ae349903b8bf9a7baa9a847310914db1e871d7e8ecff51ea97	ok	676508f6efbbc6384ef05d811f8b98777cccb3f9b205ce88c6ef9d2dddd3dff0
6a5f04e0230e4a335345e886ae34497c34c500b77ce9034561a5fb9c93919e8e	ok	534126ab58ad039ade00d070a26914760172e13a7980bd23977ade8c5d6d86f1
6a66d3e1602a239cecfbd23fe7a3dcde89dfbccf9e3e8635605a777d11b45a92	ok	6bb2eb219761fdef861a2bc3b79f18ce4562b3e584c202c8d8b75ccfe6f6aff3
6a773431143ed52d5c806276a0bebcc6fca8736f559bed76fea18fb28187d353	parse_error	-
6a7765757bbbf54493a8cff3095d7ea9e39bae2a947d3f63304408a6f92349e3	ok	231817f576345ebb2f3c4e95043b2af78711cfb9aa3a290ceca797a3d3df2f23
6a7f43b9aa4000d08f3f828633353139b74e4dcc989b1e1de1c91694772bbabd	parse_error	-
6a85262f2d03e50bb0f314662a6fac48cca4b1832ccb38dfad3cba628669c466	ok	cd08112130caf02a5dfd907e64e133094a12f9de118b31a7e954544a9bc27770
6a9333fe02186504ef2d7ae2c8fe8dd0c7bde49eb643c6911fb480c75cf7ae11	ok	ac43e3a85136aab5ae857344575cb6e6f3b811dda20ec573e9473aba129ac52f
6a99e5d84c0a085ae684e78d00a7d6cef030bdd8173016121cc1f3a209faf86b	ok	e537abd2a9eb254b9daaabb71120e20eb50283742c87dbe94d0b7cc371b39e50
6ab02bcb9e5a028ac8b383f0fd91f6cc8a6329328c7ef48a72301197784d3e9e	ok	78d7ef1f9b2630116e8a94102698566a160c23de75fdfc5550fabbfd53e5639b
6ac54465b7ebbc1e5032963daa8a71ba049350ec1df0f6b582cc890bc071028d	ok	b2cbeaabf3c0f6c7d10cb08ddb09be96e851d2a541c5aa40944c50fb303cde07
6ac5770bde46af6fba74e20346611fd61cb22d2c215d53c7a5404d4c0651c66f	ok	f8f5930857eb80de367145410a8e82c580f2e653ab2940aeefc22ec9e11bc4ad
6ae34ed54fad60c60934e0edf3eeb1be0f0435beeab6cf784969fc69fa3613fd	ok	74933688920deab0d15acc69172edf665a9c52c0acb256f266e20ac41a867210
6af44eb34ab8bb81390ed719193ca9989e71de5b2068ff42df22b262ba2d3634	ok	9335c3b3ac73bf305152f300d93f520c6b4165750f65a4fec99cce4675e5242b
6afde0dd711fadedf7a8977fabdde7b8574e02d52d450e06e791b3943ab6e320	ok	1128b43601041cbc9ff712a34774384a47c02cfd2b823cccd50b302696909408
6b18a3142e598141892f6c6b66b520af2f2bf230d740b3f61b76b3d50a709bf3	ok	250e09da9c293ed26aa080d5bd80de399cf932893b4476033feb6c77791109f8
6b1dcd0002a9abf0e67f561d25dcc5b2bfea0c1707dacf642bed57d72632c238	parse_error	-
6b315b6f65ce8ce894b36e14e7fc9ac85c21351f21def0ecd78d8e038320b12f	ok	d9f1b12a5ee65eb575c7a8e9fdfa188cfdc1c574305ab4b37b1a7fed2d633039
6b414ecec1f2b41f00c73e059f22c96711ce1e5c6557c66cc615736c75a325d7	parse_error	-
6b49220efdd5363cad53e716040a551b0b672f78d7472bc1dcda216fdddec323	ok	d8f853c4f5a20a00072ff65fda697e299fd351f9f7afab0a05be9f86e7b22f06
6b4e114f2b45950719a05a7e5690f0eee14233c96649c5aede0e1950d8e3525c	ok	2edd82763f61982c6d265c2d98c1770667e08b7e20e24e8966605ccb048ad25e
6b668b571efe54fe3895ca82fa47d74262414f0313c2cab8257bb2cf33d7202c	ok	71220840b8d8565178a8a2a02c0eb8dbd396c810a085467a726406ecb36b2d24
6b6b93a06a08101b18dcaa05bcf3db045419558b9831ff9191cd29edf05108ac	ok	b212551e4d05384c9c58c64818931b41a291fd67c4e8aab58a0a5c4b9d1a4029
6b7ded5541fa3db92b14078ad89cf4aabf82ecf1356f872573181c5b63ae8270	ok	c6f6e16cf8701e00c4f95abfd7e8726ce45c417d70c70343accda7df3ea6ed47
6b7fecdfdca4c4820b88be55337b5028137c37bfb8176aa4795d8ae63860643f	ok	80ee5b11a2e46d1f937e47e7a995e60de13ab44f6313927aa3255cd5e6def6d2
6b815cd86b51f3bdf3a7e26ac1b89ce5d01673859187d062bffa70e7c5e698cd	parse_error	-
6b96aa9fa6ae30ab17d6e276048a56b71010c9379c5d9c78fa5985f56c6b3936	ok	eeda6b12bc6bafb2760f2deb4bf699a7f3d83f716887ae9ac27750474cf0883c
6baa2d9d9165d1168ced5b0046e20eb463c7a29ec803564b419b31ba3b910dfc	ok	cda2f5c0c0f88dfaa6e1cb9a4084d758ba86527edf8c508028cfaddf9a51b8de
6bc7d4036004bbf70e330e5474ad3fcd2f09b10b0fea939a467b3683a512331d	ok	79941b5bf6c4007e4be318aa6cfbb2187b28bdb466084df9f141c8231599705a
6bc8ee3ad94dc992c5b7b0e36ca6bddf4bd431f2184f4ea1a63949a5760ff510	ok	fd44a40f0a5f23b59cb68c481d3c2fe941f3c8be26a95a71251ccf745b5e07c3
6bde183e9b18e213a06782185260640cc489c8acb0609cae8e8df7085233fd8f	ok	9552d4741b65fbc3e21967c3cdb735153402378e5bccfd34caf196f1ad2a6278
6bf42d3124cd0377d0a7a4895e3e4bf78dac8438d517343ad8533f618b94b9c7	ok	1efd4e67b8beb90e256c6746a192d945c8d85754b04d1a03a6c669a2b3d11c9c
6c2de9372c4ccae7b6824f6898e0170456df36e4a1c2a215dac11345fa0c03a3	ok	86a2df1f57ef0d943503857df641fd80696fed96c79f6a303a15e4a8ec59e2ea
6c3f8d1135f2bca1ddf343d0cd60aa0d8a88eb903ad52cfb3d2863eac2130532	ok	e0a93fecf811023139f86ea5cb0595f440bba86f818b75882279fd56a05c1009
6c706a8106c83490626db92b1164484bdf5372afb310af98eeda7b3ce38ff387	ok	48b94ec50728b40f843a86b892716778c5e9b80268f8c7eb7337633171e95fe7
6c7ee5a6718c65d4e722f5663e1fdcb7bc2c9a3c98bdd7992eb7182eda10b102	ok	0317bf8c2b5af0c9b4e4e6ddc5cadb3c862212e95ee09501aa06045f8ba66ba2
6cc4565328e37736547b6168189491562ce11d5976d48c27b9ab32dc5aa6ffbe	parse_error	-
6cc4578db8d033aa7e6c793140f606f9458a1d38816010aa1d5f48276a0261a3	ok	06c6f46426220fbdcdca621c442d17ffdee687053b4b6bef9d172c7718a4648f
6cc994faebc47dc1fcd0f43d1aa2d1c794c5acdc84447e6a9631ed30739345e8	ok	1d76b8db15c7202e93503cd870064cc830a5f3def87cd2cd59d908d359737785
6ccade0091189ef121afda58b483d407797ed413b18c6f7254037c687e2e8d3a	ok	4f30cd5b93722a709bc61092b46c3b7abd5ca26fcf15caf3fc094bff359b5665
6cdcbab3a264a1d6345fe69a4b569ece7ffa184eabc1bcdaaff50f7918c220c7	ok	92bcb80e53fb91457a00955e3db4d723f3155cf5b2fe0ffebc789403853d30e1
6cf73349dc76ce8ffc269aa690c38eb951a59e9558ef7a9af0d0a02082406589	parse_error	-
6d0156012f3f61ddf19ccd09cae76e97537b2a59eee6082e5b3887aba624c44e	ok	d4ef6b10952c1d39a84cb63b70c2f8ebb0cde6a779812799b7ec0cc3efff8289
6d035f3f292018e081ecd0040d26fddfec03113768303a922c0d560cd9672a05	ok	642c526582dd887c4c4f6ad8a93292cca1810d59e15994c8aa022e1232c6c7e4
6d0d0c30eb3323a63a65ba5a837283c9263270ed2b272e83c05012912d1d6ff3	ok	68cdb0b7cad2c45579f069947ed7f36bb4543fa506968cceac06ed177d62fa93
6d1c1965bffd8abead1e06edc50817124d67697c16bab449789bb63cf713f7ce	ok	f380eb1c8b7b3bf0f884d9e22b643cbc33a190cc71d24b1bff4871e028a8efde
6d2631c8df188bef1ae78ac5d36a1f9b98c3e0cee6e5389a0c7f8d5242ed7057	ok	c2c531c235ffdee5190de60970729c77a5489d4079330f2bf649449616441b25
6d4de5ca70acae8ed10a5b252938dd7166badf2a645fab4cac32372e5e00f51d	ok	06a0412f2088f2f606247d2ffefa0c513e085ecb208d85eef11df816bc031be2
6d53e36dd94d3b8f79308d08c25efa8f1231262862db9207c1838df0de7e6f5b	ok	223ac8f9e8534a4ec08114af75aea4e4593f6f473d0d19d8cc3ee60a26683ec4
6d5b275fdbfbd37bb9137484755747b9345b65197947ca47e882efb8d78a3528	ok	b3ef516c80ab449ec5db32535627424e6607eb60ef070c8fd62dc6b94247dcbc
6d6f6ad61bff909e940bb221689925dfaf96873b7ba81122949378cedec08c32	ok	0ac58e05ad4b8188b9f93f20978db2c4da36bbeb2e0ce13b6d6261af7a1d2ef1
6da768568bd58310ee6952aa39cb9944119f886afc8a2425ab689dafa17c4f0d	ok	38ea61a607426e3a0a3f8f61b64671cb58a65e985a33d8e9d7d5167af521245d
6dad3048ae1411e106f3b0dfd10958c2b52ae1690beaaaaabe3c17ea1fcefed9	ok	ddbeea241cf92b842eaa0fcae45fd92aab96b6a01043fe8e2623cb4c1e9f3002
6dc197aaf35480614ecaccb512d84c89b2797d76e14c4621880819b27c35a909	ok	c70fd205de3682be22965e9cb7f5ddac445875c707e1d18e4ba7458bacc5b663
6dc656970507962f5bd4df08ecbdc2c8b938eadc5cf320f1d075f538e75f5cd7	ok	3e639e6dd7eeb973a7e91b07ffddbe0c3357daea80567ff6d5741631ebfa5150
6dd0c49a0d42d6ebe6cf2b05fb1b5a29bb5d816f53348976c1648cd5c7b74498	ok	d641e3c07e334a3f26b38ce6aa148c76c984496aed2e83745d2e2911bab83c92
6dd2403794d76355e5c78bbd8a228d6eca5bfe17ae4341c5305e31743e3283b0	ok	55686cd59dc84d81a5e1d128c5db02e8d0a720098361a6cca3d5c0490afc5d69
6de6ccbcea4893fbc1fa7a1f2fdd177db764f7188f5b3de3df68aafdd21452ca	parse_error	-
6df7432239809ff077587bf5d83f49236d43e0aa529982ab50d18ec8292f9aec	ok	4883601f963197bb4b742c28ffca566593775aa76c05a7a5d3bc282be30dde42
6e0ae30b20aba6bd6321fe5cb5a94e2b267fc78641fce5399ce7b2f572a2ec82	ok	9526799832997fb96195d8ed22c78854d5a218b9a4a42d1afa26faf1436a7883
6e20fb4b5aed7861a6f9cdb484912b824fc6c1942bf33ec93370c04d7cb77939	ok	5bfaa5673e123a1aeb1aff2c000f0145f3e8ffa3cb64c405047dbaea6ae06fa4
6e3daad8582191e061522a4238f865b41382be20a4c72f26af4b3a4f13305e86	ok	577962e1f38c1fc927c43005571a0bd35dff5a3cca052a413820a50177471de5
6e49dd151ea24074fd0675d6258328f777eefd86bea088a6ff2d701b822d51eb	ok	d912c344048eb18f23862f437cfcc7558f0c24d9986a6c1badd6db4e6cb2c8e6
6e4fcb1e0a5424fb0ec79018515ea4d1d1b98f985cfbab78f78d300e800f29c3	ok	f21206791e17e3fa9552be34850dd36bbe88120483d9dea04a6dfce39cef69ad
6e512ed1d6704eb0427ed4a870865ce831ad07473f1b72c08fe89cbebea0a2d5	ok	a2d5d563369b79c9608b6907b0b9c1aeee913a914f72e5beb10fd949e0c8e298
6e57b200d1e4e2a1e43256c79d93a25dc28b0975a5dfb3334c932c69b1b49cfe	ok	54a881cb3c67317653c96cdc11ef18a1d12abc7d07dcc4c658d3febbda822038
6e5a6c094415df25ab2a5b01b3b131e2cb3835c5f7b7f73bab95d97b9c9fa851	ok	cb22e1546ba17a8871b6af71edaa6527355f31d18b54a49836946f9480b6175f
6e5f53cffb02b56ef37dca6ad4e52448ba0d512a1f9c12ee00e774d7633696ed	ok	2c0f1b5ff61d0a8192a60cdefdcc337bf2c330caee8e6d383fd1559af1cb0618
6e823d8a04436cf0b8b0ff51924a74323af3addd550b025b2fef2680398f9f9a	ok	d27f191278afc8bd0565ccbfaf112b1ad0eb901c9798ceccbcc901c022856b0a
6eadb0d90f2cddfe750ad16270585f896832bb808b56fd38687379d79de6ae0b	ok	ed4d454d3b82965cf4f666e9c2f764d57f81d7e5838234362200c9ddc24da809
6ec822f59306de43c943d8cdf5c97bc98e2a5d8aff47772cebf1ef15aa9fb29f	ok	2b05b6157cf8b1c8b0cc2950b008f4f4b04baf19b245c09a775f86fcc7a510ae
6ed47e68453e87440bf66ac6a1e51cc8a235165efe626b0869f6cbc3a527313d	ok	a96ab87f3501e789902091c3867f7737f566ca3614aad7145e9cf95bad3068dc
6eea664092292a0c2eba7e0697aae2661dbf3441c0f417e638d2802a3e27c834	ok	9bccaacc00a97fddf63e9005376ef95ac81594c6ea71f0f28cb50deeb08238a7
6f00548fc36e6c8bf9611053105d7c83cc26d001beccfae664086c2585bf7780	parse_error	-
6f009a8ad984d56e21a5896c45a40a39e7725d8841589ffa551a01a489e11620	ok	8cb5f72ce1d0cb9aad7152c34ba17dd610111852b8bf4ffaf0ed17421f8ccdf1
6f0dca33e34c28c9720cb43ff99733e9606ae75cf22da12513292e298f4d6976	ok	a63fac63328f2c5817c6b1ff5de4e7799bde2da78c395b6e635f056569c5cbf1
6f1b30101d83f151a38188182c9bd1b385479ad54a5629adf31dd89d260a6834	ok	3d717c8844216259b1721ce3807da6e433dd6b7a2269a7db34e88a3e0f565f86
6f2c44b97ec372c33242d6bff19256741b5f2ff27966b6434727c17d6c3094de	ok	2ff55851874f6041331942f921d0ff30b6c5b88efca44948fb5032e29db5b6b8
6f32cb8f68651b66b16b6413719fc5d63e9f95c99a339cda15f7292bbd404d34	ok	d0cc4780d47d0d4fead877235061f51fcf33cbe10e8d0186b443bc4c537fdeec
6f3665ac87e973ebcdbd4c59da68cb115481185e026990a482d59889370540f0	ok	d1d31745882c16290e51a507d8631859e730254c0449d6eb2985be025ae68830
6f45a5ce26576fe86a2b066dcbb7a69be9abe6d4185ecd0f23bd29b07d1c869f	ok	eb53ec77611e27aecb8b18f194411e9ff7d2b5a2fd49195b981b9556ad221529
6f6ce8d1ea9340535a0b343cd6672f2ead9607b200118aad091e3e6682657074	parse_error	-
6f821a374bba81aec31daa8fb5d7b3213f0420120e446f2fd1ba7795fc3f6261	ok	aa0c4078223ca77afbef14c46244eb61a499dfc341db668922a2920aec836685
6f960d7798aaed075da37617ec8f7b2a5002e08eec6536a6f70870887561a5b4	ok	aecac2ca3acf02eb6710ae072efdc0baa5b578b1e6917902f62cfeeeb6d06d6f
6f9fe24a736fa9e74106b940e81cdbf78f9f3acc37bf7e18dfe89554cc8ee779	ok	a063c330a4b5eca08dcb5d94d362775802abda325b0abcdc313dce4d84cffc55
6fb441ca70869dd70cb4c0c3b33e84c5885579bd0622ab288446cb5ba9248dec	ok	911d56c2a4b1d64c4a3635cd6b9384d1a3d1f4d2d2183c55bdeab9b89cb33fab
6ff67a9a5d17cf7be23779c596dcbfe7914c69d50df11d1f130d2031f72e2037	ok	4146d0634c57b12dd8173d45e07708cc1be1e0ff1db242ab62a70a4a83b4ada3
7000f93ce424b4ea1576d1ef914c8933e78a14997e05064da960ce2a86aabaf6	parse_error	-
7003df36f60d964cae7983ac4da8a38e6b43540065e410d9b5c9c85df191bad5	ok	542f21bdaa6fa014ac57ecb1a0bc8085619dbd936019b8ccba56a3fa5fe4c4b9
701752f6ae7b7ac247b6abb5dd2e7e6dab6a4051708d31d7eecf25d78c04aaaf	ok	423824f7595d25a0f84c6b6079fd6e61d7c0b2a64d5a2fc1e45d02dc7ab891db
7031b628ee05eba81c681dc91157ab2e9c751b0fa201d06d2a575c541ec2fc53	ok	1401e19d5b35df5bbc13c5aeb37b6a6f506ffb085cb745f787519bc65a2f5e39
70360b9fba449f2949519dcb271e546f06817733e8da148600b7f75cc5daca8c	parse_error	-
703e3d9916d8ea022d433f8a651657e12e0a16419d090010a0abc4f429b96384	ok	98effaf12ce962e093ec7640b6c5b8f8471b8926350a8e3e6c0436ccb09e3ffc
7051f769c0466c08aa19033dc750f6f50187ddb6554a6443219a6829375422fb	ok	de9c1e4ecc1807e6df7cfbcc7935ad2aa9ea50e01d30597165e472b9b13455a1
7061bcc501e7c853b17637effc0c391c0e2d3e5c428ccbb42c7c06e33772a5f9	ok	84b624d36144f4e9622b7272831467cdcc41ae237ab871cb797250b283906a88
7067bb0f6351e91381282eb22375132090928da5ad0f9f2ac4f919b3e0c5970d	ok	7648e2b11ac7c999ac30f1711958407cebf3305df7bb747f8fbe9222cccf61e7
706ef71999de87959ae51e11735cbec26d00551c32ae4a0ba3c7b333e3a1de8b	ok	b5b389efedd04b89e2f501101faa360c2e87054effaba1be5223990e2f3bf191
707a5b74dfea4639f40cb20ba04f61dafaec288209118b7b7d36ac8f6edf6bf0	ok	27064d6330aaa7ae2687237c7102dbaec3dabeee2291046b34cdc5d0ca9184e1
709c195fb67347a7ff30324470a0e12e0f569d221ca91e922a2718f0ed4236df	ok	0a31768f5d3bd448cb28c762a6dd74cb36e5f86fabf08eeb8bda08faeba604cd
70bdcade5f9cb74c73620dfca4cd4bfa1ce32f08095d455af551268afd3590c9	ok	03f6e3edebf54868b1cf36a36eaadee874e524f59b869f4f2069c88dba23f658
70e14e7759e3c06b6889c0fb4509bfff8b7e74b6d36d38ea95144d78cf4c2875	ok	eb793329381824fe09f9de0caf97811374a39b5facea36e520e863b3b4ef618f
70e3f90e84e6ae8b676788334e5d3b264fae0a61a8c8a0de2faa5c258d831d4f	ok	618f92747bd05cc012cf408883e89ada5ba57898fc1b2d6d3820564a9db1797c
710e2ddd4ae05b754074b000fc686a6d9666f8f1aeb48febe06485173dc7e3c3	ok	e647d1b03a7c7048b4db315262c7b36141661be003bafb4ee8d9625674a2f0ed
7112adcff713ac33575c3ebd7850bc31197c9c0cd8a02d5a9be92549ad6316d5	ok	9d43f4d8a567dfb7caf3ceb0c29a8f09f786f57ff1c66d6c12da02c7ea2d9b59
712050e80bf73fcdafda52792123ee4575ef0da4530327dfba5e48b24e61719d	ok	ff2be5d678b9226d556e9204ad71cc5944524b2eff08e224b4f225c7e167a677
712e5609d0239ca71d82a15f3ecaa06670ad884b139c86715d91387bc4f34918	ok	01d3bef078225b49de8f26eb389d29f266e19886fbf29b7d4ba07ca0bd3bc6c3
713ff1bafad530990780947fdfa7517765a55e938108afc2bfcf830be995eeea	ok	d1bce130f501d81bc638a3949318e077985154cb94a53be98681134c6a94424b
714ba810594650a7ead9fc791727e9e5e7b1b0a8f36d36114cccc73ec299f477	ok	427b6809c31cc92ff2eed41f037d1587136b050458140a5a05e7abc5119ae221
716c7e1b4abd0bdd04af151beb5123620362a59fb957386ef8ce1fc6ffb4d87c	ok	134a7922ee8cf2b8ef3c448e52db6e3ccea034a4b1a6b7481885aad7099b58b8
71776f8ced0363d9535ed2b389cf895295dbebc5ec59cbf1a6efb33861fd42af	ok	82e25a55e1792bd587aae7fb0a4dfa505d2b0cc7bf261970a55b12ff16edbe0c
719129091238977ef4fc66c2e49bed5b1eaef892e5dfe1a728f28ac3e51519c9	ok	be19d25c0ee2e270646fda8eaff22e8055a0385ffa682b4e9754e8ac39ed71ef
71ca0eda792fa52bfdc04a02edf054a77c6c594de85a0157bf4e75298d3e023e	ok	b6a27de913a77b7f7facc8c79add9903d87be8f3b17fec07b4e0d4daae8bd1bb
71e57655ebead35ff3366095e83e47c1d233e2706af613d08193ae6c69c8b898	ok	b4177f7534aebcd71c54022a48fe0f9eaaffc48e6e002bba0287023941a85cb9
71f2090203406812675d9ed67326d18586aead81637d8339bc452a3b32360385	ok	99ca146b0c455ce67080cd6ae508c67a42f6b5fb5f3fdc024aecb9ec16992522
71fcb71fa1b7d582a09aa944f9acb42c5ce3ab89394c1053409643d41dcf942b	ok	016eb520bfb34ebff2cabfe0c8387b9f5ed86f3be3d5774ab4f95aaa0aa267ec
7220fba10d48ba01ba97a706a1a7f2290ed2dc65b7a78f5122361019bec1db69	ok	0f5292047de165eb4fdf62e877c9ce7a17a561085f4c6e149d793415b3fa20c5
723a8c84db7a35423516dd11d8c48a848cc17a3be354d5eb24b0f00f5e0d69c2	ok	33a9c6b75fd76cbf36ee39f845b6def1c3d8502f968c5f2f38a853b11b2f7ded
723b81da204f4a6713a824c9fbd9973dcb11e1af1c1cd93eaae9e30915bfd4cb	parse_error	-
724f62a7b55649d745c78595ca220382d02d2a02b168548263394610d8c7a4f3	ok	1465f05fa0ec429651f9ae0aeb0f7bc9194a171c5cbd80fb6aee8aa182c86ea2
727f5a930edc5b607489cfcb39b8699cffdb68e434177c87f0f097290f68348e	ok	4d3d2b6b3414887e01671bdcaf21a40857ab418507e1e22c78f18b6c4fee6ef2
728c68626b78791ca1319cc8bfd2a6e2f4d2c84f0ef908a505844bf3b8e9d1fa	ok	8d57749e770e594b3a3a8cda1967952bb0f95d2d8eead6bb621c5b9c1dd7dce1
729e4c3a7d4ba6e10184c6a3cf9088b9c5ebe1e9f1ec2e91ef33cc0a5abcc64f	ok	7f6153419c1f5e16cbabf68eeed9a2ea411707073defd3bd2a3869d78dda1012
72a24e1e8139a9c8f6738015e1bdb12272716835d4c91a1499d0513b0a4077c4	ok	d249b49cc3939273f8403185193787106cc56ca1c46a5396d50b82223581c3c8
72aaa7d2a53be48ac72c37ec35d61e4268135dbec7733d7d1a27dbbadb01d24e	ok	92a7b26af9a573ca30043c5b844b21eb726615c14e15cae5b5ec5ced9e1b547c
72ab5fcc2de651fb65751ce3fb4fdd222edf7116246a2f06284553ffb687bac7	ok	722a0225729d0584d49ad85c02e5caad77f837d274efa2fa8ac25549ab054336
72d2360af1ac08060c9fb6b0532a350245a072d12305c09a4bfc475e57d68ad5	ok	ac751348ff67a35f16f8cfa3294b0b43948456b7768ff17aae100448b502aa0a
72ec0d694366e90298045564368e6382b8349d0b03a91955ad4406eca04f3e3d	ok	031b0f31f54d35ca92bb2f0e6641daffc9fc7c0f89ff10165b24b6f16d06d572
72f47b7756c46820548bbded2aefae8bb007925cddac4b29a9e75e95aa13914f	ok	b9d95fe6771ea907036b6b96b5a0a00ce8154451356a7fd0dd36ceba04f0c83c
7311c2116de875c99918b0117856a15afe95f7a849173324c92aea8753dfab46	ok	7beacce571d49adf9c8defb27e1f0c582d5053bd5e1d60eace5525687f4ef71e
731a104a3ddba3cc5d521f2cd6b29b3812fe6f1b3b34026dab02ec5b85bcf96a	ok	eb46c7cb69beff711e2b55c26f7049b7346000aa453eaa89dfd229f2a732f45f
732f17b42863737c07159ecbf463e7718729ee4fc641abfae0f12ade1666b601	ok	db7fadc228fea881271d173bce21f90befa034095505c935f4cabee2d3b03453
733c35cb00799dcf9aa5fb26b050d437c02144dacfa6cf9fb8ab9556799088d9	ok	f5b03dc6ee09a0717a021d5f44e2b27de92a99c5359e89f1000a9c631f055da8
73400d420086df46c8e3564e5dfe3dba1a5aa4230f681ce888fb28acdbb50d1f	ok	a90b68077f49e2ab5b94f88097263ba8d1183f6b1d8651e469a7741b031714c6
7344c8ac24046fa3f7432c0f61990258152b91b3a50337a900e710c0d41e6de3	ok	ab42b9bec4b4adb74ec58b9696a3c9da4fbeb656e448bf4a97764626a6607607
734e32c9dcf0e57bdc300005ae26b1217fbe15e9fddaedec1cab2e6510ee7c65	ok	2365e6a79ddd946cea407791ec8a8f943ea9eaee5c85cb911b9ca403fcdd6a92
737d66cfc6b1b5fe9a52742ebd8df05da9d85a1182d82534b5f1a0db8e6a45bb	ok	5d22920caee4202eddc29983aad03d04de273a0fa28222b201d202085541bc4d
738a882943cd832c738f65bcbd4947e73e60b2688bf41b39fc56a8330da75914	ok	9ab194baf09c0fe28417ae7561c59f930fd49fce9beab6978c2f4b7510279660
7391e201a4af831c6c5c141b7de124edab4c1d7e55af083e4c8a9cac1e73fd77	ok	c7edda50479176585aec7aeb490aed67b3b26866d837390074eb3fd71a77bafc
7398488f549e01607824c2e71ced7cf8798754f1b074c0e625643b67c881fd6e	ok	7f1b5339762623f74b31da855c5fbe1e35cdc1d1c3a9bcc4d31f7983e906fe9a
73b2acbbba8989747a5714bd3abbdfe61b694c1739822915ec10b063921834af	ok	eafbd50e240249d8836d2e6720306f4f37b7d86427ded8ecbf474193dff009bc
73c4fc84a164ea0edc908b86399bbacc0dc3ff1f8ee405625c0c05967efde2e5	ok	ef3fac0083eaeb3ef63fe7eb00696a0b435faae9d3fa54d3c3deba2afa1a1846
73cc782dfc4e9cf0c163814fa73d2b05b4c0dc3dac3941c0e855656180f307af	ok	a519464c2c0adabc03ca365a7ef824e075aa3309561df9e99551923937f318b7
73d9541d679184882c35bb52960e17930851da492458fe117ebfcd2c84a8840c	ok	61e69615ede96a29d2dc268bd2a209bd52f414f07524b68eafb108ddd52c21a7
73e8ecd9e25380534c602d33ad6e95aabfd186e3a444c90a1a1f03cb549ab188	ok	1258cedbeec715e407a37bd41269f5433f0fbe62822f90e8b0e40c588c972d5d
73e949fe996cd19ba5e65528d6185b13aa63ccb5c536aae77efaed424b287c6f	ok	71db9a61b6206a68624b3bdb5504d4706f462ab25049cddfa152ce8edca9a8af
73ec72f307e2dd07c40b2d5b510dbf825d084438d5f2ed25f5aea2ccafd0688c	ok	db93b1da06edd52df3fcb33f45d744c6088c4004c209b382982f1cf017d9d89d
74082832fc92d15cdef51f619abefeda47eee09fe2e1d559087eabe01cd98873	ok	35eede1a4a09ed06c99a485d5734d24f3dfbb60949c62673bfc77f5e146fc870
7418329a5123fc012ec7e65974f9274b27d294fddcc7fa4a35662de3e029b510	parse_error	-
74386daa05c06a8a9a1cffde215f24129a33f614e8abf8b90d44938074296870	ok	24c8d96450e0706a229b7f5c522d747c2fe2abfc0b1740f778c9eea9211e7eec
74395a17f77e6bd349ee0dd6252da30edaf8458558070f6309c31f64298226d8	ok	b113e91ce4a8927cfd35eb03326b3a2bc50332f9c0eb5fa5bbd874c44ad28c44
746864bcc2f02cc6a50a80520ce57af6a4bcb0237e5fff83aa9a038033c15735	ok	1c524492af953beac85c006b48b8ea1d04125d9e7881338ef1c9c7bc79a85425
7472831bb2070780331b531f19ee2c2ff4d93d09bc5870c116d030c6a88189be	ok	f905bac862a14f33b3b8947234200cdfaefa0718b8938248f7293c09436847e3
7475e29090561ab2e057202f4ff9f9c98102bfd6e8d88d8e680a585ecce8be25	ok	9bfdc38486d957e761ab3c078b9dc46484629fdb545ff5f6af2d5ce8ad7c98de
74a8c5b240262412a4fc332ab0c261425289e18ea1ddbf0341ba18f3a5347ba2	ok	e95e13eb3060055d549d7988cffd74e6fd6f5bea92f535be6cc7eaaca49dfdb8
74a99d46029467d5fdcb651ac97c6c251eca517c545b6b3ea3b37fc563019adb	parse_error	-
74b0ef1c2f53802019cb2486454fbbcd46d40387864c9136f8b051edbab4d53b	parse_error	-
74cf8ff9d0ad6ac27a0b23be088fbd3aa94e5a8fa4200b0caa3de8dc15886605	ok	c5aa5c41d7b7b877776724682dc2da6ed05df678e80aa90046b8637d1e320e4b
74d20469f5d31616bfdab526980f81a0902b13afebc686dd78b464ae3ed678e2	ok	4fa6293aa999d6a09f0d2dd4b752ccbdf1f57a4e870d20d794a629b83620c057
74ecfb03f637f558efa75d76a8048b8eb3d3ddcab365417dbd0311310862ac5b	ok	2e37eeaa0dd6f76376c791ffed971d7c7b39d69dc6e29f12c821329b174bd907
750eaa22452b77acc13da661cdaae5aa368719f28cc6fa1fd10fae9375b5f115	ok	1b6665d47b04225a0a35eed980eebddef9cf289bd8f4164f35dbb09e39381ac4
751b3b7869bb0af76bc2a188fb11bf3ac1efc1758ee68cb55b6da14cd99bf830	ok	6afcc0979c3c0b1a8fc055bc83d1b22166fe61e5ced7ef1f01365057d3583a50
751f49ac1dca0281fa9ef1b72314dd77e04809d89875b1e21465b744a8ff5ce6	ok	7f2db0f594ca45efa6a36f901e24ac5b54651459dacac22be577dfef9a96f9fb
7524a2fed7ddc6cda040731516c4cfd1e3698358f9a7385de898e05aabdec234	ok	f9e013b51be64a21475e49362294c4a443190ab9f52ab8910e7e67cfe2585a95
7538b837c16e3970ad8dc6940f6951de65cad3ecc295644dcfafcca0c55b648a	ok	20fc80dd3767c3924b84198e0968793cd51a02e050bb7e57a75aa1f90129ab34
754cc9910b91acabe2ae17644e6dd2d5922cb2cf26a26dd7d33b3e3b0524d56a	ok	23cc6fb3a2c82ae33ae2a2a602b199e2812d88b12c190880643bcf4117817dc3
756843e94a599ce304455b8112db801855224d8784e8726196d21bd451bbddeb	ok	77ec959cd9f876639fb7615e9706e5f96c7dd264246d5b98ae7645e9bc3d7f2a
757ac1a184348232890f94fe3267224b80e2deb8609f629685941d4a0b103cc2	ok	0174640f43a4698aa67c8d51ff25a0f3e2d2da23c93c24b617aaff1e9aad63f1
7593bbf75db492e8c484e45e99a09ee94179d421900148e67094d9eaf79c69b2	ok	fa3245383eb5f1684509c4adc8bb57ac904727ffd503250795476590d99623e6
75abf9cef110e629ca77825862184d3d70388f3b065f97684460f81865c3e75c	ok	d81e9d9fd2aff84dad4ab2b957f1321bade656d6392e079be04ee6f8802a2a45
75c223285a7ece1ddda94ddb27ae520e7b5dd215988feb6b36d4ee516b3939a2	ok	8cbe01ad7c9ab0dc5f0b13d1c41cbe0defcb72face3291e3a095fa58b1101389
75c2fd6d13345eda60faa54e2b99064ca58aa8c054147573891398169b86f6fa	ok	430bf58cc0dc820a8f6a26c40b0899825c82585d75ab8441c5c4301042f7b2f6
75d2d28015ef722ba4b10a2fac9f61a1a387c37309d987f1c7e463ebd5446085	ok	162a4201c25169180bc34f3241c5f87f996667922a118273b3f3761d1e5f8e9b
75f158586fe879c8a8a7d9ad8df9542e1fe8dddc7c7e5fea18e4ed00e52fc743	ok	7c4f6be1d04d231c34efd51a08c807095215bb7869e0821086b3ad77fb794123
75f44118d1c9fbdba6c5db4fde4ec7d3a5b39409728b045c019aaa3d6baac449	ok	ddcb57b50155680e36b6da51f690de0dbccea86c258f9be2ea810f4691cbb397
7601827260a7d55b0c1c1be2a8ad901f9ed0c96442f573db413a56c35399e445	ok	763bbc20cd9b23f7f46279c3d46db6083d987808ce3b89a21cc30223facc7525
761cda33685b1e3d32cc9d8d3ec5926a493b92d42914609a23f98f18da72b41e	ok	fd42868180b95bc5ffa719f14106b7079a2262a960696d89ce9d4905303b776b
762c534c71e4e9ffe8e825e8ffe8e63486b5261d501f8ed066cee0985376a39f	ok	3df821b382ea37056cbc11ce4f7f17dc38bd10398e83292ca205732930b1d57e
762ea6a6638bbeea356f3d9bfb358126defa0a3f38ce038b109d3c7fc58d759c	ok	55bc52631d60fa01be306b3ca4b69056e2b440df80c2f29aab5d2759e2473773
7653b8a48bdde961aa7977fbecc242858bee3464c04bb645e93256516ee988e3	ok	53c381f0dd59493d74e31dc9a66b162972c00eb9d85d8efb560910624b8eb06b
767f5f454d0b951b75495d59f88745b7ff2b484de5f63158e3ea79112f446157	ok	d7345c541de45f8aa88bf50808348b50b1efce710b94a76c7c04e477a6494d4d
768f4d3b55a01e5100e74d9120b241215f686d414bdd09aa8b45ac1e48bd18d5	ok	3872b80742dbf30124f754b6b64df14dd6b2d7195eeb8d7078548194c3ed98df
769ba5dfeaf639f75dbc57eb3fd47fcdaa143b826a5f507911ef02c3e9a73c4c	ok	b40215c0fa3c1d725c0258e753c85f617fa8bc3925235eb17fd6bf9f7a028af8
769d1d5e4a0ff3247a147fd26744c08843a9760b0cebd77667ea7dc25f810e37	ok	f14d43985d9e4d1940e025d8d207a82e63110b96c486bcc2d6d1f8c44ea91cb6
76a625ee7cbefe1e583280b59a00561201ad57fb68b5f6d24e62f8c7b4543e82	ok	a6a156d49926552cd67d1515e430a06166b0c5121fbf3568896b6564c07eae15
76af5a77c126bebe3ac0ab6e3f75538bcce957cd6d54c818bcd5bb863b2fafb5	ok	70a420b79097e3ec74b9cf929a47672bb66b63dea84c77df38363547020abd99
76c584307f44a743e6e18a8a9410ae46f034bc117ba33e64a9480b6f8f4ff35f	ok	a16bc5529e2ed8e633209a7e32e6ffe3fff82b506ff8136cc030846cb908b410
76cafc11d2c7dd36e83534bdf2d6888f584d2775352b1b689b6e5aeb55551206	ok	8cbe01ad7c9ab0dc5f0b13d1c41cbe0defcb72face3291e3a095fa58b1101389
76cb8de7ea82d43f8463e0f29cc24e61e042478cc22b8a8581e7f8294b505838	ok	f92fda07bad9e027c41d8d4503b2216a927a35165a66c39fbabdbd10cb541c62
76fab7643b3af1a2c6ba66ae2013be6e13e04969a46c47b13da449506e30b4ac	ok	02093958951348e87403bf59aab0d6eab1a7763800191ec77fbc5e5704ae66c3
76fc36d382cf0de8d1bd44479e221034d3152987ab68c7377048e72aa38813e3	ok	9724171313d003ec8944920cd7d777bc5c853df4a99a2ce1eff2bbfe9146e2e1
771632c108fbd2b04d9d71ee924a8a34ea7886936985e91a74e1339f8cb87f44	ok	ac6143083f800773be6d8db1942d7e9162cc997d916c70d66b967dd671294109
7723a1246479c7b8a52cecf827f2b8594cb28896db7675c470c489dc23a79c46	ok	1dee5b3fdddd5f7d2d62586ea299c0042b145ee5bd703d80494e58b353f032fa
77244a2a265190d1e9a56ebf4444d53e9505cd9a78a4ea9780c3a19fcd0a889f	ok	0c740502da2d7c857074212cfeb08d5c058934e0fb6dbdf63e48e752f14e7935
77252cfec9d70a331d93469f5daae05b0572389558ba96b016ebff55c5635d29	parse_error	-
7730626f7f134de223da4e8793e38fea34a1425b4c6ad93031b83bc7cc38edb5	ok	9673c3824c4519f7f586e8810644a6c8c25f0e5ecb5a5dbd3db8438c2c9623b4
774e3dca5ac0903bce43cec0a99e5eeaf290593060e610cffaeb21a86ff90ca3	ok	51390c69c3ac780e6a1ac853702dc26965712a32c301621ea6c7596ba1d88662
7754d8a247cb09afacb934d999e9e793880068ea0c429e992d1fa5a831682329	ok	ed53933915741b48bc51803c1e1b20aa741463b92b1f69f93389db2fd94398e5
7778be31be0da1b7bdbd9db57d3d81e02d53fe17606bf3f4e2f09de4eba60c66	ok	d18e6f130dc8e0cd10d2d0163205e792f7248f31e40c91cd4c052939fd2badbc
77aa42f6311036b8e055c4591419c951d2d7891355e35cac19315deca19e3871	ok	3c48896adabfa70cf9132949198d69ba664b9d0d307b017ae9be0197b0eedf49
77aab93d1e16004d7fcea191c4c435f648686bdce7a8e682f40ca85ba331f257	ok	2d590c9aeebef132a9519e99a577cc30008ef2efd38a7f43062b86ef413f1f02
77afb121dec48246832adfbe7c904ffc0bbd9e6e102f183cc753bdbf42083e50	ok	9794f94a506b69fd09ff49a4bae6723803c8614a28f03dfc0612a3a7261c75ff
77b23ac54e305c77460567a310e955e761122488ee4968c173af14d14f47fe82	ok	8ca7b6ebdbac1f516e416de4728a7b8da9c83799eb3b07e9820060f6ad31513e
77b316585852055f05f4564820ffb85e18ced6df679aafb06a81cabfe7bb89c8	ok	c858ddc16195e06c5ec57a4b842d31b24167bd19675a0d6776d465d8c39703ee
77cab3a4fe439bf8ed75f5313451d020c51fe5523a7d8ac6bc613f6482c500cc	ok	26e69100a9d5b492af4000abdb1aa2fb7ef8f08126663d8e6244147ae395f871
7809a3acca86e8b267ed4bc746bee174d3360f9cc6487da9ed88125fc0d08285	ok	a0ed6f28b42050cf8ccc67d5281f97094f8662a92e96d86f3f63022231652723
780da8bc0a9cdf017251054b01d083c4295400dd4493996da7946d9fe7d0d3bf	ok	37640ea0b71f5f09a9e6b8ee424a883b3cf9cf7dacc242ea9af87f6890c29f4f
7810204390e26eeaafe8526a13cb1b225c5a93921dec09f0d3dc480b835b9bcd	ok	6d582f47bf6c7aac612c5d95d73b18a497531ac71b0becc2b570315941db7b86
78279da44ba6141ac5b57a46f294c3518a7a7e95db0ff8176f4ea6e137ee8ea3	ok	98effaf12ce962e093ec7640b6c5b8f8471b8926350a8e3e6c0436ccb09e3ffc
782f4607b1012569d7bdb05a2d4718660f374efa3ad9f1c8b3f661fe5ae7304a	ok	615f89421b003754183fa99dc5730e6312246817ff45e405f7fffa7fdfd6aaaf
78404aecfa958ee41c889624b03016342d225a228ca854669445f7885597659e	ok	aff1f3815a35b3fb51325b566f8aa045dc3ebed1a25753f45ccb916b7852ef2c
78832b34d8200e782e11e0af94976c43a0c18be12590a134676c7c8747740219	ok	3b15fdff464954ae706ee8bd5aa9248a369e38b2d2585c610ffe59d3d65ccbfe
788beb1ae5b421f91510e9899cd400b20e0546a40267d30f4a953f36419be215	ok	60811e469dc3259adba4f808c15e7dd45fcf5e9adfefaaae800cdfc77ae845fe
789aa619b8b2065b63cb8bf36e15cf8ddbbc735b055e352b891861840874c47c	ok	d1bce130f501d81bc638a3949318e077985154cb94a53be98681134c6a94424b
78a1ad8a4a251ad16554ec81a243fc15ec639095e45d784b3120ecb5b638728b	ok	6f8d9b51ab452928ccd8cdaac741209b301c9a1f764705aa042cf4f7d17fca41
78a85cde9c9f622ba70c695c1f1421da4846ef53a8bec0689d288f8a8f15412f	parse_error	-
78cae798cf995a23ea79dad82361151d0458baa3f7435d73ff15b1ca38824a24	ok	4c35f25d43fc9969378d812a58a8990404a63056d5cdc46a3455a75ea2336ac8
78d532bfd3406ab43fb5cb28384b851539798a83e9341aa8d54aeae02113da02	ok	fbdfceea4d1a288e7df6e281e2354877bb6d9ecf05521800881e5810db2a61f2
78fb003687d8b85d7d91f9acfc441bd1b3ab528d134199120ef61cab5678f02c	ok	c9bfb550c243eb7d7dbc9de026208a2fafc12cb2b4c61f03b127ae9e87212873
790f4b8306483cb97d4aff70471ce32f9077f21f8ea0ffa8f124deb1ea4628e5	ok	853a7bf0c3a6517d6e5de8a0f262ac59c394a018f17e422676aa138a364834c3
792fb056d405c8bbadf4b0ceb2e75ee1d79866d54b0530bfc5bef557effb28fe	ok	a109cc585d4d21d55a5dd4d6593f0f4a4d152c18e175017cdbeb1826589d7a5b
794a058dd451188d7be43ee17c24e783066b78ab5fcc31be1bcfe40efd407d73	ok	dc863983c6ee66bc7a7cb58eefecdafcfdf738e1da7afa8cb88937cf91283ee6
795761dec79e592ade798632b61780cca63bc0d8e30832f133bd2727fca6d1de	ok	8cb5f72ce1d0cb9aad7152c34ba17dd610111852b8bf4ffaf0ed17421f8ccdf1
798de73f84caf4ff37aed5dd0f492d3aab5bef98fd5b66ca83f3a8a3edbe7aa1	ok	36936b83b906b7d8df641b0e40d4c593de20da9d67c4dc5cc61412d7e05c3af8
79d1b00e19173e2a96aa0f6cdd8fd724121d35d5a74f276dfbda082c4b574ed9	ok	ab94054eb590e26d3d37a53451602919c9e2835b79ccc393e52ae2131f5e77bd
79fe19d4d0957d8ee75149f1c1cb597a560d245d2ab99810a44d0311cfd4c60b	ok	bad67bada179ce4dcfde6cba29c3518aefd83c529042c3f350d3e25c6576d3fb
7a0b6a747d7317b340af26000c1cb9e3336e3ab6249a80f2282206f016fe36a7	ok	c5f3f95886140dc19f1c0f01cfb9b7db5ae975d815ff1602cb4632dfe6027c23
7a101b27c2c871a1d9c1e6b4ea9aa530e49293796b7bc0cd2d806bf39e2c8733	ok	b127751c100a7b8f272ec0aa716b5d46dffd051da740eda80378a200ef4bd910
7a1963e4e78f9787de9f62974e7c0b4d666d2dd4336f99a1957869defccbc2a9	ok	3b28e1254a792405c8b5e44533c05424ff10743ceddbe260511c8ef71667c213
7a25d4b8b2961f19bcf068cb4a9d46e0691e13f98424601b8ec718f49817511f	ok	cb050a72abab4edda340a24889dbdec6450159d06b17bbb426f66d277b5de497
7a346f2e4f8b97b788b13753ff5c264eec4e4f3d65e13221d16e387c835d433c	ok	b299dd44a8ede982fd8cec97d7444cf71fc43871a4868bc1199556cb5b740dcd
7a5cfc12470d835ac596688386da5c6105a983234309bd6271952afe792ea94e	ok	927250e067ffad44aacca716c0496c22d0c7c20443ba1a145aa74cb7dd93765e
7a5d49326d6c5bfb7adb3b908a61ba905233cae1a03d270a6435cde075c19ba5	ok	68b66964935c700cd80e26355a4bd0c381f107775dedf70e8cb963ae49175c29
7a8325680f71311c85ae1a53fcba4a6e04eeac41e832fb6ffab97e3ad2a8aa64	ok	26047f2df8fc770a3d891bd268de912918eaebec152f751d92f9dd3da9c923e5
7a975ce69f590f9b397c29638f5b8fac66617f63421a8e60e8510470347d6788	ok	ebb9b57723fe085a22ae80434432f5865ac362cfa216e3e6160b00dc37bbbb99
7a9e55c188159fc4936823981566ec27da90b73a074c3ab6f2be0e8868d7ed38	ok	e99c382916e6381ec9cca81cba38165a46a4e2418b08c288325587da0a2d6206
7ab0ab708a5c850232e92d975cde37a93de6f4c888f335177a03ab830524544f	ok	e7eb6fa61e21b0b9c4e8723f94db073e1fc24721aafdba6acbf12d2f53f38d0c
7ad41cfd506d18683e988c8c1ee03984655be06a0480e06db18e11558aaaeeb4	parse_error	-
7ad9886314f6702d9e75775f2c852ff329fad06506436979834fb845d36d7c65	ok	686dcfa61e2a04765b21ed0dc3e09a79c34bd4eb74ac4c9192f994b5fb64cb43
7addd9012a56c561996680d1fcc9e697c63ec49629abcdebd8aa25c23b22f84f	ok	977020d37c4a0d1be8d713a13d3222386cd038f109881082e61baa1e4eb0a598
7adf669ce6083e916e2ad0e3c50150f8929f79b70d996f15ca2038b06575943a	ok	f966d4616cb4f91173864fb0f8758e359fe3c45c4dcb9cbef7957c416b1e144e
7aefdd6074c61352664603529ca2b3e7b904b2b92eb807c1f84611142bd064e1	ok	12e449bdeac13fc31d4fb227fdfee9929d653f25bbf0c175f311eb93733e6d04
7b0376987a3db7fbe65989e87e77750c756204913db247efa16cb7c6053168bc	ok	877a84f11ca0581ba46328d7710ed5b8f78ace90393b7f7253e1132e8359fb8c
7b0c583879719db671b441a81334d41e78e1ded098ee2b55784a18504b80cec0	ok	a314df45708d9ef4631751668afcd96f6aa25ec9a243e1378352ba387f180307
7b23503f8eb61a59bb10b0dee489900f516bc3e5834e500ea76970446b5d9513	ok	3fcb56d48fc893407702e9f26e00ff510bc80175f01500542248aca07cb7c711
7b3818fe39799d617c3467b18763074f92f179e3436d44075b11f27c5dccc8b1	parse_error	-
7b3eccf7bf72d5a7f965ab2792203463915c023f894038cacab9b77402a69864	ok	1ab56b6c1a1819bb0df73863b5a839f4341d50eea6d185d56074ac75141a0d1c
7b7bf5746f3921a2ae385413c439b5e1d39ece496fc7fe4c662d1b9162fe3045	ok	c9c748985d733923245375360d1c595da6655664b0daacabbf7f3a11116b2e4b
7b9066dc8dc231f0f70d006aa4c8d793d7170dd768ede7436b05ccae4cfda500	ok	2b05b6157cf8b1c8b0cc2950b008f4f4b04baf19b245c09a775f86fcc7a510ae
7b9b536f46b58302abe16a9e32fa38c14afd6b9deb829de82f348af41b4a0202	ok	465dee64fc4a04bbd69411fc535350490d37ed7dff0e70437e51ad2462b1939c
7ba0ea56c08397bd975fd8b3966a0a636fe54cb32d341491cb8b7439a1966b75	ok	26e69100a9d5b492af4000abdb1aa2fb7ef8f08126663d8e6244147ae395f871
7ba48fd41898d50c013bfd5f6b8daa46b5a73db66c9515b6a4bd0ddd287c087e	ok	09e8ac4b356346e51321b7570c54492b1942c8151aa8a364e20564ac656979b3
7bb066ef7de5531633b0e0e2c56edcd03d3d7949e66bbdc5fedef2144fc3c03b	ok	bb921e913c4ef6d8eb3796152f336a7035a910c24507b7851abf549521bfa260
7bd729f279e5bc15df843a991496ad328a8e2279b6604cd97cbeb3048c4a8806	ok	ba02ae878f8616ce5184b8375f3ffbdd92161a89d792a32d60391070d20015bb
7befb6580c6d0cfacaca3f7d2aef909b9781e01fb4d28b9fc26325409f50dac2	ok	95d0dfedc9fe5cb955c4b978aa353180f6aa0d47f703392bb761356878f1f844
7c040935ae16733ac309d2159fb9c1b13165f7c7ccc3bbba7dfc21b6e66e7088	ok	a61dffc21aaf9a5dc5b0a4b1cc34def33d67687a8d3485c39ef6918b517ea38b
7c389db94ca8405ebc88348cd23181b89a25146224e7351f62714ab02c48ef3a	ok	da7541d9f0932cedcf60ec3fa5bf17cd5080d3e83b4b5f72985d63d16898aae5
7c50782b479464303c54ddf0cf3dfc4833e48f1ed725b6762cff621060a5b30b	ok	018216d31d26e046718cec864570f6f4d454f941b632d8f757728bdf6d20d26d
7c59794e1bb78c801f739791de5adac1ba7d1727faa94bddd399e8d48f28d80b	ok	c5f3f95886140dc19f1c0f01cfb9b7db5ae975d815ff1602cb4632dfe6027c23
7c64245ea848695fee1f1c7b5abf56b7757b7133395cd4fc3c14e25a1fc4b329	ok	688461e80ac071f956a7770a78b2d2181fcb0599e55ddb7bb287bb92c0862807
7c65fe0a020b15a805806c7684fef38612199c4c027a6e0a5bc4872bb7d97820	ok	d1cd0ca4eab792f6e85f3b42f1cea7e88a8a1ce533503f87b04c54fc4e1f4135
7cb752ee6bf497aaaa0620fa3ca15d7274c4d83bfb5919769897571016ad190f	ok	fff1bfb8f98236d20a6630db56366d168e02d3e3148f469c9fe1d8e8e684729e
7cf369e2be1e0e13339b19a99933d5f347ce834c2ababcea5e48ebf0df758e43	ok	7ac1287529a7e1c85a8562632ae4aa8e94e9c7f67c37c057bd38d67f9adc4ce5
7d22663c599b2566480a6356c88f883375901824efaa4a2efcdd718314346caa	ok	05f3457dca1738d3704da0d0cd694fc0715b7c6297d243cc373033c875501ffa
7d4dacdeda1c642d42618b4ec2a6f644bc3de1ebe6c50021104b88228a2b05f2	ok	3f9aee0dccfc688abbf23f532beeb014ce181056da4e7d010c38eaa06db30884
7d7e4584483f676b01e6271f3af6b5a5430a394e5e66590a3d89b5054bcacd1e	ok	112c2e0e1d81b1fb80676479e5d8deb56dd5e1f1181644dc659bf8b35c09d5d8
7da1ca995f1b4dc0f43f6137b5953906f90488c39a133058698aca80ab7c61ae	ok	5bc55cdc1c54b58f556b95ec7e07a202d24afbbeed2630a76eea7300515f1089
7dc31eff395027eb5f947ca6118901d7be71da81e7f04829a15638059000bb0e	ok	74812128afc16c07d65d2f01c6ac9fb465fbe5002b7ec79d7059f87bb43249e9
7dc475210a854278e12c70a1861caa3f5c891754fe4897a6658e0a119a55f7eb	ok	32f8f231bdd6c741c2fdca57a7aa76035f830f003a604a28ead210e9f1ad6956
7dcc69b2950ad469d7c9498de1f71d67c6922b759959e66c330909f3a0641195	ok	43cbf1f202f9c3160a888e920c50c2a972a26b32b4182c9b2f2a72dc897dade7
7dcd9e8406942a9cd4d1b56125a218b7b175d0050eada55c06fb059f0ed1c29e	ok	05caebf3862f0873973a8d74dfcc12b95d06babdc875b98599160bfdcfdde1fc
7de56d684e02f5e7f2f07f97c64d3e4390e0cd55862f29b6585b1608ca18a5f8	ok	a0ca367fcabc295fc396532c457ebf7ef595590ece23f34e28ead5e939343bf3
7df7dddc07cf8710d5a71c405d8b3098a145b328392cad355d2e8f9af5f45ad5	ok	0d547b9c9e03eb09c449718ba92dc58464c697fdc58b09f79a178ff93f94c734
7e205d58875e646526626a280e0a34579378c7e3728a4c6af4ff16cf72c0bf25	ok	5cb1492d2909bb1403f76214da963ec4367acacbdd62b1fff83dd40ff24642ec
7e225d7f12ebfd6ec12c5ce943ebae2b65c9aecd4234aff4d13706610cdeb3dc	ok	bcf01d6e8c75a1a189f97b81b47531b7ceee2d0760f5253e8491bf4aacd7ae6e
7e6a18968027342969823d436e226c92f050aa9453939f5be84dc67be828bdda	ok	b5533e895a228a54373a37fad262fbc0846a8ea5e911fbb693f6a2c952f3dd89
7e6c3a23747274761f5bd3712f9721d919997d51ae7aac8a3bffa15267eed679	parse_error	-
7e77f2518f158a00d80a6677b83d6348b5856dc3109f67ca5b4dcde481370b98	ok	ef9bde20778b173b868f4781ad6655380432610b59c70c0ed4f217be14cb7b2a
7ea486c1a57cd8bf00a586f0c9b1f388272a8cb241de7ed3ed592a4912614ead	ok	dbfba5c4f363f794c0b44fddb86782bfad1e2f4455f24f160fc3a8df88278f28
7ea71d93da17fa7c7f4f9c2d9d5933462342695f9e9ec401c264733f37f4c272	ok	67128fe7f4b9e094233dc1137c104c39fb417ba4ad1b5bf00dea32f69d7b3735
7eb2e858c3378d9e16fbcb6f854c1ab818728b57c266d52e35df68656aeab1b1	ok	94a06c6ce373748fe215bbeda1808011a5bce8dbebfb17aabcfac75d5b5e318a
7eba8e1c506039bc7072492805aa2d46d8ba5a6191088b605a1278c9bbcdbec4	ok	f5392998b6c70b1018c8bc85496f35d998cac40c8b7309314ce1aa69ef864108
7ec87822b1e138ef908c6bce884eac97be48769108b0d2fd3969bc676b294d81	ok	4e737769f11bed9cbc791bf872e129be2a7a84f1d804c772eed448623fa71574
7edde5e898210041752136b9680dfb97426596572e4a08216a74f4683bc8f8bc	ok	fe1a587e67138bc701572aea40c0a33e475de9e0c4f65555a36c0d529d8db419
7ee07042e9d311d636432a33d4f1509e841c6191f71fbd50dc02a0dcb9593b4b	ok	3703d81b3e47aea9388b0f5050b5d045ffb07cd0392c65c371f5e0f10d11766e
7f27b84f2c123f5203e97c62098b25a5188652a634e8d02bf14fff7f62e49b02	ok	ec25b30e006d186e11d6c7ad10581eb76687dc16e67324c0ad58ece9e4bf957e
7f4ffa573c2146ea2b7e736c7701dfffee32fa64b319e1b48f6db1c2756ff209	ok	21680ecbed8124171ef0c532fb6170dfdf5b43c9b36bd127c54b31c36253b931
7f505af276aa10aa7272e9de0d9a860ed7c22e491832c1baa4466203a7282f03	ok	556213a3fe8b9766eaf5b0294c1616a4009b5c0cfaebeac8b685ed1015097aba
7f5e49c05fd6a68b2468dea48cb86fda3656eba170fd2712d2f6ebad93dc1f66	ok	69877977abec7eadc923087a60e49c71d89e33ddd6a3b2c7a47e4adfac19a026
7f63df3db33d10527465ae1ac43920476fee99a1547aeeb3497a2c08b6bc7cd5	ok	1aa5cdd138dc6b0036ace2f8eebe3a73bb76b45144e420118935bf3e222235da
7f65260e9de15392d12e62fe75db1214e32f968659b7337345eff80b51aaebc3	ok	b113e91ce4a8927cfd35eb03326b3a2bc50332f9c0eb5fa5bbd874c44ad28c44
7f69375886b39bede22c385ac7af5abaa88e9cfc39ebea49cdd8e4e6a7ce4a19	ok	f51196930036c63ba3f42b157ca44230d518da814b627bc16a525e17b937a7ff
7f87584c5d0b69504adc544f1e3154d75903a6bcb48529e93877ad19973f7ad9	ok	5313d2a458531708e433f4db5e5f21d007427444e0749a6dbdf026dfadeb06a8
7f983b5adc443fe14c111274d1e2316cf0313acc344f5e7fde0506e571e83f87	ok	f17670d0e92097c74058d26421d29c09be0c29b6dd32ba90969d445bf3bf62cf
7f9b50623a57a54c93bd2ce9780d4d0392a5676f5d630b79e25ea8afdb93c7f2	ok	7beacce571d49adf9c8defb27e1f0c582d5053bd5e1d60eace5525687f4ef71e
7f9dd3aeacfbcc40c5b75ff616ef6d7c1c7358c3d17f831cab2b042500b292ef	ok	12a6eb2b1903ce9e0ea41c3d00f5b9799ef1179f444362c8419a6d6bbb06e743
7f9f700472f600848fd2b95d08b769b1be0c841f81a088442397b24a244878b7	ok	0d413c422119195208aaebe264f7b0cec0340dbac02500b639dcc83ddad5a256
7fa4383bacc9694c0893955f52199c80c5e7f5e6fa9247f19b0b03cf25ccbcc4	ok	faf3a33eba0087cd4f77a343fade66708f0e36c741904aa33ec4fd9d9deb8ea3
7fba5068bf152b942517b9217fe1f8cd59b9da5f858ef27728009d872a604284	ok	1393c7d2efba21ad029e56a49b56ca9a4fe86ca2d9e51774eb5f5ec878c2b8e3
7fdc040f7fc0a0d81a0377657b8063c7830d09dbf26a6da0b883e51d9869bc4b	ok	f98843f8d0435d719243711725e9d7787685f323f0e5100c33f575ce97933dd0
7fefd2565a2d877a860fd027436ae71772e0fb6984b399f9bd41465134cbcb01	ok	7284964edd969bf6e29ff8c618707f54e28986d0f2929a1f2a89c86ec1148d66
8003fc7bafc3117f49a73c272476593815fb2959f25421198fa46e814b3948bc	ok	87463011b07e89abc6a65203398ce4fb517f063c62331d899c86a911f075e476
80236d0b164d779013e1f10e3d569cb45be0202643fa261db2790aeaa0e6a533	ok	247b69cb1e1f393254d5ea2de2e4a3f487c31a0547f0fcc73f00919fc229fb8d
8025fbba41ebeffb7f34aabc94081fdd41d84bfcf86dee83f607ad043dc3d493	ok	5664fabdf9e1a2c1e297a6e2b9e60f9a963f73c949c3e4e68eeee82c856fca06
802b4bb14297ac980b16207385ef9035f9c87c5346317f885d5970651b4dfeb8	ok	1efd4e67b8beb90e256c6746a192d945c8d85754b04d1a03a6c669a2b3d11c9c
805ebb80422a92d29de20d472815b45343ce0025cd13a6268e938193b5a5890d	ok	ffb41142e99f1fe8ff014215f6fcd3cd569eb0576466f9357262d8865c50df7b
806a5d1555d6a8a2f4f16f694a45ef4ebe981ea3095054d3be3e89bb40c66256	parse_error	-
809328eafc16e48835c54815b491d8e96de968eb0f55762528d790ae6a3ea33c	ok	029390a6fd741b042dc1348cf519943a7ed97c78d206cb3e4c463d1d03119766
809fd6ff4a799246dff73aecb68e09792dcd9e2645540d8db4c3bb158ada5cae	ok	4edda0c9bd91925bfee17003b8487838290c99b92b88bbe413f7140cb25586da
80ca436a79bdf9596c2172bc5dcc63037ba2b6e7dfa921770737a78fe2ca69e9	ok	db93b1da06edd52df3fcb33f45d744c6088c4004c209b382982f1cf017d9d89d
80d4d89f3f23c0eb97e436c8ef2e999ef3d6e261036ca886cb901451f95089ad	ok	a3a2319e24d4c27b0fc08af999fc51859198dd7ddc22bb1974d9b197441885a1
80d994ee0da6ca9422b3abdc6a348534fe0f1760959df970c7f7f859dcac6e27	ok	22639dd356974c1d79569a6e2339de87f8d0fa4761eb3b8ab3248d91baea108e
80ebd5a990e901ebe05b7866135b272e6cedd0b31b0e730e7a425d35d1748705	ok	f0e2a4e4b5c65c21d4d212caa01bae213426f011a365d1de008e48346e1919e2
811f1abbfa6d470bd4722b10bf0240c472f5acddf4ac942821a8bc4143e17476	ok	2543dddaf6369dc7ce32c80b4144d0c0ad355e4d2f23755085879cda0c9197c1
81247c80bdedabd3aad4733d59f356ab97767c05606748eecde97c410387a5f1	ok	2890f83131e3f90b0be79e2e38622e3c0edf1b6d321bfdd02f50955e91eb3324
814eddbda3e903db1ca1aaee8b2d1fe1898c2a46dc2508985bb88355f222ce0d	ok	eadc8aab957d93e58145faf8dd374606c32b5bd58bd9bcc7134b4279a998935b
815497e20de0bbba7a5f2a759cd9c2b2aeaab205f823f8887d50a4bf341f79fe	ok	72b34dca2af97eb3bb4618f6b6cd23c6d38ff5ae711e044b5640319f343dd891
8176bc75c8b1878ae105ea902d8713f84f94bfc9d5bde3f5dbe3cd7e41f84988	ok	eea807410247c6eb66c2bd38c89d73f56b6d96dca639be438aedadb2f3ec11a4
81c4235a7cb8c8e6c824a2050057d86515622f5b2384a5d94e45a53cf345bcf9	ok	321b08a8370b91e01a610bf53d60d2a97726135499cc4dcc00ecd1952f30c02b
81e5e85d7ce85379ad2c18d6a3dc89ccfcd8d36df795f48e827179f7bd69fde0	ok	1aa5cdd138dc6b0036ace2f8eebe3a73bb76b45144e420118935bf3e222235da
81e947685d70d7d2c70750d5a2ea18d8f3c33cf458a8c662b3bf1247b2f8bb9f	ok	010dc1dbac8937d9139250099b49bbae40d73709c5b97dce4bb82ab4d2304d61
8201b32e578d3f06e8df559036d1983cb70f9cabcf436aade8ec404c8067fbef	parse_error	-
8245eb207bf6ea4208fdfd38604fa4877036f3a511a9c68c5b9a82e9e0433037	ok	88dc5f358e2894add9b0bd098ae488e85eed6ffdf238cde673b2b669dc9d849d
82579472074415758aacc9e10dc2cc9e766c1fc2064e4c1b13d8914221b32406	ok	37756566cf91bb876fed92d4f2915efb9700fadb136498e7747e239e7df3f4af
8264761e5e35b15c9b1bcc04526d8ba6babcd08bf1e0fd6687799a7885ba150c	ok	35fa07afebdfe2a5fb1c40edab56dfcbb447970303dd719c42a11168f54a85a5
8272813a6d0a406c08abad1877fe443f724d5ac47e9666ada5bd220ee1569159	parse_error	-
828cc8f70e03c412f71ca1a8aaf88ca84441f33fd283a7a411ffea0951452faf	ok	faec006fb4cdd690e69e534ec074593b58d3820cca65d73f02982609c543471b
82a0f57944ba3062d9b38ff14d7a411019f640733c2a65a24bf2a69808cfc009	ok	45358d9644265938e422085b56ea0c7591279ba4d47efe43e61916af7c3f1cdc
82a518b267633776c6bb107703de2854a877aff171bb734f55a4167f0f11bf42	ok	cff1dbcad2c1739ced40d993ca68bafb82f4c8860b9b158d42554eeb79c94972
82a67cf35b3a33ae0c1ce71754be4c0760afcdace0184e6a10bbdee00a0d677c	parse_error	-
82bc7b7d6585e34edc3d15b2f77f5d45965186696ff5cecac015f7bcd812af24	ok	b091b8f18877ad5add4f087ec3546137e88ddbe5bcefdd27537154a1ea19a9a5
82d5d7fe10d2b7cb995fa4380ef8faa1627336e3fdfb0133827ce52c09f647bc	ok	57bdcc96cf5606c4a16bb51eaa98ba8007c842aaeb749dfa7ac1160609ab02aa
82d8ef318ff6c33f11261f45428721d9f0d7336ee743d944e4ef9b42c2181720	ok	8e2b92628c18308d07cca83fb0f523e946548dafd29bcbf12056823c7fc52348
82ec35afd161943e0364026fb93b027d3cbca636843044c8deed784e764a2cb5	ok	d95c298cefe11c6042b7ba7d508ab5c50c58568f5066ee2edb49abb2be434d56
82ed6ac168d109f1c28faad44253a946979c053c4383bddf4d4a80c31678d885	ok	0898b903b738de1a11b5cffe5b97a9479e38fa26b86a079e8bd6f5e3deb51a46
83066f4f9196c86072f3487837ef1c65ff9d407c1e5e2ea88891e17e52d33d42	ok	a53f86c4746501f0d33836a34636aa6f0256a640c06c8b92f3f910eb4c4d4125
830c8d54d1c68c1f299347b443d754500c53bbc863aa8aeae591d2fc56b96e0b	ok	a3ecad9d45b895ce1326ded32562a571656be7420c062e8e7f5feac4035c4624
831bd0c71350d47e73f2de500c6d23335e3f3583509bd56edfb0ab8e4e3286cf	ok	db93b1da06edd52df3fcb33f45d744c6088c4004c209b382982f1cf017d9d89d
8320945df9d89d88175a31d25ee39b8d78b740eb7982c6a870e56e0ab648f6a4	ok	a104460c9ef69163625f7aafb772df0000ee345e37a3d13bdf6bfe83d8e8d1b5
8326111f0d1db74ce9d1dc83d7996d1ee3729f58a989ec59f86ceb7d85295ca6	ok	0a31768f5d3bd448cb28c762a6dd74cb36e5f86fabf08eeb8bda08faeba604cd
832be31948ced6d475973dfade068099fe26276ddd3a11bbf779eaec8f6a4fa2	ok	5480b6fab553e4d25085db252f7c91e827ff043bd4bc10ea0b6ece2e11cc5d80
8330071f367067f6a97cc1fbeeff53640e3dceed1fb5c0971d54c115bcdb8511	ok	95d0dfedc9fe5cb955c4b978aa353180f6aa0d47f703392bb761356878f1f844
833ce0b62880cab87c1e7e995891a38157eeffbdf49d92eedf72efc174039cd8	ok	1aa5cdd138dc6b0036ace2f8eebe3a73bb76b45144e420118935bf3e222235da
83529f30759c781af53931d21e761fe57597668e7db40d0be9f17cd28e8678b5	ok	77661fc260174af7b1a189e2d810f437f9926646164b0f5f68c9bbda9b8153c8
83599af66f08900245ccb2fc98c09339cbede15f5ad421b585ba62524296b7a8	ok	73311dbf2c4d0c03e70b826ef3b96fc071a26c2ec7d884eae23d12561b813529
836a78d7f24e6503dcc6efdc9e2334f341982880e248be5dfdde6b66ec3cbc73	ok	a59f1f65b34104c24f5a9183eda5a5de7911f29ecc506336c43988748e567206
837d3105694e34057898528ab1e9edc8f381f622a140f1de0d326459141e081a	ok	54a881cb3c67317653c96cdc11ef18a1d12abc7d07dcc4c658d3febbda822038
839bec949ac6bf3b9e63261ffaca9b659fa031bea4bc504bf7be92e264be3cad	ok	78803df84d87f44635b2e7e8d508dedde72b0d2049ae61fa2cf4ab54891c4417
83a8cbbeefd031c7ae89542301d9834f17adbaff6dba76b0e7425aadeec17bd6	ok	57926de312d563a4a1d7139a4660e1e007859138206efe29fb7ccf3c635959aa
83cf71b41b9bde8700398f588787810577aaa99ff10b3f0f3d4d9abad9bee278	ok	26bcd700edf30d06dd943330960cb5496c4d175ce248908bcbd4bf5a86786872
83de00a1020b72be7a18e8ba7f03ae2d0627b15fd61b1f89b78da0aa5b77ea38	ok	148fac68c8b9d1ab88a218490f796182c8637f17afc16d34bc78fa6e30e9ee0b
83e96eea5fa7bf627254c9481377664d507f4373c8c3976a2a6162fe9dd260c0	ok	e4c0e6408875b7f57ce6802c4cbbe51f5ddf73625a8195767296584f640df6ac
83ef5403e6f7f8e61486f4e437ecfe9b0205c5826af5ffd543d961c751335405	ok	75c5ef02deebf5b7cb721729ecb72a1b16b45ce4ff883400823b24757ca41ad9
83f0275b9252738c8cdebbd7f6c8e1d23bc885c69ee8546cc00a24bf88b793c5	ok	6afbd27015b489735b88ac70fefd0c07aff570a5abfcaca8f9ecf13000c0abed
83fe0621d870eb747aba5c46f54f1acf039db93a0b92047fc7652c49d185df5b	ok	364f431862b51d2eb3f76c0073ed3c5f0784f58dc84364ce19353bd7ddb82c7b
84172382ca3166a8de806c348a78a537c133f67e4c1e2fb1979e2cb814604918	ok	5a6c88420c9f4402540a76b59e8bbd75e3b1d8cf6a36e40cc9e0c29e011a6142
84200e2a17b82492ea9f932aab94143dead1cbda7e234cf2700b72565a6a8ec7	ok	94d6ee7ece961d2fdb51f8754c5ae639f8d24725b6c183dc005e774a13626003
846505e93bfe4a2950036f308627abbc15c4b05cd8410b5618b825574e74d80e	ok	fe7d8485ffbc12992f5ad747e390cf9c04a0e2ff57f9885671d3c3835095f246
84a6ebc45f766e0df18dc41c2dda258b8f2291b410ce0b1fe76c0d8f22b88ead	ok	5cfbd33f627233a05af37b1d7e5b3f6d58c3dfa27c0f46bb9b1ec7bb3496a93f
84b2705362812e7a47b95851e1dad0496b62521ef838158d5b1ac1504ca47e74	ok	33ee3101f03f32283ba3934850cd713189fe2f62c1d9ca7195c6baebd3d1ad8d
84b8b525b0e233ba86a5801bd3f3abaeb1244efaa2730020b52300c9cc17201f	ok	a0ca367fcabc295fc396532c457ebf7ef595590ece23f34e28ead5e939343bf3
84bd1baa122f4da62e0c19578d819f88e8329bb2367bd62c96e53bea7b2e6de7	ok	63827bf67693388d2b863845946b772143a74833a4a75af4cbdfdd8e64d91507
84e47feb2504a1c2b1a69bce3a7200eebc20d8b905ec6de6c9e9231d82ef0416	ok	4e2dd5adfd7c74a421dc8d4b55cef9c6c97cf8f55ced130e2f2542fe553d2c06
84e4df858c75e0baa297ca74af4dfafc53af0a20bfaa9995313aaecbf2cb30d0	ok	8e1fbf7b2fa245eb050d2c74578b704cbd7bfaad27b977dad38ba27c394aaaa8
84e88337b2be0cf444cfa03bb2000d4863c0ffd4151366b54dc273e3501df7eb	ok	c9b459528a303b952952733460d689e042e3a89dfeb06f347421bfcdfac05637
8575c1b133690d63b8c081ae3732bd2ba98fb76ef89745ef05c79935d195cbfc	ok	a6ecea65299f8734874e490124054c00822a89963c2013be052bfea6e7a4f0f8
857a9fe7a004e180ac52dd33b601421c85aeaadf1c07d683191f90e2f41c1277	ok	38ea61a607426e3a0a3f8f61b64671cb58a65e985a33d8e9d7d5167af521245d
857b037685cb1f7bcedffcd37e21db7291e27bf275bdbe55b2f446add8a54d74	ok	f98843f8d0435d719243711725e9d7787685f323f0e5100c33f575ce97933dd0
857d372279daf0b4695f7ae89d1bc4d4501385072d1163ddff458c113e86e048	ok	d24a527f2af1484755951453b9bae8d94404d9685f829ee4c83b1401dc1403f5
8580ecd148fde2764d2cb755ea0eac2c491eb59462ae0a9ea80b5e0b2fec0e62	ok	6528a6802d63163e5c26b542ee03471976b7b0cd781cce1334e3b4ddef313838
85895ebd728ef4c7b9eb9ba996e18f5e4712723beaed6e3fb1b96337933a6ed5	ok	9b0bf0a457a3919ff996d748a7dada2a649a0cb8de1864ac3dfa236746fd4b1e
85ba83a6c807a86054afb6642dfa2e5bac306fbf5f9d8e3293e9cf2c7b745493	ok	e58609ac2094fc49d494f53483db3c9193f6738712c815f522018b95d59f3c94
85bd330a8d44dfc0c96665da350cf81ce1b9103972d230e9d000c6d4828d9e26	ok	187deced8870b6548eb4bd416c37210058ae72e96b6d9476b92543a9338414dd
85dd1d810e22c00a3ee0098705cc03bf1bb8f3296baa1458d0720946abbd0384	ok	1760b0541ca2f71969a259619144df6d05782baff8667805c5b2298c9235ce02
85df08016f7a909a0bdf4df3902c69fff0dc9ddbea577118266e2347f49da161	ok	c2ca28f9c67d9bdc5ec127d56856657fbed51c869ad83cf534b1a451fa5212ea
85edf5e9c8141f8a1808a17af29f7cc1be6be9ea389fbe4c7f1e490903d57386	ok	9501c1af286b04018c590b6fe29c9fa892871e02d6758ee75a3d90a324c5ad98
85f82f03b6459ab78964b9fbe263fc9635fa4ea407c3e4e9b0bda6c01f05c744	ok	7f8936614e48eb2f3475230bc56b7a27a9745e1da93b74801e5893ccc84177be
8605e77c5219bb730a42c558e822aab207d0123ab029efa71e42a3ed103b6dd8	ok	2a86c20ebe4db3dd7c1eedf0f3c43f77cabfde45fa18693fa9a15eb26f4db974
860b2fd39fd5112b9b2408d7810c423164e0240c0044af81cecf20f9f6d1756c	ok	5f54d1f71f7d239a427db50c5a623a7840f628d8ba2d52a65035fb68ea5e3121
86117f83aa8da1c44d93ad9255e395298e45ec33a0821b8066e4da865da1059d	ok	026bcb357fa98d2a3936e373751fed82358315adf28c7466ae5979c728dbd85d
86171eeeb2a11ca2827848118d0ca91637fb77cb46b7a072db8d5f870394ecb2	ok	d98cca3b0a766d9d38ae2bff704d6c18b017da9f306c1424a06c39bbac939381
8646b820c4784d240dfb8f1c53bd8adf91554e3e2b4e1cd40c4ca48fc8a00737	ok	0fc9a48b44272ab4bb745dbca8478ce88adc814b92b5742934d4e550739708be
8649efd7783fef481890c425d8d7ce9d7b9a28634a7d7a669b79de12bf304673	ok	385b9920d8c3fb6648f218cec6f4a91a24ce897e27044d8ac9c761430cea7411
864e7821e8077160fb05f613cde091a2e4c83216f85747f7766633a74b27f46c	ok	e70ccf619955bace187c7b2cc4e273e4ae9ebae6f39540d9c32ac03a5dbf35b2
866928376cf7f65f9271952c01848c04932c57a4b58ab7533f3ca73a50889a6b	parse_error	-
867b9c9b6c2ec5e7fccd5a8caacc911670de9f942d13256e847bbce40d21a4a3	ok	de8577b5fbab4d87750d3567172db9368e691cfa0dc73c2e69359a57697d79f9
867f950d0205ad345c15db0e2ef36ca6b37a64617810bfcfb70491926ecb13eb	ok	57daa34e2d229f56955e1e9c962510055852f808f68e4890f337fc051701a282
868d5c225c5d4d225de28fefacfb13aee97f6d454ad03a5f264107c2e0c847b2	unsupported_shape	-
86bf0a5f1de3ac1974fc1b0b1e8d4fa7d955daa8ee1dc2c85f0420d607507665	ok	5ae7eff36f7014164e8c3767908e128716e30cbaf49152856bdd1f1fd5fc1726
86cb4c5d4300dc574a38201a8a9599cdb9879c1f503e928827eb52d5dc0c0778	ok	c024252b7b11d7c4652c2a19d8f581a9001aaf72531846d7f0b501558aea8469
870a58fcdc660adbb0e0214ce71886193078c0282089697e4e3b0c0390062dc1	ok	99970965a7d21ad676d9ff404ec543418d1d8310caeb075882b2313798e87cd6
870af31dfc68f52a781c276b9b1f76f0660f7080246aa561216c887020208c5d	ok	dc74669bf9cb4239f034f0c66b9425afeda8998a5862cfba24f9e43b434d527b
871981ab76e08f398b9cce27b3323f212cc51ec9b0a26fa4dba9598793779683	ok	bc90ae590c7b53757fafc642b705c178e61971900c5f777ca8ab21b32279796b
8736b3f1c0e9b3090c2290eecc9bb2b5ab7f0260478b98b0e1e57525c7e4253c	ok	2d9996f0408285ce1a3506c8f794ef65f2c81540fd30ea08da9f28a0ba8f81e2
874ed7373ad23da2f97a9a98d142998c75cedeb21839273448d306ace92c90a8	ok	c899f959a2c483161e840dfb8d04c61706f23652304cb3ca3112b354e1f95d87
87567cc8e61e361dfe3e0f7aae81eeffb557967d2cb4573f67bc04bc890e284b	ok	67e0ceb46c9a6fd3bc97a28bcbea9970d55032d3948daeb8016d7848d733fca9
8757c34027f880f8c1bba081e3128eec89732a47782fc7847c505b772fc26a87	ok	a2a2430b9f9d80609568b2ef6ead3ea5f7655671ae60aebb69940f7f1bd3c88a
875f13907a90fe623b109c4445922a218be932d1bd92578454b27e8cdeccf6cc	ok	a4dc474afe6f023a886699f71cbbd262ccc6c6ba27b970b25c9c0bbd52d784c9
878330f47571ac1d2b078ab9b0785a813f0009cb084ad3a1187a219bedb3e199	ok	0191c7524dfc9fa92684cb97f0e8fef5df583590dfddbef21fb569d3073e53db
8785e4986508a53853aeffe91f753d63ae030d7f51af73d160345b51b5fdd0a0	ok	06a0c870ba48a8a7a054acb77d93d5dc5f31a881f66e1cb60748c5723eca604a
87a98fba86b6d5928572bf15f7ea94e3200347d6bb7ad02c0c9baa1c8c2ab1e8	ok	6c53e2cfb798c5328a93f106d1e46c476409a406d28d5b7e685ae554a760b9d7
87c69bb09cc9f3d058c77d757f778468f917c18b631719f462f8a6fd7be1535f	parse_error	-
880b826e0b58df5df3ba620128555d317594b3ca21be783f974dfe1526b2b2e6	ok	49bfb13840763f7ec14c7ab6f9385a11f68019ddcea74f355cbc37353c5e76c6
881bf2a39e779b7b2d4180e8faa33f3c76948cda75a18bcdacaccb8a991d3051	ok	6a2dfeb88fd40443387fe36588eda3b07cfafc62677d37b3064ffda8a6d9841c
8838208b9baf4fb3b9695f24b135caac9bf493063c69307dd40b9f40dc1b2d87	ok	684e56af2686b604f0bd089d2c32523bdacc5e3038f51ec071e4f671a2d9bb44
8846f456c46b76ab9057f16d8c833bc07a7f8b927f4055b31df2b800c3e34f6f	ok	b199143c40b261d8163f12507c3fe8343d975d490180d7a7fb7ee9ae8580ef1a
8847fe675d38bd2a793f3d66af3269c99576a285b1788217d6b97641631093b8	ok	9227de466e4385e3a761ccdf150b0472487a65c52433684ec9fc109b48ae1704
886531975b70c46a4ecb49c123dd96a3d6cbc61681a94d8eff0f12fc41bb2455	ok	f9e013b51be64a21475e49362294c4a443190ab9f52ab8910e7e67cfe2585a95
88826d98e2242c3d4f200eb540ee34321c5857f3d598445e7a1ecc0c73dd8b62	ok	4c35f25d43fc9969378d812a58a8990404a63056d5cdc46a3455a75ea2336ac8
889063bd08d06a65cd1abf1a85a038372835f3c5d59f0e49d73c7aa793260df5	parse_error	-
8899387ac9086f39565287f2a5e1abdda62be7792fe2ee6e6a96d2e868ac56f8	ok	9a24e4d112ae47dd09ab6a2bbaecbfc409eeebbb870b6920f2d89a0fe7d7afdf
88a8aa5407438222315ba2b042c80b51226218f78bee815e5af284d341ad96cb	ok	3e57f26552baaae9540087c3010273850da183552cd06c5d8e03d5700b5d78f5
88a8ef10abad8cda21889a747d25189e14822aa27b87a69ccd410c1fddd34f5c	ok	884ec2c3dba8714ddc225c4167f43d79e43fcd9152a453f3ada9eb4e0dbe08be
88b77387b632957eba0359df0ffc0e557e020b1f6e30ac0862c094c20870a596	ok	af210397ada8f056eda29d06dd9fc4e6b9d507d31a8a211e5c944b6b0168f9ab
88cd01672c0b9c6527178a18bd20bbe11628c0d744ba2b01146050d6be0a45e3	ok	4b683af6bab2d0bbddef0c8bb7885d161d68d3a31760a02f59f09dae760c1df5
88d36e262aeab5c8392251e6c9faf3ad4e4fb6280f00ef7835b0704f42686840	ok	a2192dd10b41ec5b715c786e9e12811d490d0ad99d5661f581989bfafc892fd1
88ea835085114f199abc769db464375ba5275cc3ca0bb4a62caca9cc891c50e2	ok	81675d703ef91c404e9d76f841096790051083647c6b5fd2809d9e52d7f0e586
88fd2f14038a655bb721c38c299c4f7f1a0ed189a1f684623ee8e1bb9fd9e73b	ok	061afc302b16894b657b3eaf36fe33ed8b11eb571a03f0f206d722262b2aa9be
890c22978aeb43ba5d09e3423705f47bcf3c406461faeda4f2fac9b5129d0f48	ok	b3132fb26da6c80fd3718f05e22067bc57f7198611080d9e77dd03375089d85c
8919b7805616c2db78b6bd95fddae39e04b2288daae95b1b4d999820efd4e316	ok	c7d5d4d7444487a808262662878208abfc54acd85824a9fa100b84457c7cfe2f
892bafb46baa5f4dcc5409fd649622d025c4fa12fa65fbd29846bdef79957d7a	ok	8167df87803e07b0b6d8c784900c6f41519a64f7427f1ad4ee8185e15e096eb3
894e1efd4b41c97f2f0be5086125cca05e07a63169629015f3a12939499d9be1	ok	b08279b90875e21f4a5e47a6e87b40416afdeca6f5b4e3ec9b1361f378f644b8
895eac88200fe03b33c40a09572cd8c9dd229708efabcd838f7b2a63f4343710	ok	0f52e74e40cdd46055afa60778a80847eb7920ef61e1f92f25ce3e270de04bde
896ad7e1f9dd6a099b4453d23bf14d81c4fa092b9739c3c8b8ee01eea96f0975	ok	6a2dfeb88fd40443387fe36588eda3b07cfafc62677d37b3064ffda8a6d9841c
89952c29af0aa9c560a00123ee1111913d4b7c908bbcee9250083b26535c348f	ok	1d76b8db15c7202e93503cd870064cc830a5f3def87cd2cd59d908d359737785
89b715b26d5e4448c9b000e1478c356090eea04bbb51ff2a888cd50c0b71fbc0	unsupported_shape	-
89da46254d70b21ec8811dfa366317d8a6e7dae21e7b8f66087ceb0764121c37	ok	475fd4e5772512ad2c18ee4e5171e00ef17d336a0f4ebe550b577f6cd0b98d37
89dfbb801fd93e6f2c68510ef3816ebc5ccab02cbe965d0cdb83f9098c7c1b86	ok	ba019a6c44ab4f581c16ad4c87fec80c06b7a0fb531fe20fb9e8e75f5d7ea4df
8a141140d1336a02206755df40ccc99812a322deb9d23a73b17fd38dc1cbbe64	ok	c935946d345621ab07b35e576c50c7e4c4b0ff1adc66fe0aec6a206a4c091294
8a1b522cf4999393347123fdc61c2aee14de4bb9e76561fb4d32517d26422bf0	ok	76d4a9c2e0125b1adbb5fb8838144ddc56e20703bf78160d7db2a9eabe2bd150
8a1c0c3495894dfa4d03a8d34b51d1e66d386e1c13940496bc8f04a7d9e3cfe4	ok	79bb5247fb660998ccd278074c37367f87120cb812d4a9600cc114e0538db758
8a27a4e857d3c2a54e0f260f45baf6483a84bcb3246643b2b9076a36e4b44719	ok	28225839ae9533139190f081654dec2d0930dfef6acb1867fc2b881bb0dc3196
8a4e4eb822efac201528fbe79bf6b8156d3bea319bcc3e57fd1b5d2a6bb3e3e9	ok	6e90552434eed15c5847030982b459328c23ab7fd7d59bbde3503639fa759257
8a5f56759ea85337f48037e567bc28e8b64492ab8d0eb5bbad95e75adcc3d434	ok	23bc66319b2d58fa446f04aeed4dcf10b9baa29e235335bf6db7517c84fa1f81
8a6749c4b4da7385275c72a3415e935eb6c871bd47d04cb0534d50a7f4b382c3	ok	e4c74e3f9193cab68ab78871afd3667b4d16decafa51f3fbebfbeda5bb57e8cb
8a75388dec94bd8e982cc72c2279a56d508f6b2369c670e8457eea18178d848f	ok	41f21bebdc21a3e87ca14a2c05f32e015b8ddd57a2edfed1dc8ff7f51c2c58eb
8a7f234f0087d1359656b5efb47892f8265db8d5817e46c4608b3c9a12db8c25	ok	36936b83b906b7d8df641b0e40d4c593de20da9d67c4dc5cc61412d7e05c3af8
8a7fc57c7c3f0ad0e3b9e788bf0653ae6887c99a5f02eb5048624df3ce87d9f8	ok	4651a724f7d8850ac9f396e93d232119ee3acca8a5af603fe8593c886b194f1c
8a85c5d90fe0ed4d9844ae11fae3333d28574aab9c38805ee56b62bc09878551	ok	538d12af9612c5b447e551a1d044441071683093658565661b0c0994d08f2c94
8aa9ba22414bbb27c2d86ac2d31e4ef587e923d17885945afe1246eb9b1f83a2	ok	dffca86147c32a8d15e070bfd7b280e52c8226a7ec2e5da6a659f14935acd8e7
8aa9e08c80ed179b9499198dac210f6b382bdbe90c15a09b83c42d217686b00f	ok	0c740502da2d7c857074212cfeb08d5c058934e0fb6dbdf63e48e752f14e7935
8abac0fe2df5353b0d3be6bfef74d2cc3547317a76b1a1058854b92b2a17dfce	ok	ae045bd6cc369d60fb3853f3dd3d0634c8780e62ad55f0e0ca4221eaa7c4c02b
8ae3acc163ebb63bf3ecc527564875bf95dfe6f4fde9e51213fb252e45cafe95	ok	05f9bac1453a64eb2481cbf0389f3371f24a96e7b430c86f25220a4fe108520b
8ae3eeaea72b2b22e4529e29209144ae664ba193c880162462a7045790da2aad	ok	af210397ada8f056eda29d06dd9fc4e6b9d507d31a8a211e5c944b6b0168f9ab
8aed5ac4678aea4f1ce0aee8bffa3683af0ce876391994301cc7bb04702a03ac	ok	d12e0fc55e4b4649afc41a4d96f8e927a255ec9ff2a061cc67db1ca594739cee
8afd4709926c3b56761b65e69dac7113b7b4b1e6a70e80181e2c6a7f4ba6ccb9	ok	14c302455b20ae4a313fdff6903359cee668f5191aaa27ea8237e8190c9e6dad
8b0c52c0be924651b3fd0019adbd1fe16bacdc0a015701bd9ad51cf17ce1266c	ok	ae991de8f44ef4614d376080116b5c48e24a62df2744363ef34f9dfa9eff7623
8b0cf53f090118b9c243a90f91c7cddbd0235209d396b7673e07d1ff48d48c8e	ok	cc6cca1e71002c31258a3b0bf709d8887d1c78f0dab005d832262310152370c8
8b26948dba5fee797ec881fa81583c81f253344c0e098d883b1b44858feca1fa	ok	3399c740b8776f62e8a7490629aec671f5c16b423c79fa0d59cc5492575bf810
8b310c3704882d3d8e66c696c37d3717d7412c4e050a2e41811bfa0f6ae12309	ok	08492252a3a7af952cdba4d281022bb36b2aabdb5b658bceacc4d1d0303650af
8b4adbde0b31c32cf390e6d15fc2ceaa2259c5c751c45f6038602856461f5eb3	ok	031ebf4203a1c88d035ec8a8a80a78281224537d0f4577ac4b46fa31388267c8
8b665ca775535482bc5aabcfe2d63d68535ee32f4e33e1e74e6cae34b633a6f1	ok	daa0d006119bb5892a8d01eaabd79e565f2fd1725fa9edb404a824c5cf7ddb4e
8b88171f612edc574d2463d4633fce357cd20632247dd9ceb6877b22bbce504e	ok	2e377e16342412677e3992d09a1b6b5f4863be6c3565294e18cec985648726c7
8b894c160cab304189f08800d770b7bceb3e0be309631aca3d0f57790e8bd8a4	ok	80084564f3cb4ef48060176433518193e25b0c619a415f2eae9ccf07223fab30
8bb96779475756e6605f9f8ea76d5161556ec7c030510f69816e2ea80a119f99	ok	ba38f028443e7e67b818c37001615906ea0f712043e2973e0910af5f5eed9e9a
8bdbd3b43b6590d534899f5a98738e3434ba8992c42450c19b8bae5d9416e3bc	ok	c52929f12e328443ca7bc89bb584ef403601045135594c39c566ee21a0cb506e
8be74d31c71c44b32eeb792c326ac4e0dd308b42e0f1c315b1218da21049fbe5	ok	a969afd23b51ca0431cc58a5fc195ebcad575c787bce01cf2843e52c7144a6e7
8bf2f447e7449c6fd35c842f2b4fdae28c9b5dd2bc81ac5f71f2b5259490f805	ok	2b37175ba63e6d78536a0fd6fd309a64c443c2b6d0cdabf56cad20186547e851
8bf3f097de7c724c37279984fab987015ad9d641dbca673b962eb5529da26b5f	ok	40c88782303824048b4c52b4b65b1a3456d026ba65f9a82663806c43b7a123b2
8bfdc9c2be97051e2645ac0b0b3ab16a5f31a9157d66f0fa84ee7c4c0b32b28c	ok	dee185af2dce49f13f72f3260eb19e00540ced0d86d90af5859b68be75223c34
8c24fdd3cad456e98220a4f687a2ed0963679f911cb569fbb46ebf97ea038739	ok	5313d2a458531708e433f4db5e5f21d007427444e0749a6dbdf026dfadeb06a8
8c4e4ac6f7def958994e46b3539318dd8831766480cde8b493ed34d85c56f74c	ok	0e995d328c3e55e0089c78883a7eee9c0d6044abd026fefcb6a20315292a4195
8c8620e28c6167749ea83cd33ad920a064ce7a366cf08e2735f1ad9098f83b52	ok	9b5466c3c35bd37b98c853eb263e20932b0b719f298fe72b0f409b0858ba67fa
8c9466701ff669225045c6d86c3f5c51651f85018206c68b754bf623e1e4dcf5	ok	cdff7fe5034c5db823c72f21949627ad1e9edc63b1fcbba72fc61eb069895ca0
8c9e8d67a9347cdc92518a6e562324023a037aa48019c9207368dbab39df8e52	parse_error	-
8c9fcefc7af810b7947ba6443b0fcd941e2471fb1ca09de6c86e42ce282b0f07	ok	0f52e74e40cdd46055afa60778a80847eb7920ef61e1f92f25ce3e270de04bde
8cd5b3bb3789a113b2c601128bf38a5c4cea0835e1b48ea406216af6a61609b8	ok	55686cd59dc84d81a5e1d128c5db02e8d0a720098361a6cca3d5c0490afc5d69
8cde1082d40dad4d775988f77665c61077d42fa371013639dc98ad1270e9a404	parse_error	-
8d03a6d18953addfd787ce780661583bede859e32bbbcb83d23e7ed2136a4664	ok	3399c740b8776f62e8a7490629aec671f5c16b423c79fa0d59cc5492575bf810
8d265bcfe7a363eb079ce9d525f4c19b27cd7af5aa4334874d218b3a2e407338	ok	5510aafd4a829191606eea120bd7fc0d6c320ad27309be5fc377893b469bc5bc
8d54ff55d6063ee069103640c09a3401f2e823a9478039e4be9bbbd46c27c119	ok	8e1fbf7b2fa245eb050d2c74578b704cbd7bfaad27b977dad38ba27c394aaaa8
8d64c53b74fad74ced06185ffe0a19feb1fb37a63bca4889fd8e10b6e1c9ed22	ok	746b40d2c91d0cbb25cf81c815eafad34c9181d6cdd6b9522b205b6a34260673
8d7d34165509896bffe807a6a8a8fc589761835a5dcb4cb6f7d6be1decca7958	ok	114defc62c8c599065daae1cc7939fb15a0f683f8e986f6c18d4e7c5c06d3d35
8da6509cc440e4cd683182eec3af60501c226a02b2fcdcc5183d42dc581ffebd	ok	6767ad6260900faf906801fd621771b92d6f144fb98642d566fd786f7d97856f
8daa181ee9a7c9e69503da6e20b67670964785eb4c9186493e8c6e24779fe133	ok	1602096f7702164ca49c5ec953b037291ced8315e5dddbb813a5edf4c67c0fbe
8dae0f997c867654aa94151a29b9c5efff96d9842855c5e208f5ff8b230dc13b	ok	43b49e452d440462cb2894863bdadb348090e35e79fe62bd0a0c4228070af743
8dd2a29aac0daf32b852d7d8df9f8d37dfa262e75508c2af1262f1496eb0997a	ok	238c9f702f1fdfbbfe7b5a72100f22516216b737cb380fdaca2da6b77890d519
8de5d10cc7fc0f88e3971c2d0e2c0f79b31b4fb96bf301994cf01128bb60c592	ok	fd68e5cf0fcb59ccd03b893e50d6e16d89d9239cdcf70e06f8ae6bf4936a7d08
8e0142572c5c833d637794b0bbb925ec83a6671a9cec21a5cad689d270a7a2c3	parse_error	-
8e055232ac216717585d123d9bc03872f6a4ae772064ac7f5ddc017a7b29fb51	ok	e1f17244fdbbe23b616eec84b758b1ce0aa106de3f498cd18fa8e267f86b40dc
8e2419dc633a06692673938988cabd6a1cfc3c63ed823d27f88398211077e584	ok	b7f8119bd582aedd2223a376a8231ffe707c783cd0d48287c29cfc2dde4e9cbc
8e2670320bf7f9b3dba480e73eb278dfddcfdbf34394e632d5726ccebd518af2	ok	bbf4be7cfe97c24cc6569c85fb6183d43caad741ca25c69ba9dafad8a2d677f7
8e26e90ede01c87f842d67a044c0ffef606c96426a6d76e3c1c791908abf908e	ok	726692dadf53af4c157f3571231f416b36f5904e006fb4e370f48516b54b42e4
8e2dc462bfd2153d0a254402e8e25be499658bc1a5385c54f661fbe4c1f42bcd	ok	445bff5ccee38707dcadb143f868120ce3cd71bc9ed5717cc63e6ed28a3e7864
8e3b3149cb6a538475e6fdca8f984b3598adb1331c0563e45bcc95678e231eb3	ok	3ac7c00137d5dfcf42462a3c71d2c9da17d924d079a3a526e8f95b47d4a18ec9
8e403b7547a57455a77b5dd13bc99b0a41d51869149b5db49e382315dfbc0d80	ok	b70e14b27fa1cfb87e52daf32061e89cd1794c21b6ae928506a92847c53774c1
8e7029d7a409b575bf1f0c7b4a126938e0b424c79e0e50880f5b688137aa5a1d	ok	7680bb2ecc40f096f8a489b4870a5fefaa0d110bb49556249b878cbe928606e7
8e85ca5cac1c9e6f1c03418a329527b645f76e8a3d706e7f7e5c74cbad8b4722	ok	0c740502da2d7c857074212cfeb08d5c058934e0fb6dbdf63e48e752f14e7935
8ec9386ceee70c98d7cd50946c0dca96a78ffbb21ab416df44f974021bff1f8b	ok	b5947e74a7b53c52ba3d581047655d96c5c50a4f8b9aa824477e2a4f6f7f0c72
8ecf5471d1947cf201f2d2873a2ff071fa383582bda86f4c889452e5c4c890cd	ok	cec712034c204c6f5aeecfcc1ee3ba36465ad0445ccdb496fc3a300831c1d872
8ed398f27b9fa4be3dfbc38d210e78e8efaba2dbd91fd433c70e94f1e600fe6e	ok	e43a13628cb6d52722e1c3a9808705bb499b922df7295f04232be457cdc5ef93
8ed8102d55bb922831be64f5f76a9becd4776aa8728a3f3639e31639b87eb445	ok	c9bfb550c243eb7d7dbc9de026208a2fafc12cb2b4c61f03b127ae9e87212873
8f08bf7eaf3e18b620e958367d8fdc910d383ff12728dd852eb68d832dfb4b81	ok	0f7d01d8d5093275f108c14fcd1ab21b1f8f09a05e31f06279c4d7e0958afd76
8f1abaca9c020f1fbd0bbee6f0f2740077f05a3c3757b40635269b899ab1fb65	ok	cc899137323d669af897fe81531d6a373305053ec5d68a6b40b594b48e47ae45
8f1b2215813670e70d5dc86683173990c217014a6ba798ceaf7a8d71656997fd	ok	cefb690b85691877e6fb6f33f2b45a76624aa0100ab694a98df87b1b7109f35a
8f3717eeaae349f787c6f142372452690b5964678a14dc18fde515d908ef1ebd	ok	6d5f9cb1a3f46c6353cd34af945084463488bfc4726f18bb93be4ceedd6bf57d
8f39ec1c363e8d8b2f614aa5cf35c9775bc9ac6270e4b49872becaa341094b57	ok	0ba0991188914f3263496e271942d731c4548c7b87ecf4055cb687032159eab8
8f5555191cb496d9a443142d5b8e40fbbf1aabc565478aedab8699f224677f56	ok	94404dbc465db4ff3212b5cef700425cb9a1ac1f059e412a64e42d77b9474ad7
8f6a7cf7b526227c4f8821108ba1eb3b87d00a34cd758fe502503d3b4ccbfe1f	ok	eba7244c4e50326d2b29d28f170facf7aeacb54407021653173efe13a309f3bc
8f728930081dee2aa6d8c40c7f6814d2beac3d7301d6d4561f28e246f4781c75	ok	e99150dadd000f524731379edb27c52eb8426b214de8b5dca669778ab7e25463
8f97913fcbb184c627150fb394b07ecd4e481fa689ac5684ebc9922906f16f58	ok	6d5e7c251167a950be99e5158833a6136a6f0150604199faae930349dfa58821
8fa34f1f03453208eb1fdd931e66024421ade698b68ddf6ddf94c4c72ad6b721	ok	afeae086c3e4e947c9dd052fc9bc3e1e56688477e0f6f1d788887caaf9683e3a
8faec0cdd70380389037df35c93c27fec6e773a5181c269c7ffebdeff4385915	ok	0f52d5aaf53298f5627796e1efe6a820a8391650e46648b3d250b631b0348cdb
8fba4886f64e113c27e916bfd84b8807961bd0c9429dd873b418590990a61ef4	ok	be19d25c0ee2e270646fda8eaff22e8055a0385ffa682b4e9754e8ac39ed71ef
8ff862a31f4370619fdb424b3a022ae087b01a5b3d6e976ace3d9c5eade13e72	ok	3c8ac2c95387bcd8622d8861273a0f029ce620fd09cbe4767c899672fe452002
90066283fa04d7fd6c803071c70471919712a0c8c48e8fe9b55846543ffa7e5d	ok	f0c3778a07d0d99ed5ac48b30183b9e6b60350f4f33096e238f6b77757c23657
9017269fb26d431d8abd1c517f8d184c44849471746a5bc33c5cc164e6abfbb1	ok	abf7b4ffd50aebab702f40e01c5b0be5a7d5ad28babc163a6e7146a56ff4f9f2
903870ae28ef90c33b1c238b1624fd3fc57c5ab0c069d4d4cd290f1ebdadb70d	ok	1bf74be747eb0bb4628566b06c7a24b046fa30d62c3e57b9292cb7f4aed90c28
904a272635eeba0a8ff7a59ae8c3c5e4963d60e43ccd7ec5c5716c43ba95e6db	ok	553fa76bb35b92f280108028a0c0d6728153097c31fd87f4bab1d341d3bb9e32
905178f9086014dd00eed915f8d62c2691cce0aa6cdcb4b1e417968cf759b5b7	ok	825647c6bfaa12daa59491036c66e8b0e3277cf8e2b2a76f211fe3ba97a54eda
9054ad8a267c921939ade59806d935e1d518eac9d3e72d5f37eac4c7b91c36a7	ok	ef67d72c864922132b0a508253c2b19a0734f5600bb940e1cfbdee49af89f2ed
909317b34409eb74e74edddc85081e5ea100eaecdb2e34d6b403c94cb74e28a4	parse_error	-
909ea7745b0c96eb7fd6a89441fa3e12ab3151f69c7a2f80dea796f9edd872c8	ok	26047f2df8fc770a3d891bd268de912918eaebec152f751d92f9dd3da9c923e5
90a9d625c6fd79895be4dc3ad11861c666d4a557272cbd15eb6b973016531c1f	ok	bbeab2735a7e3bc9d148b7eee00ac2863d88f06530916c569f66549ba6fed9ed
90ac7d0072b5584ab6736249d2df73d0d972a90a6dbea2d7c77c9f3abe2eb54a	ok	4c7d37118f92fad902fbb76214fa128ccbc8d0a8eae9407343290b26d588f1f6
90b0501e1b96ad234aa86b4694be5cbe6b4eec341dbfcef4c25ce9155121bea7	ok	ac6143083f800773be6d8db1942d7e9162cc997d916c70d66b967dd671294109
90bbaa5bc9c4c8d4e566893f9baaa0428685ae8e9b433f8c6b1835e4cfc6bf47	ok	7ce7c23485cfb505d177aba41754bc7dabb94b73f3e9e11d20010383be83dd68
90d49135b3ab2997a4bc370404c4b3e2da03aaa90cce10a737e4fd0e518afd92	ok	b9c1db60033a83ca9c5c835facd2947aa1af217a91de6adbd9c664d9a0ef8fff
90e013cc4e1aa8ae4f27dc222b155a9973a43adfab962f3c7918bfa6c4faddc3	ok	0b33fd5fa99e761d22545ac877856c7153ed3cfd4fe0da08f57aa5517b5a7706
90e475e80d2422537a35461d9daee225d37be89489a088e6719b188fc823aa90	ok	6153ba082453b96069a64824e674e083d7fda3e5779f86403a49cf62906390e5
90f87d2acbb6c7a36c0704ccf00d23a63cdc57df86e5e7c5fcb5cc833a63b1be	parse_error	-
90fb04f3bbbaa2caedd43f13e175dceab8957e26f33bd23451994a0fb9812be6	ok	6e202e3b4731b431bca1bb0e04635a4f7179ee2501e6f2cb4bdcdbbd5f8c5ed6
911a2fd42573f626292509ba4a1b8d933af961c2d9052f7669025b620c39317f	ok	3eeee1150de5d08f589c7bdc1cf41403eee0c01b5c8729fe888c56df33847700
91353b0e8e53c4dda975691c734911870291f746510c405ec03a215a657128ac	ok	eba7244c4e50326d2b29d28f170facf7aeacb54407021653173efe13a309f3bc
914be9481dab3aa456f3ebdda2c2431071db464778d20695d6bcc92861858ad3	ok	1393c7d2efba21ad029e56a49b56ca9a4fe86ca2d9e51774eb5f5ec878c2b8e3
91653d731ebfff8ff81a6ac0edb2aa3ed0b7956a50438bd74f6dec3cdc020516	unsupported_shape	-
919b3a78220ead15f940fb7295a29aad7729052eb643f8707841e212fe012759	ok	9bfc0ed2aa239561ac1af07dc8bf41d55ea43409cf76a657fd8a9a6dbb81550e
91a7a964e0e60053dc2b30493a06a8e7429c6802ee02392693da36bd94ba7349	ok	8167df87803e07b0b6d8c784900c6f41519a64f7427f1ad4ee8185e15e096eb3
91ac09d0f4853ccd395905258684577f1b5bde005cf4e66b5995ecfe2ec46e84	ok	5d537323132c05e4e54705b959d3a9637ec91a730e530a9f6e74222237dd2e74
91c2e1180ef59e117ecb820db1bc3d82e35bb8ea60cbcf381de5e31422747620	ok	21680ecbed8124171ef0c532fb6170dfdf5b43c9b36bd127c54b31c36253b931
91cdd8329bad87ec8dbd64ddb2ab74e7c1adc89c667168bc66b8495f3b8daefa	ok	a314df45708d9ef4631751668afcd96f6aa25ec9a243e1378352ba387f180307
91efac3f0f23bd3aa4cb309ff12d3335a9ebf4e1874c357f501288ed1e2aa43a	ok	d307559f03ac407204361793d85b60bdf2f3bd0d0b97dc5dcd3c0a5fc09112fc
91f458a6604811f0645121f5d296cd4afac228c0c7e498e11a982ae29f6c53fd	ok	af4fbc635a07e016932f4863dfc531b39067ab2488576b86006ab3a6a9f62ce2
922925d7db75eb86638f814a483d967abce296a7b3c9f31a93a7bfda4a22ca6e	parse_error	-
922a4a5158e80ff8ffa67909a9ff5b0a83509dcb5bf932f52e1549e5fd559ef7	ok	b5f880082ae4a0373a308c92fbe8266d2b3389f4d22327c81f039909ee7dba3e
923135b13776cbc10aad4fd5635db2f38f29932726742344939ce6950326396e	ok	e106ea3f9eb5bfabd2056b50e820bbcff022b0b193e76550fe72729f1a4e886c
9243ab41ad66ae5714499401bfc92a52639f2857fcf65686a4b88859fa5e963a	ok	55686cd59dc84d81a5e1d128c5db02e8d0a720098361a6cca3d5c0490afc5d69
9248667a9b4593ef3b24ec91fbf762946e02bb8e10c2e0d32f7e127a75feb6be	ok	1c3159c3eda3b34c905bd09d481c799662d8df019ca710fc2de1ef8097e8d513
9255661d7c18cc0f2c5d43886f2fea176f79f9296dd212c405b737e3a086493c	ok	e2ee6b3a5c74ccc76f6f62f86526a96dc6962f6c2911f61f38d9a9147d75702d
925dcaed9694dcbc7eb2b701e6fc1deb79e82e0c74bcfd705420fd13dcd9d2c8	ok	c017fc57e4ca2c1ab5f07d57935f8f1510088316da37921db3dce0dda558178f
926059ac0e63e99bd74fec50baf9d685c41ef32c749f86a5d899aa64563347d6	ok	d4eb69fdbbf31e8efbec482a11b7c57b6f03e23ea53583822b35690de539a6fd
926eb9c01011887d18b709ece5bfc0d35d3ce2aa1de1cb1c0da1fffcb815d867	ok	8623c5d90605a30d7d0a3a9c523f27af26df5fd5456e3047ad7f614e46536394
9273d083c502075e0e17057a5feaf54d28f6188ef9fa8ee65a0a0ca8897a7d11	ok	4146d0634c57b12dd8173d45e07708cc1be1e0ff1db242ab62a70a4a83b4ada3
9279fac72a433a571421509826558147f84f89523216e23ce5453f63d0585236	ok	a72d0afea1856bf98f962f9f1c9d66c144412c1af049d30956afdc7780a56885
92840ee67a9343e46977c6e13e4e2746cfd047cb60e69108fddc4cebaa396d77	ok	7293161a4db3d7af964ef1643b539146b6334423a0c0f7c485f49b7bdbed43c3
928d29c244e05a679a93f21d72e6cd6ec969073b7cb64275c0aa59695fd3f068	ok	188d3a26b3ca808f964e356879e7640796e8575b157a5bc7d4b060f68ae11339
9299115a6c8fc499cd577861f2d22b915c6c745ccf50fd54ba472774d1376805	ok	127800e7b7cedc56aadfba6c9eec0c3b757dd4f928c24d623aad884cbd4da627
92c9469fad1b5e6a5d8db87ac2f7f8c14b6d7f5e9a8de66054e93a6fe7ee6973	ok	43cbf1f202f9c3160a888e920c50c2a972a26b32b4182c9b2f2a72dc897dade7
92e4b799ac450f74ef61573aa9eabcf3bc753be1d6dcf9094cef00e989d14d1b	ok	1846eb42f91a7dccbc6e168d7419078864495ee2d355f43f019fec76851346d2
92e6ba9c7351d955a75562b6f574e91dcd26aab371041a9ce5e4e4e5390a1a55	ok	f66bcf91418eacac5eec0c615ce9dc8139c715ad10950bb91c43b9aa5ad37f4f
92e7d57c09863469040782f1c5a50cff5404fb20c23347359bb0192cceaa0f3d	ok	6a2dfeb88fd40443387fe36588eda3b07cfafc62677d37b3064ffda8a6d9841c
92ea49e973166f0d700724e21dee77feb004c2c5c15577d41f2a1e11e4cd1777	ok	de52d923be9fcda994b7cb35f960245c4775eaa0df07ef725c1b182f1afed527
92ecaaa63b8fad0a5196aa5cf9d5711c21abb70cbe6e73ad6f6c6632a8bfd1cd	ok	99ef28bbbda36b7cf9b13750efcc6f8eaef5a452edffe2babe19c813848aba04
92fd6e7560062b67efdcb8ec19065a8558f7c704ab6989b02580b048b38e6eaf	ok	1d3bab8c7669b4eeb16a7a0d061447aa600009fa9017ae107fd25dd284de309c
93208a4f253007791c4125e0daa4e4b4286d15d69ed03e94f10224273f2d35f0	ok	cab9587e06230c7b81436e8020790fa5b92b41ce3b47de5ca3faab958b398b8f
9347498a3f24c26e74aea1e12082ca4692200917dba03ef14a12e2f6012e9d8f	ok	bc7e42173798d9475d5b4e0839899770c37a9e0c616b4c20930cd716cb5c1e62
93500f7859a990ace87db2ffb4d6b95cc466492e4c1045c95aa226a3697a4c39	ok	bbcffadf36eac32d46441b4a6275507df80c0be25bd26dffa8226fd96ebe5dc1
935e73278fa0de47e96986eceecd1c9e5e43b99fbd9e4839e17c273a9b9dd826	ok	f79ff1beb6c13b6a374e4b65ffc85086fe316c7d494d1e50812b2864caa7ce0f
93923b68b122cf1cfb38a82cb083f18649bff3754a0dee902d3790cfa29eb28f	ok	4b22fa3c01101f3fa194774cc13934a3e85f3c14bec62ba5f3013103e2201a7b
9397f7dfd0b543a6744ea008e41f70c73d82b5145762f919c76518a62288eb96	ok	000d97522192bad1d3a9300dda06d7a3f21a90fd70f81929628be270bab83ce3
93af5a39079da98ffde67df9c4137825d8bf4cac55b27cebe181cfdedf8d5506	ok	1e7816d3481dab1ed8ffa09492923c9026226d80d67b1c5b8f9fd521e1cb5092
93c0c681c3ceb6e60d86ad0e4bef52f2234c1c8b33783650fc5496d5d153f630	ok	7143659f0fb07d6435152a77c1848cb875d1959e3f50e8fc5c30fe04c59fe003
93c469def0df56ed12824173564c19c819992faa8f119302cff4abdff9477852	ok	53d0674ba4fc6ba8fa87cf20b0f1893eddb9d4b77c9e9fb549f5a60d5d23f8e0
93c49bee3620db7174017341dee56859c5a580ae531e8712794a6f8f2629784a	ok	5510aafd4a829191606eea120bd7fc0d6c320ad27309be5fc377893b469bc5bc
93d5e3c23613062189e76fe62ad5d032090e0820e427677b4bc20c4bb2c81956	ok	40b5230a2edeb5a398674992049bca71d8b7d2807241259a4dfe7d26cb865a41
93e605d71489bbd4c569deb9c33e01a5a963c01c2accfad9b71816b5eb9da01c	ok	2e37eeaa0dd6f76376c791ffed971d7c7b39d69dc6e29f12c821329b174bd907
93f4014431a9ef209f9cbc766192b7be24bf377914aedbe17acf094354eec93c	parse_error	-
9421ec28ea2bb5c9082fc2cad2721dc17d0ae824b54c4c36706975349067f75a	ok	927250e067ffad44aacca716c0496c22d0c7c20443ba1a145aa74cb7dd93765e
94324861cf374b6350aac81d73943c948a50a4840ec6edf06e2ce31d61020613	ok	877a84f11ca0581ba46328d7710ed5b8f78ace90393b7f7253e1132e8359fb8c
94402ce7fe5064f4d459ad09229982349ea8783e385742b3392267de5d1e43cc	ok	bcf4f01df576557ce37b9d76c3cb102a2909a90602e13341c93e383b4927b6b6
94419f3d3014d07eeec54988e779870820fca53c39a84fc584cf1686b6a9a96b	ok	33a9c6b75fd76cbf36ee39f845b6def1c3d8502f968c5f2f38a853b11b2f7ded
9447aef57cc41b11bf5ab0866095a2105ea4efc64d3af6477b5d73c07eb30b98	ok	e3302df1c353d969a2d8df74719f0a0d9c8d6d3b4efca39a9887106b501aef9f
94514799fe25e6b1e8933c66066b8b165fea706fecabd23b2c6abdef8972fc3c	ok	2127a5e32efc20b8814671aeb32c1e9a68c6ca153520e9ca707930f3d0394b7b
94658fd7c15b172bc0a7503cda69e87ff1969818300fb692984b3827dfcca6b0	parse_error	-
946e58ba2b5add43db442e75e664c37386f637c3caf4d158b5aa34dc1db8eef6	parse_error	-
9476ad4a83026654617481648a15be919dc0931051500c432fbfa12316b7744d	ok	e01fe5f9e9253061923286fc52730092491d9a2e5b1428018c0ce72462bffbdc
94a3970e5df4d841ce1a8a9b6bf6051c89366254a924d6f13420308a2340a62f	ok	d588b3de0ba489b5355d560e09127b96fa64775458bdc47df73f22ad0e83e3b2
94a96b8039b63497f4638f9fdb50d3e973a243a70d172c1a600f07ec22a13cfe	ok	dcfb510f1cc8ac6e39fc506971b27b84a3e31620e8a7330bb0e3cb4022db3ad4
94b3b62bfa92e815a385e00b171fbcfc03acef57b1193d50b35f1ac36d828b3b	ok	fda65a10a451840e2a6600caebbefa05fc12964e2ce8f26aa0eb8c2f1f8a49f0
94c21e2b2a65b1fc087cb653698aa2369e2c17826d4be69c3ddc5da93b60e7b7	ok	f4543da885ffbe808cfc8dbd10ed072886f913a81a6e7e813b50978be437bf88
94c4101dbe1c67d085b4df21a4c9879aa80112642055145f96ad79d5d4bb0809	ok	f9730ae3ebb9b831a22ea35e13af279fafefa277fbff384be39ed060d06b1d35
94ce48c7ecc96523d2a2970974658ec87adfea027f0e66a5879e471100f2a6fb	ok	c9d74d25a2067f9d2428be7ba0e200a9238a202632a86f3b74d40a9a628210d3
94df55eb5bcd22219b6d6937fbadbc69b5dd366933367dfbaa4800092bf066af	parse_error	-
951965e0389dec751df5a7e63e70e3278756d4420bd7b833877ea1c6a0aa81ae	ok	18894329097adfc4d4e010aca13f397eb4833321ffe5f0d829a8524667dd63f9
953fa3d1cc409714f6e52bd26c280164eaf0d8d923d1d7c101a3c2c8f187dd1a	ok	89a4071efe4c6fefb0b7b195e95ff8d3ce7d2761a0990b2e2eddc28125b90289
95598b6913d4bef980e4f24c12777bea965a50890856ce10ec7dadd0a264bd50	ok	c89c49b93cda38024da12e8f238f13941ffefcee3e3a9c0647891d66ea57738d
956d77665b1ddb4b6094cb24eef87ea93aa378b258fe00fc8832aebb6fae9906	ok	3b43a71b44f0f565979de22cd65b1c57682db064d6088753e76794c78bb727f2
9577d79a873322deeee0b4e068397b120c55e9a0eaf843704ecb86cb74ddd282	ok	c9e61a6878d9ad2df9a32f169fe1716466ada27ad2be53901e48f0e06baea356
958cf46c388c7d4019b9032c0da979d474f3e2651fe2aac4f871a1917e9ec60b	ok	8ab71840e30d110b8a4078219c0b6393c0b92df94337c93596ae6ebbb1227622
9593538f2cb025673008b4a06afcfdbe13023eaa146a153184e0ae2b25e2705d	ok	b6d5ef2c993a8739ebb7796c92838b2935911771ad2be1142092d039aeb00595
95ab7735ff6236107fa9972ea73a7598557f5bbeda9fad19842f2d9c9608724e	ok	9a9d2b365951e1a682bff0268a020b9e8313e8094602cb00fc5676717d66cf84
95af329ba23b7d81dfdd19ff3d7d490b73e7ebb76a29f0591bee2e258c572482	ok	13d61e57b2db2c035d3711c58fe68bdf7b0d083b2beca64fa507246493f8f834
95e224a1e895865ab7bd40eadb5ac71f25957d0370c27bc1460488d1d9849e80	parse_error	-
96089c4f84d96ebe9fde190b73badbbae67da5616bd6a6abcf9241a1dbffe37e	ok	cddb72d9ec3a421f4b4a89455c204902e427026db07439b9380bce5629f8b8b4
9621732ecdfd6b7c041543ef47941dc9c85009fa1ee8750e507f1a6287ddf435	ok	263b995d9f675de67b706c8ed531780ef2a0c227fbb0a5db2cf0d2fdf99a7da9
96219019556a19d7751185ba3270e6a0f7e48a145cc7dfaabc893941ac12452d	ok	c536fcc7076c3f487e4c09e245f05b6fbbc663687b2dd5fec48d1213d5cca3c9
964511d8e4acb69dad8351698987c8d8d1199cfd007ffc8994070ad80f68313b	ok	a697dd0d2656b56d6a06e410bbeb2ffbe0f21be0270deb22d77e84da3cdf1bb3
96606ff4d01cd5c573c113bfc04d9c528808a6c9eff64f3b1a7164bd6804ed73	ok	02eb3b848579aaa319126e1766f75e9d155ff4a93c4a09d031747a92f6ec8e07
967b11ce8944cfe4479ef2301706a8fe84215bc94ce9303f8b0505c86321ba8e	ok	4faf40f7fd0f3a578d0834e1ac33249cd5c1e2a969eebff15e34d8f5acc4c401
967d1b2f5fd24d5d072e01ab2b4abd4a517581e945d4ce539a1a7ef0551e22ea	ok	ae917b0946634d5df5679fefa77d423420c4e9c9c054658e2a128f0835906d42
9680838b3352ef242d9354a552f8fdfe5712e902e08b8f8dc55c46efe95c24d6	ok	66aaaff2ec4fb8f7392cde0b20aafc7fb2b7c4797805212bf7cb096ab90cdc1a
9684ab641f4154b0cecb9f3da3297dde40f4bb226f3833d5d44315d9880df215	ok	873059ebd4a41968d3bbba8452d56e9d686824f1d043be11d490c271adceeca5
96c324ae02f15ec36858f34ff8f92ea8ae013464ead5f1b45bec0221af1539f5	ok	14ec0abdc3f4699b9dce2c6a18128b94c29446d6a6c9b72728decb2c897bf295
96ca2ed4bc2bb2a9c95b3cefed0b4bd681505f42bcc4bd7c7c54df66f1851eab	ok	7da80b9d8e9bd37db27b575a02f9e0349e26bb3888d66ab85b61137a174dea7b
96de79d673dfc857273281da6fe0af395ea92b5267a5ca8841d618a914db788d	ok	f35ae451ca4a3864a24188048eb340f031decc557ea8c78331d4bfdab155c2b6
96e1639d4e9a2a0d05b1dc5771d717c98c85c8d9e1b45fe450f88b8e51b39385	ok	445bff5ccee38707dcadb143f868120ce3cd71bc9ed5717cc63e6ed28a3e7864
970332b50138f3b50a467f3dcbb0df2dcbd706d609a505d41d2798fb179434f8	ok	3e639e6dd7eeb973a7e91b07ffddbe0c3357daea80567ff6d5741631ebfa5150
970eed4d97ab50f76974854e6758dcddc655e1a2a9a2a4749b9414f853d451a5	ok	fbde0afaa4646a0ba32fd30d1a70919e7f489e759bb1c5b7220afa3c8bb0c040
97266f6d1d8c050b9635505af84b0be9a9c6ef1e852322222fa2e255c80022dd	parse_error	-
97287f759a8c09b20345c94507beaf426370e01a8c12a8217388f4e6e14abcd7	ok	6b4a162ad81a6c2f552c696d63513decd5f0a1e2da6ebbd6663c779c944167f1
974ee7c98c4a0f09b0078c14be4c241a3e2bff3962e978d2ea098809ec3631a2	ok	2e267b9f6b919c5de9680bce33a02740f4cdb7c4c32f3c108f07251a6a828c5a
97630f9f5791034f547543b003575d6a2c115294dfb62c9c7c5f33a200be7228	ok	74647b17181942832b13b42f7fbdbcfa782f4eb2b5368efe2edb2e329f7ee3d2
9764a5ad91390c1192b04c94ce5686237a6addfedf3490a0a74a73138b04cfbc	ok	e500e642ad4ace8b3c292ca31157f56fea1be36e63dc621c60dd5981cbfce6d7
977682b39ae3c79c68b90db7de4fb9aa54b861b739be3d5119aef94f976c3023	ok	5aa387d9545cde01793afce8ef6be155ff816c65e988b83164f6f63cd9691cb1
977b793e0767d2f31096944f38ffd80240bb6934a5ff97a0d1462c5b6ff9223d	ok	34e5a700317818bed4eed508bf7ec88b6f4c188b3faac53f39a57310dad43f14
97a0115feaaabeaeef3400b1a0a4b54d248b592ba76a642ce3260fe49d813bf7	ok	0f3fd9a36677810be4670c30f482641232c69c73d90010eb3f88befc0da82c58
97aa4b0c8702a620f5d06a0ad5e5beb7e229842a98677fb5bef680d7149d00f0	ok	8e1fbf7b2fa245eb050d2c74578b704cbd7bfaad27b977dad38ba27c394aaaa8
97b480297be151fdbf593508fe5360abba1c8e43f81d2727ce65096dac746482	ok	a525fecc8c096fd682ce47fda57ee1382d874f73a5b7e11bfdb7dcaa643e749c
97cda4706ababdf0eb202f482ea58a496d05d5bc7c9f58926933423eba8e9ca1	ok	3bcae9c49efe0722f88ff79045d4d1de203b507df8886d2042feee72434cddb7
97dc7142c37018b531ee38e2432cb289abdb5a6ab4ebdd020d3c8d4c58af2599	ok	b250a573bce8bb77c0ef6c584b918c343887dbb617a0ee5231482efa5368f65a
97e0f8edf3776c2545343a86202dffb18db483616f6add9cdfa5f5e527cde496	ok	eb3f4d801679967f50ea327a1654c21871af0295c2b098d4fb3f3c082453c278
98099870589cf19d75dfb5ea6a0180b41781070aa4d2185e1ffd0520b50ca263	ok	08866c3a667b5c1ac3dfd3efd1628d0a8bb196df67bf6bf0e04aee860e820c81
981457328c565c57eb8df686840dcd20e6a7d9040e847b112032de9d8d107397	ok	3399c740b8776f62e8a7490629aec671f5c16b423c79fa0d59cc5492575bf810
9834785d662f6e0382c46fd55387db91a7c711a2cb49f7a516a9666ac96f319c	parse_error	-
983b5fce39a1dce1dd7bdf3fce2592fd5f5675f25a28cce8bab907bf4e10e45b	ok	a314df45708d9ef4631751668afcd96f6aa25ec9a243e1378352ba387f180307
984adbc1c8d6756d40268e738210d978cd357a60a81a6c04609f90f56337534d	ok	b2ac00db1abd6aef51d8adc6e7ee6f34b1ec0277c263aaacfbecca469ca91738
984bc8effd6039d60414c2fd4914dbaac75cb785ffe0f3832c286d5063263d8b	ok	51d6ed514a2b12c558d7d3450060104d7f546bc76ee40dbfa02f9f86f2489b48
985c6ec081a0ebcdd6379de75bdfaa9f030b8488146cffa27279dee1d226b162	ok	80919736b8b8d8fcf155c723f0181c837a59a2b6282a76a969bc0db63648633d
985db3f9848b7cff4015e903d56acf1c3710342c9c1c532017ec0a0128505585	ok	d78f6d1b316436cdac4619ad2fad74d223e822bcdbc09c28ce15e71c7cc31668
986185b2acf80872960fe79a194524c4f041de240b5f1fb2c4c4f83b0bfad55f	ok	927250e067ffad44aacca716c0496c22d0c7c20443ba1a145aa74cb7dd93765e
987ce620cec53dea7c19d7c8a5bd34f9ba2a0f9a5393d6b73d78c3f73f2ce3eb	ok	aa900bb305339f2aa44d2f1f4bb638f9c9c6215d39482f194d8d83ab45c07beb
988ac5de8bcfb382137f1ccfaa99cebe818e6cd2298fdd3dae56c0621da1e8ad	ok	9bfe9624643f2df1d1a665fc656debc193fc7f45f3907f78f45ae5ca156f7818
988ecc87a0999325b8425c05e5f463228334b6c9647fc132f589fa8ebc0a0b4a	ok	bbf4be7cfe97c24cc6569c85fb6183d43caad741ca25c69ba9dafad8a2d677f7
9898302a669b7d2a9153b0449633da70e33d1aef3fed000c7d5234908b8d27e3	ok	7f9f80f7112e7f6fa7cc21ce1bbe48e4c6ec09e8b1554c79da1fa2eda41c1ebf
98a390518a60cf9c41c1ab30b7035aafb9f80d95476eec66abce6dbc991b7fc9	ok	79253ebf09cdff2241808460515a690e5ea44dffb7599a78650edfce4dabec40
98c17e9462f1c0ce944e00a536518e950c753d7c3cb1b905118a274f7bf51e42	ok	ff7e5508b96ab378532ab4a29e558dcdd03196a0cd39d9edefbe85aa60bead92
98c5bc9fa2c25cfdf85931e94e5e90fb811b9f988e2eea3e2c71330e2866e10d	ok	8e07a7ff208a662e49a0c19941779d9441cffa343ce75a2319b06298ff6265bd
98d21783b44a6666c1a832469441b5a8a246043b67e7a99d135ff5f300254026	ok	187deced8870b6548eb4bd416c37210058ae72e96b6d9476b92543a9338414dd
98e4564c0a817eacf9a8dbd71aad01c26dc3301c33cc1e6c57f659a8f13a79b8	ok	08c32211035f31a794aa6c31a68109136c55f010d38e25fcecdb66d2d02bfc84
98f9732b9b6877442cb8fd5be1ff338b319dc1b7086eebfd3db172cc6268ad1c	ok	8260a4e3d0eb73d62858a634a9a5bb1976f34795763bf2f82b05bf16c72adc76
990fa3198410f52c17c2c7ceda521ca0e0abdd747e1b39bef7b2e1e0cb572fc5	ok	767b38fd8ec18b1d1af02c6a19a2611a7704dae0ed5885dcef898f8a24000ce6
99129fada6bcb5ef602ad68fa248a3d9abd1d52b19bde32f74408c57a9ad8870	ok	37640ea0b71f5f09a9e6b8ee424a883b3cf9cf7dacc242ea9af87f6890c29f4f
992ba952da2a38bf7403738b8f1aeec720e04d2a55316d96c2fe5d719c0347ce	ok	6f375bbb86b8c5069d670e4d5f5725e68d7f56a2b2f61e1ad137b073dd7dafbe
993096926b55936521fbc9e23c0a83e80b64542c30a335a6530cb87164dbfafb	parse_error	-
99383610f1fa3919a624065e5039b10e031e40881a7c08ca9dd67a9911487976	ok	55510dabb1664b33280826a3f934913ef9484d5a9a66c67bc729733b61c00b1a
993d6f17ba1beb767695815a15774860d021ee26c04d91ede7e3bef72e7b501c	ok	c6ccb08adb693e7d902e3c46b92cd91a2ca0bace2029cd3f48f90039ab41b7cc
994694b26644de9ea1dc32a70e1173a6ab5a552f20c8baf28e60114cd2b503fb	ok	cfa3112ba48a9d380e621c0e63df818fd4154751e37758d0514072cec9bf18a9
9961ac4c5aadf6f93c5a213ab5595f125e60efd22777a8394f1abeb8e48be731	parse_error	-
997732ef7cfbeb01149995fc7f247dae55b57848d11e3accbaea13c91534525b	ok	cd2a091d7a830d9aa493d1af760481583698fc50ab40f1d214c24c0006ef3b5a
998d65c3813d2c691697f024bfac9037825f38caa3a3b0b0c2859acc09591aaf	parse_error	-
99c1231a9ee4ff652161521a21e7d58a40d2ebdeb43e110fd70d32ba96293766	ok	595a448216bd99d1684478f595692731688886898f1f59a1111b9ebdcf7f46be
99d24a344e301c3c5fabbbee6c3387ea4db050d7faa355d3f98518818ab9dd6f	ok	0c87834d3aec939747aee6454676395a0b6a1328060a05799bc140070856075f
99d45d3e759c2ec0526f42057fb4be7b94ee6294dea65a9fd3f917ec801aac70	ok	3dac10c62e71aaa943a4bacb0f2bf373381bf27c582e63dce99c1936445418f3
9a0d1092c1cfbaa961254191b3288b42e1a35d19c4e94f8ca49b5839255fa174	ok	81675d703ef91c404e9d76f841096790051083647c6b5fd2809d9e52d7f0e586
9a119a2cad79088caf1e1d0ef839dd225afb3b1f87d8a3638ca1a84b7e2fe8a1	ok	7c92285be38e8dd3abde6148b64fcd5cb074f8ae3bba34dc9c9ebb0b379567dc
9a1b071283447f7dbb256b4af2a32b5ff9030181c960462a4fe02ef1af4d932b	ok	0174640f43a4698aa67c8d51ff25a0f3e2d2da23c93c24b617aaff1e9aad63f1
9a202b947c261f80d4e9bea6a2a9f4ad0c492e35ae4dd671cfbeb4ec044c27b4	ok	4ba5bb5dad1fb723909555793c8b4dbedcd6bb1dfced48a9af2fb783ed2b5342
9a20f30105d2312888f2e11e1dd602853cfa756a772dd207346cccc6653021be	ok	6040bf8f9060a8ca69c0bfa01563df562bf925958893e12886778fd3e5d5b42a
9a5c07e8d5b8b74a19afe7588e638d1d00af6a4c3edf778ddbd01ccdc5d32fe2	ok	8e9e85f6e850bd1ffa71d0e06fbd7dad05a345b19cc5d580420df6531bbab721
9a75f32124c41d13934ac4ae7d108fbcf6c756cc3547f46dab108583b196ffb4	ok	958be71cfec287792b3306d72f7e5bc338c24a400c43283cb07f88bc46940b2d
9a882cc062a3032074dd30d11b47437a5eb88d29749f479f2c9d89eab0f1f1ff	ok	b6ce66c493e02475a3ec4f6f1b1c140f845bb39d2ad5f1049d99817e62ed190f
9ac017163f0584586bc91214df0f84845c50dd93e25dc859eef45beb01c91b8c	ok	afa867c2173a411e6aec649967bee91a6da751c761f46d04d59bb2f1a7a1ebed
9ac3e37e2258bb6b462cc7c2e9c674d48518cd1bf63879253f6916548c431276	ok	1aa5cdd138dc6b0036ace2f8eebe3a73bb76b45144e420118935bf3e222235da
9ae62ecf295d49fcee600802a4f9c0341d3076c41b258c67aa4850e2b5c14690	ok	61fd794f2840491804d95f4d5e8d9ed9c85cdf0be0b2f57bedf054f3e74338b4
9ae93cb849a30cb5e773ee98ab76fd64aa4f4ebbdcf45106a5a91dafca80e57f	ok	f28a4523774a40c1e917d86424d3e33216d64592b9abaacbd7d887390283dce1
9b2e7f0c70c224b4d853569e486a2b394a4c1f66db895d347acdaacea15133b8	ok	182d257c13d0f010352ede2145db5cfe97d9f924fce9285b4757f3424653763c
9b4b5ff0debc5efe1589c76892c506db455d0067abd2a67889598afe822075ed	ok	cff1dbcad2c1739ced40d993ca68bafb82f4c8860b9b158d42554eeb79c94972
9b6226f49d93b76e7c0a9f781bcc3eaf99a964c075342b4dca58d92b4041f815	ok	00d3beff99fc80ca6ef5678cd11cab117f5fbe6d8e9776e6533d82a44a6fd99f
9b8dbf89b3fec28685e8d93945ee0b39f29832a683eb3eb515dc9405c0127df7	ok	d7a0760ec4b68cad9a9d38f7564a38ddf4f0a40254bd050be9628b48208698d8
9b9ca8ac1b64a71a66f83204f73ce5ad0ccfa11520429d195787421c39fcae0c	parse_error	-
9bbe5ace1ad9e470195de9bbb9e46175330a842ab92bea56350b3725cd95cb2a	ok	1e6b0e28371b697dde26fd7ad12afb7ee4bd61e59faeaa3e61ed0348b4a8e769
9bc73244434902eeec6ccd1777580a927debffa6d962ecf9b43ad14d3ef26640	ok	ed1205a4387b71bb43ef776a72e92a45deb8f963f4137b57d4c732f26aba3814
9be71225106ae5f39be57c683746d1266a01c138a599498cd04007a16287be11	ok	28225839ae9533139190f081654dec2d0930dfef6acb1867fc2b881bb0dc3196
9bf20cd4fd1ebedc6001c63f07a89f1b531246b0c34f5728e9e6117af10fef2a	ok	a7badec99ba476d9491b85bf14e8184c6bf91d1939ff4baa28752fb35eeb0269
9c28b7709470d59dd7d125761bb6dcae3d057fa8c3b1e8d7e51501aef06be5ed	parse_error	-
9c30c4872a468d7467a23b37a8ef5852eba4a211ec5d402248473d8def1a107c	ok	173b5d2004a179432c057bcd6336ab99b65237a84803dfff56d86c2baf68aba0
9c323649e7651a86ca023f96e262f5abf3c6c16614199e891a743927484c0861	ok	e0a93fecf811023139f86ea5cb0595f440bba86f818b75882279fd56a05c1009
9c3303e2b6be701702d71133dc0430d896cad94ad0e30497c5fa86d3722dce72	ok	fc4df470b1b652ae985678e8b43767c8c07185c7fbfe8d720821af6c47acd138
9c430de216cd90c23d8cf7026c821b99aeab56d51cab35cd1f038f5fe13bf43a	ok	f1df4656c5e3a71be82d4fd9d694a5c6d40d20322675e6b40e411ec689e498f3
9c465cd1d587e53e1a32fac770fc169b051133fd6ef80b59001528f81162dff3	ok	4653d7f59917d7b2816c5730d1f13be31cd733143eaaa850c29d6bafad5d46f1
9c4b1db632821bf766061634ed03447a68638245492b8c01140af5cee891e2cf	ok	b5b85d3b1b3efd9a786e30d3245eaa3b0e374dce91175ec43602149a5784f836
9c4bf47418b38a42ca9a1b3deea9e976878529812243938a99de1284915a7bae	ok	ec25b30e006d186e11d6c7ad10581eb76687dc16e67324c0ad58ece9e4bf957e
9c56326a204a074f597dac1790b66dc0e135b9a780eb5232fe8e87cb55b6edf2	ok	57f9bdb3a0803f75cbeb5a468e7659ca31217b53fef984103503da711d69011e
9c6e9c395e0cef0efb5f0ec31f6c47977f4809a75f95a3b354ba13162cb7e54e	ok	04c5997d12bd1df50a9a97eda9463bee48e81e3389a84c2f9976873a1a94fc7c
9c737bce7ad538ca4e03af7eaf5b20955ae591be1e2e7718749550806b8fbab2	ok	1ad1498efb6b49710dd7fe76d31e7b73521284c880c4d9b9aa649c7e3c3da47e
9c7a5f87ba943187f20c57a7c52b89e76f199b9b8c21567cbe46d393b6cf99a3	ok	2362ff175bb95a643fa4649411002eccf84e91ebf2f942fc46624f9981e22062
9cb28f5d4d35a8637f92ea7b18101fb8ce0f07578744d41aa3b162ae4c7571c2	ok	138ade6a459c8a5e874e9fd21f3ff7d0c05f19362facc944048a6c397a0a3423
9cb48d2d42796ac7ccbe4e8bfe982815eafb275fe2bf90e46393893efcf06600	ok	e565dd5d8946573236f4852657ea99294c526890191c173dfe881999e3904d92
9cb71e7b7f54d7d8ad4e4d9fb75fda1b2d834161f0058202e4344dab28ac3983	ok	f43946d35e61637c7d0d7e1058f44dab743e38462c1c58a2dabe338feebe6df1
9cc608cf2a6b4a204d8252ae42ed8aa34c5f8755e25fc14f6f96c88aa4c973b8	ok	e759b90a21260dcf0c19526c70ebe16fe049de5f633878d870025d0710799920
9cd00fb5fcfda96f3a7be7691a244a3a0ad2ac7175ba87d7742452be318392b2	ok	a519464c2c0adabc03ca365a7ef824e075aa3309561df9e99551923937f318b7
9cdbbe4cd7eb78d0a6bbb7f12aec8e17eb8938b42dc9d75e64bf1bbd195e1950	ok	1c23f73369ac6f2a76579855e4e5ad4202b2a261d99e91f5c31277d5878d808c
9cdf2e82babe5ec5911341f13a1caec4cb6656c467311c976374c1defb78f73c	ok	d03ceb0c5a2d394fffb2a993ba451353430337bb77d78b1902281249868de5c0
9ce9257aa806fa173235d62d346afcb4e8b8b1304862b800ddfb3dd29a8f4684	parse_error	-
9d00b102a6f29cac889fcc9a05fd98f384170acb88f530b1843b6bd8930fa99a	ok	7f3429fca7108dabd7873ee5855f381b396fbb7ff835a5cf0d956b8a583d6404
9d143efaa8c97ad50811ab4cdd1b5a6592bd24fd529ac2ca5ff999f3ccb5d30f	ok	4c35f25d43fc9969378d812a58a8990404a63056d5cdc46a3455a75ea2336ac8
9d3619e70e1a011c6d72e1d4eae2bd1d426d115d6f5fced971d115ea1357c5c6	ok	d5298d32d704fc14eb85eb7c356c0d1a85880c471518e44150678f778f07d38b
9d367f007d59bc940e56b31dcee13d8b73bc03bb8aebdedb6811b07c9ee46d54	ok	a72a979a14fd9597d9c5b77979a9fbc07e813eba2a0ce3f46be6bba5b2a04d90
9d37a261fd3e8c4f2c70329b385a1001f5582c4f3b99fc1cc368276743b239f5	ok	7ce7c23485cfb505d177aba41754bc7dabb94b73f3e9e11d20010383be83dd68
9d42e2bc60b31e7128c213f08a6a51c30efd4173ba52b3296373b7701890ed49	ok	7b9fae2cf83ebb4d9860102bdb585424bd5838362976c3f3a7e40a34b0b970b5
9d4ebb7449b2abd14c9b5fda31cc70525c66211d80ad783ad0dcaecc13e61088	ok	c4a34be32daeadbc062683bcdc81988ad573a93575a2190b1473fd4352bb3377
9d505375a8446a8c81d01065874e5bef9812602370f3253ebd21a2d470b5458a	ok	67a5bdf28bf0a29bb36298c48b6da7168074bbbc933b37f31f688e4b0629fe60
9d6bf20ec5fe2cd895a06c4812d2bacdbf13fd0ed8ffc4e4d344f020705bdeb0	ok	420c7b5177fe3353fca013284f579115b3104156a7c9e75fcb1977a70af3f08d
9d6c3ec97a27bdc03344d9f45c746d4d94c86c9f2b53db7b9d908204e3451667	ok	c6087f2bf7591f04f49923738ff5cec9eae9faa40adcd55657c41766b297edde
9d6e263878d9c714cb86a383184c48d2c4b0da0ca194461c96295fec839a117d	ok	3137bcf0f82acc353f3da77b5162500f224a46f6b9577731fab4db1d1b72db20
9d73bcbb80e82a0d237e57b8c5a2083e3984b047d4636e081651d4350a2f4653	ok	b8639dd6ef2fbb36f1f3e7cbe97c87a028441d435a285728efb108d309f24eff
9d7841b6a5c9edbc6eea96132ca583cff6470227469c510ae2c94e36f92ca9c5	ok	4fa6293aa999d6a09f0d2dd4b752ccbdf1f57a4e870d20d794a629b83620c057
9dc2468e36b5c1cc7094680eae4bd33d6bf3493f931eabbf3c72afc5fc65d833	ok	8a767d72e472608055954f815b4b066c1c6f13d486e25683b80eb7197f79c007
9dc66c0c77bb5c0dfb8c0c1c11359f1d514eaaebb44dfa72d46d43bfc72ec275	ok	910301b575114699617db498685cb4d00f5e00205d56c8d94863e164246e287e
9dc6d55eac3c900fd734e1885463f9ead1caa9c46fd5d8f7518adafb0019f0de	ok	b0b644b7c9dabc74f4fd02224682510976d4452c61cb454420733cdfceb89157
9dc893ac3aba9fb9ce244d0d5cb95e3cd4ea6c769825bc8ffaa9d693109e0b92	ok	16b5476e9ff69646d92b5e40bd0788fb0970408a7573af3df325920d6919e76d
9dcc9a4c29d23025aff96a7fa64143e2ee1994a35db78cc629743e8b9203353b	ok	494f98f4d52814033a882aae046fd0d2b52937eec1c8ae5ff906003d2b698088
9dcd6e567e5a9474cbe27307de50206963b69f209e10f2ed8535e48c75a2525a	ok	20cf994efd7c8632e3544bc3caa58e1bdad77eb26c63c001fbb1a6763cd50a66
9dcd79bc0f465521737fe95eca834fe972192e37d19a0c5f785c6038b77e30f2	ok	f0939d6056e1a6f017ce22735465ddde8ca34abcd6d262a10f3bee57da261a1c
9dcf140dd57fce96fc57384c202ca9ed83782a02d917c046399382728b3ed6c1	ok	37640ea0b71f5f09a9e6b8ee424a883b3cf9cf7dacc242ea9af87f6890c29f4f
9dd7bc7ab110dd150bd73dedd9412026197dcc0c139289f2f7f112d218f59522	ok	9e4fbe1465733947ec2a821a7fb6fbd46430b33b4d2b2ca083b59275f57223e2
9df08092c603b744051bb1aa80073e8f1b5f392b66d99e7679a8633862221c6a	ok	ffbb73261c79ddbc0bb13a66326755e7634d344f33dfe0e65d7f858fb67dde40
9e07c709ca8c1759d3f117a1c8cfcd808294184a0f86773215b470283cf6dff5	ok	8ff91f4bd4f4c8fb8c212a9e05cff9e4b8c3f29cf33a57fa87b937bbb59f1e23
9e252811ead701483595b3c9127fa77d9cbb9ff9a29dd5f03e6bbabdbf333273	ok	fcd384dc718f3ba7d609d2620fce668e718e840f1331f89706995ed7e7ba0b41
9e5b546a5f0d2d917d8df1dfabc80eed41718c5743c03fbc36158e2a36924053	ok	186b904735cef3fde0865fea753e08f6b70eee01ec8487b07f817d11e7a597c4
9e688479532610f12f127543822f68415969741d0f9f85a4bc8948565d4ec2d1	ok	1a4a702dcd426e3820696b16f59ccff9e81f9dbc9826b87624bce76a6d7de605
9e88fcd07aeb0db0e6db452651916f0fc6566f8337b1daa782cfe712f9e52a08	ok	553f68a7908629938b2d9763a4f7f685afa0f1c2c240a67aea2b32394ed5381b
9e9811b8dba96d146db8759c64011ee29418e34f68baef16b2d84270c344f9a8	ok	4af400d5ed98402b5fb14f895401c0c828b967c22d048cd4b2a4cf687187b28b
9ed877d055018793f3131f31aaf823861f1af8a5ce7a97eedfde746c062f95bd	ok	735a915a2e4d451cd5882f6b5815e9555f6afbae6da343ac5d3a65a17c215596
9edc0652d52cb31fbcbbb4a1101ed3195a1355c29d3ffd1c74ae9be60e18287e	ok	92a77e0321ffbe7d175f34f3562a95db064b412002b1ef3a9095049153ef077d
9edfdea8c99d19ffb6855d67291cc23cd8614021cbc189e5e9ef86deb14652e2	parse_error	-
9ee033b5c2129558df4b98a87c902fb0bd433b3b6a233d7d2783e7b015ab088b	ok	356231eb6522302353365d72ce0f5b8bc2d55c1dbf2e9f9a14c2017260ba0427
9ee3d515a053290b7aed8931a97fd148ad5f0e1ffa39ff3ce8e427d94f4a52c9	ok	3dea88f587c6e8a0449e67f90b46aab163dcd89084b51e58e075b7659970e56b
9ef749966759f14467ed84b1fc6bf9c8b04bc17262226d417cb467099237a19b	ok	9dbd4496f63f59e04598ff1da917db76b46dfbe87f078dc65c92db40dc874b71
9ef95c8e6607763205678a06428fd110c95a4faba943f0bd01b8515c5c75b809	ok	9996989a5d81cf66e45c308de0ff7a2fb6c216b9cc7fbd4a58c4529c6027c1ef
9efbebdc9d6a27551dbc4918f9b9f4f914ba1ef4afe34619b190dc1fed729a10	ok	7f6153419c1f5e16cbabf68eeed9a2ea411707073defd3bd2a3869d78dda1012
9f30bfe3d88b8ade892202f4aeb9afe070562208cae37ed8eb5ac8d8e0c4a91f	ok	7ff5a14a030bd67e97fe7895d3748c8083076df0f0dc90a84c4fa2df4201063d
9f47b56ee873c429a1fedc097b4923fb2d6cc244a208e296541ef361915c0af0	ok	a683c7827bea8b3e04628ea37d0b3437c570fb32ab2dc4e27a46ed24ecd6ab2d
9f70601dc80055242f4d73d00c9073f5ba618cdd2cb51076a3c68f1ecb6754b7	ok	a5c2d60b7daa496f3c33a287ea3e09819e1e096345cb4ba8f186fcdd2ad9a80f
9f7a5ddd28b5f3c997f2b6998eed5220ac4dc698e1cdfb7fcdbe8283614727a0	ok	bbeab2735a7e3bc9d148b7eee00ac2863d88f06530916c569f66549ba6fed9ed
9f7c703869657b0c4beeb0dd12d9eea6947976e4429cc8a471c4b6f4e7ec1eb9	ok	4146d0634c57b12dd8173d45e07708cc1be1e0ff1db242ab62a70a4a83b4ada3
9f87e83371a08f7258bfbecfd83c0258418eeabf0ae8d0611ccc40606de04851	ok	bf892a5d66537ddae4185f093cb41cc35a07d2172c7fa032bdad9d32d4f25928
9fecdf55963e41536f0fef99c6cc07a7ac7e19f391a226e05eac4c42be917b79	ok	7b001a1bc2ec4f91cd646f4eb0ca194ed2e08de8eff81f56614cbccc370997d1
9ffc281da7675fbf22c09cd32023adb8932711a8885ebff454d6010619f249d2	ok	ee2d9199debbaa4d5b2257650514b8b13a54ea765d344f33283f8905c84ae268
9ffd42d2cf988c4aa53a6110a7f9c6325c603f48dadc1382f731c0a8af47c8c2	parse_error	-
a0158806b06460ad8f88ac96225abba571f2bac6a8b0c697462d8a521d244516	ok	944c2694da91921df259ef832f5b5d79c51cde9c4022ccaf82ea94dc3598d974
a0169a7a74343057fa8833a888ad4181e2e57668c286df6f3a2fe2e2a6c3e502	ok	e2ee6b3a5c74ccc76f6f62f86526a96dc6962f6c2911f61f38d9a9147d75702d
a034293eeb5bb812b37f7750cc7085f7de2c6741d0fd1bda5bd2499abe1c0734	ok	5368cf5065cae834a178dbc72ddc5cb646a041c5a9021b01c6ce83427d455acc
a03e462665ff19368d9e26095db1832a09083a50a2f214bf9fad47ad52f95a3a	ok	ecea0955dd48193dc8dca66ec01387222d4697ac51914d091d221d0acf2fbede
a055e0b5463029a44eb41efd32e170fbc5dbf9e9d9e7135a4e2abd349680a5a7	ok	aaacbaf7100b3f2e7d90e7e187c8f4bab64dd02df98fc1a66edf1603822d0985
a05ab5531daef3a8893316916e1a771428807291b0ee8d4e509768cfa15617b7	ok	326f270df98874ecf5bb5899f543eb8a25fd1d7c3a7c36ac32c1a5e33934fb0e
a05ef1540efe99ab14459a0af30d8c3bdc95dbbb2db8a842e85ff0e96ff87c27	ok	9afee336531304d6bd3e301712c82f0843f939d594370f103841c0fcd030988a
a0653f97d34b67322f065c7951b0e010fdaf976e135411cd5a55d89b237ac9af	ok	fb4591734dd0a82e87d7d3be057f1bf77397e9f05a689a1cc4796834d39c246a
a06890774d602f28c8bb60bcb2f49a8bcbbefe9e2d9408bd0011fe9b57e7b88a	ok	43e584345d63138e82869d5dbb647418f01796532ceefe99014d111fb55b18e0
a06930461f315ea3286f088fc057d7321158e4fcdaba604dde95de79d3fdb1f7	ok	7696cee8e0fabe643ca777826ac3417013a0a7d1434d493f8c8c948e0ed7ccb6
a06b6fe8c93e54404108d35d8d8c8d3228b784ee411b3f5f6ae85a5dd5e1cf92	parse_error	-
a072c0fd4845000e8a37189d5fbfb59135b2297cf01c29537bb3f332488a84ad	parse_error	-
a07ecbffad72c326b00ccf1033bb88be2a6f354a9fa32a0d6e8edbc3e46bb851	ok	7105f0981fcf624103d0ccbb9773b92106948588a106151c6171161b8810478d
a085e75745972d74ee51d2f3bc251e5de8ff183819aa04816242cbdc16aa1e79	ok	376c24d1326975b8f7c13df135ee34aea7a3b3d0e212cf120296dcd50afc0f0e
a08cf4ed1f71f0834d57abb3a80f3ed8a29792afb57e7a8f78953e582363ab66	ok	e4165648f05171dd995b9c655bf59d23eeea80f7476e7abb9d0c07814446c591
a092f59bb0e057845fbae24d0bdf47e9fdba79524f0a8a3c7906c6e42cfc5d06	ok	029aefd8b099a91c1f145a054a5d0637715646994fbdc666ced627d0fc177b5d
a094bf58be3bcda10b158446da7be7b9a83d314df3ed8984449fc6beefe4ea56	ok	754fd4cea6273860dc7bb7bc170d0548bd87ab238c418fcd0ff66c8edf0db7f0
a0ab4e3bf56b4ce5dc4542fbcb1b2f576c7bb18d43d3c962a7fb0ce3764c65ad	ok	0dde603341d30ab864e85a9a9451597a00732b895aafec76a84e5a44b5021ca2
a0e7d2d43a13b9a7f3d426135112a8da9844224995718582b8a515fcee6ff17f	parse_error	-
a0f4dd203a2cd8f6697f59d853efb6479dfdff139b42224451e3415528e7d0da	ok	80ee5b11a2e46d1f937e47e7a995e60de13ab44f6313927aa3255cd5e6def6d2
a109bbb19579e22bec18af23c3ed37164d3a4686fed828afe291dc1eefda52f4	ok	18601c53b50af6d0ae5feff440af18d258b211fc801edae8d285e94d17f9c1f1
a143c84717fc460b50711a394f122aa29d1e752f4b77f8c34b882d0829a74d1b	ok	d530f071ab86dc341374af0d9322ce190f3f97605b1ffc61ea54172665d750d8
a143d1545c61622f220a2bdc393f646fd3c368f87c9e146c0a5d21a7468afefd	ok	8cbe01ad7c9ab0dc5f0b13d1c41cbe0defcb72face3291e3a095fa58b1101389
a159def30c2fa4c49b69a19c92f9a50363ebc4d03302fa68b323496e490b20fa	ok	c901e120a33ddd616011fa2a8be43c6a8d974b71f11e30a9d785fbc7f38ea523
a15e542bff5bb3308c10740edbc58adbb7a4f254b897480fc1e243e64267c9f3	ok	9be9b40e39371eefccdeeab85836ee1968511894c738d42d4d96789af7e83618
a1878ae761c9cd02d2d0b6b84c9d958e866fa6f708e28468ccb6418a71b5c6f6	ok	885bd3392481f84360c02a23dd149b19c08de510b6d7f56b3a8adbb9372b0050
a1abb61df4b4b9b4431eded1c0bc7eac9207a5e9c0c409a1d2172c502c33807e	ok	d641e3c07e334a3f26b38ce6aa148c76c984496aed2e83745d2e2911bab83c92
a1c6d5a97b07a72f5f08f188ecce7f9ea2152ca0a35ec4086ab645138a876050	parse_error	-
a20668897c5ec6c7a721d2b05a0c4391bf3b899c4e04101884d4114275adb53f	ok	eba7244c4e50326d2b29d28f170facf7aeacb54407021653173efe13a309f3bc
a217822d65e8954673f9116f673101f0b5b596c1f16411344a56e5e9e2351142	parse_error	-
a23cb63660f875f3b12301636c264d56235d95cb6e8f33d34c0fb0f46901c8c6	ok	3a1fbe88fc7ea81e194999a18fcba46e201ce0e7fb29d0951d94310344d5bc79
a260bb5e61704a385d7f4ad4ca0881a3b542bb7555603bbd5499a0d84a744380	ok	3b404b6d5e1035d55ba39f2458c8e7dbf031e50031139c03527d6619aec6cc70
a26103088de8d86dd45b6f81d1201da381eef5a26faca53755b8d44b70fe2bd8	ok	95fb0341134fbb2ea3ceb66516cd235062507da5d6df6a75f309a7cffc586df6
a26c093297e7ef6a39bb97c2a358139e25ba87a3c9fb90b3589b0fe81979bdd1	ok	4edda0c9bd91925bfee17003b8487838290c99b92b88bbe413f7140cb25586da
a274a7627b597256eaf42027cfb090dacc23aa4f3f705a70607ea90b889e184f	ok	22639dd356974c1d79569a6e2339de87f8d0fa4761eb3b8ab3248d91baea108e
a2796bd4204d11e584350335df937ee0046098e360075ad875afc1c0da33c1db	ok	4a896eeb170c93775f9f3ea50d6bdb56b643ded33c21950898ff1916d14fb543
a29a9cc4f204c0c7c9c59c79e4a2f023a689b17667a4081535b9173480d6f949	ok	00d27150f8ebd17e0a4c3091bd5a99c07a42a8e3d1f21ffa71555e560d622b7f
a2c2e143be12a093b37f592c0ae254fea1df6b898d102532e462330d9ba969a3	ok	f2280fbb74eec17b007b9606d5118e91ed44a952c2eb59983c73a0a765ea7eaa
a2edd40722aa558f0a5d5a98dc92d50be1cda1139976e828efbae9ab54dd3efe	ok	8a49a590cf5cd837ac520e625d208168755b30d9183c3bee78cfbee9d710ddc0
a3165824923037f78aa8f8070df142d4070338d1674d7a0f8e5b63b1a5f0dd77	ok	a6a156d49926552cd67d1515e430a06166b0c5121fbf3568896b6564c07eae15
a31a8dfd8b3281b4ce8ce39510f2219e595a1c5bc23e40e687123f7bb9a7aa2f	parse_error	-
a3343e0215d2f7f59b76018e1cc6bb5ea563a94b045d37220ed6481cbe38189b	ok	7e3673645d29c3e8a1e675d71fbf941512997aa6e208e513a1c33d6df4e7606e
a34bae304b06b18353c7cb143402138581f91cbae3d553f11868e4978fa6c188	ok	300cd48311bb2369fc024a786aa475c0e034bd291a8840dbfdb9c9b0ad19b180
a34bfc9136b8421c765bcd0f4467eed2e315506f95e1a1801310fc63c74d3ce1	ok	9bfa4df446987f5b01497960749e4206528ff02fc6ba67b40281b3ee6fd5855b
a35eda844da2ece21ed6c00dbd8aa1ef09c791179034a538c90e2f3376cf70ae	ok	206504d447ac55a778dec701dd950d00efd6471ca970237ebe8ddfbff0b03f5a
a35f219481fa938ae2e42ec1ed17f8622e1bd95a7fb581055b977fa98ab5d9ec	ok	202a6859b08460ea9f9b235c29282e9e95140b340f8583cc0b8bed5c133e1d5c
a35fe7897b8fae76eb1457d2c86b00ee89abb66e0fca98718421bd697a5824db	ok	e30e54d09036a6998af5611e2cb899b9dc81dc06aa525c8d28b7ed8c21b0df5a
a366f5de2be1bd3ad9222184bfc4dfc9a5bb307961442cfcda702b65789bd6da	ok	c0aec5c452d23e7fc54127cca446e51411bf3234222bdac07741759addc73c8b
a368e867fedb3d0147a732ed48a0a70954535a21f5ed66e2fb49dbf3ba34ba32	ok	c4c21a098c66d4f6d4870d579167b49d690559208cd3a30f6cc1512504d57e0d
a387bceb1854ad79852c5dc18ad211d80c6f9717ef26c0f0b502559912d2479b	ok	b701b071cf352b5aced9c830c2bf9850d1cf2a66e4b416620ae5ff668e8e8800
a38dda6c6471111322e19b67b1151ae2d6953e76360835becc0d4afea60009af	ok	71db9a61b6206a68624b3bdb5504d4706f462ab25049cddfa152ce8edca9a8af
a3ac07b2ea1087323a699625f412806d116c9eb5cf418a7542d6aad43b67d611	ok	b98c8d68a16ff80940df690f8ea6f3159fb48e56199f94805914e4e1953fce75
a3b45c734aec61a9779426decd925e1f873ced3e70047a2fdcfa00a98c1c7256	ok	a1e1a3789e55a0c4e2e4f2f43ec4e9c4464441f9f69e5740970fb2ac105f1b6b
a3ebdc5dc672c1cd3dab4059076d2456d8c1aad745825675c291d46b9364f023	ok	ebe801ca5d7f0be7ed16eae378bbb850a11602c7fb0bfffd3c3205e82c58c148
a405c8e5b25794d0f81a3b803bff560adba43fc1c02ff3c1890c26dc436f3f89	ok	9be877c36b360fa5b6decae9d2f0aa56c10868728d6b1cd050145175ebdc0c25
a409dd3911275ac388f3b5b81adc967436ffe172f610cfea2e619d9b92c565b8	ok	49d742d020c860c4f195e071707692158003e2354ca20ac93e817cedbfa214f7
a41709f9c6f515080f444c4c0c3c319504d6a19ac58f3d8f4b003ef803324023	ok	af92825f0a3cfe4b64b555c28f4c3dfe2170c98267939d1ee6ba25c5bf314b95
a43b88d1a7f6c4982540978ec5e0e71f109209d9cb37a7f2868b85f97cc48dd9	ok	0d527d87f519a1eeaf09639109e4ba2c49b8f91e4dda803aaf58b445e9ac428f
a45e4d87c58b6eadeb16f934b76ddbe7d2ceda8a7d19f4c1c9465fab0f885b17	ok	8ea89c238d577df913c39ef221a3d6133711fc51b0b6bb52a7b80c8f7985fbe8
a483e8b157ac662e7551c7c36fda709d8ae607cb7abf1c73155ee82ecb8c215b	ok	4c98fe31263917efd0d6ca98893fd802c6336b1c509816cbdc951d5575d2f526
a4998a9365e58dd72f988f475833499a31ac4bb80637663877a697626dea10ee	ok	eb02f8ab743d84be53a34c747d4186f3fb10eed92aa4679064441dc24f8efad1
a4abeae2bcd0095d886f4cf9b132a86828e860e4f12b2cdb733c0fbdd5bf4147	ok	332f96c3c9677c78f81e8d950aeae13546cd5c936a8d3ef658b1f494f839e7e0
a4b047563bac3d83338a1bfed53e556ea6c50e3bd2f7dfa14c98d320682fdabd	ok	64875f327a2ebba4ea492ebe9a40f6abc9b06ff9543b9ec4e852e1546db7fd11
a4dd9c4d2d8d9f67dec654c243a6c0dec5905282a8564126589e06c507f2bd97	ok	df93db545e1ed0bacd5d6b42c7921c0e0607d6005926e03dad41e54ea5313f2f
a4e20c7d74dcf1549da9b6dc9db16b9afe19f4640f64cf243ec2ec6642568eef	ok	80b3ee1f08ff5a386ad1320188aa4142305ce598506cdbb438dffa8e475b57cc
a4e474019935523ce464837914624126f92eabf32b29fc854f114a0352a7ca07	ok	1693a4b82920c52d4ae3519debfb6ffcbcd6d01a457270dcfdb8acd88eaa9682
a4ea715e4634b5e46393dc5c426d32596ecce113804ea82a586a924115425380	parse_error	-
a50322ac43e43fa05fb160fd63cdbac8ab87b9f1c6851d6719c61fa29bd5f96c	ok	8a767d72e472608055954f815b4b066c1c6f13d486e25683b80eb7197f79c007
a50c633d7b1898ac19589008d07a016bb9cd51710f314b5e8c74be07e6f4818c	ok	3347293909790d707536c85e1bfe5860e64718fe26e513f868aae93999a14832
a53430f55a7d5d692ed1a16a941e8993ee9e601f25528e3fd83f287d304dde35	ok	5f021dda27946c0b2841d7811576cd3a5ef68b7a24438026ad492f427f36157c
a53aec8c08e51769c2d0225f35322dd7a9955cefe16bccba8538c785671b0cf9	ok	2ab303489b8eaed4b1d3d6d5e3f2b29752b926ab03733ad9e89eb83c57cac5e7
a55ed9135e0a5809daecd9934768c154ae611138628122d21158edb0f2695e9a	ok	6c5b0b30cb809e6c148f3c5a1274ddc50bac7bea9dd2e7d3e1af3f54e4d2dc4e
a57b9cbface8fa69c99fbba9a9a907671190d71c096977c39079b2eb5752b4f9	ok	e749fa0bbc306837802f3f320a4b5b578e70d0dd77e3b4f7c376db46c154a747
a583393ce5f5696d41ce770056a521edfe0c83333d95780046c8bf2f89674004	ok	c500c0acc94d4c7b917f475a588c141e07316b60d8f4fd63ac7a4a2a60cc9185
a5d661739c6d7762634fb21f986264157a2acc7fa96f394da13ae0107a309fdf	ok	f6afcace2f3ab3fe2563780c21903250d458cd420d584f925e21a71fb6d921bf
a5eb275877132db2697a6e4e80229aa461acd80dfdaa2520f23825abcc04e3b1	ok	69f2cc1b4ef74df03670c3726fa5732ace36a6dbd955f10c40eb0569c8ab0b2f
a5ee04f7311cbeec5dbc3fd52d5ea083650c17c28daf8b134591a28fed033d0d	ok	51ace68398ba7a26672000412cbd97b6ceb5ec85360a34cba78743d511ff0e82
a60203fbbcf732d4d5600ef52949e4e4d3f166112356c002dcdce176b76ba39e	ok	f02a80c1d186244f873863453cce7869092f3cf1879f85d64d9123b19b659c7a
a62d195c605351e8199812a510f8fa7916e8bbdf0da24bf3f3344e6765ac66d8	ok	020b87675f304c9d714fc899353b9b5e4a6aff292f1b329c928b21fd1ee87432
a62f97e3cd3731303da46a1b483680370ebef8ae75ad185b916feb2cbf730f36	ok	e1df1187143d63a09f8b0d1b08c8e4f2a19725d5a322dc20ded21aca0f961c11
a639e4bbe76280a0625653850f4acb2b3ba8bc400be20e9cc7f71e2861e3504c	ok	45c8855afe20d90d27e3681bbf44b9c932c3716dde3d12d4cab3028d8367cdd3
a64e2e17efc687f08054e9ea602919511a69f03a530eba4c349bbfd24768ce5f	ok	b7cd2ffdaa27f3d37bf57fe3500fbdb2a58c6155427b9960e274f6b90738d947
a666813621ff120a6192b7137d9140a5a6f371cdff898e6679d764a4722ffcfd	ok	ccdc6c737291b0e8ec20cb69a858ba96f7bee33fb4aac24afc29b80f794b3581
a66c81de6ad4824ec695e7ca49f467c58234575ddcf2865cab84abb2e6565a26	ok	6a2dfeb88fd40443387fe36588eda3b07cfafc62677d37b3064ffda8a6d9841c
a69256f0ee177a548dde6e7bd155f5f6270a0ebb9d1550b9469a70a329f7d0b7	ok	fde4dab23e9595275661460e4d82d8a4cb4f4f91315275b2f6683f32c599d210
a6ab7f0a5ec2d90af561fd4b7141394d6c157eb603dd5fa5e160c3c038a78b2a	ok	bb95b36d86c6407f350bcedb2360d9fdba5042399e1b4785bb4cdaedd9026782
a6ad312d4e7be0b51d9294a7ba231a4dc6be1cac5c8a290cc9bb4524f5642939	ok	2f35c8af47a87fdb187df4b2ac66bb4fdffa59f7b390f3ddd583130c71ba5b51
a6b5212638bb7f32b75223263f9ba05cf88375a80c661aee55df941b095ddeb3	ok	ff2be5d678b9226d556e9204ad71cc5944524b2eff08e224b4f225c7e167a677
a6be203e20bd5f22d9cfc0c77fab3b799413a366ebb5951f1cacde00729a27a3	ok	a63fac63328f2c5817c6b1ff5de4e7799bde2da78c395b6e635f056569c5cbf1
a6cef013c49b86a680f292419db57584466f5f89219bf465c72a111bd67ad164	ok	279eddf7b4fd495ff9dde1607527d138761527325143a5d3963434fabc66500c
a6f68305552dd0e061de171fca1666200257a01ffddd47f7e9e77ae1aa84cdc5	ok	2510e778262ed01573aa79221c525eafdf578273159de3d23e55d3577e018671
a6fb9e449a189dc48ce7eea7d38fcd481e13633e6db8336168357396a1da145a	ok	7d0d460d15856a02ddf277b0cf52bbec13d7e0fd4466a1fa9922443b6ba79e8a
a7094836ec20ba427ebe1db1d8893765fb4a41ccfe0c019da45b7b9e6ea743a9	ok	4c7d37118f92fad902fbb76214fa128ccbc8d0a8eae9407343290b26d588f1f6
a7145f7c386b97a15ea113c932428b7334ea36ae289d0f0bccd7493f3f7f066c	ok	cc07e633ca060dcb8c0f30c94ddb2c034d98b050c98b77f311083d43a6645fef
a71b9ef16aac0e63d97ea6cd3724a0cc06d2713f127ed97c8bbeb00919ddc048	parse_error	-
a72542d3b0ef3b5d70dc71dfa5f2b0a09fe6f4e715a72f0ee59b90f7013475bd	ok	36089e2bda7fe936460d8f645d237ab09c836e86865de3078663a7c9562f1d33
a73384234abb41fffdf98b96430b86b1c93148bd5d0ee17424889edd6eb190a4	ok	364f431862b51d2eb3f76c0073ed3c5f0784f58dc84364ce19353bd7ddb82c7b
a751165aab7e7f529986c7f347564ed19e1f294a960db978e93d1f93ca1f23e5	ok	676504aa195ca15fff1f9acb8b49d4cc436579ba604af4f9561de904ac844d20
a75155491ba09a4aaa611778dcaba1b799ceb3c0a0a91fae8a898b7c738049ff	parse_error	-
a77f4ba9180fd43d85d0aaf7f6e9c5f79f87269e36f7f4496ef5d6458bcc560f	ok	ebe801ca5d7f0be7ed16eae378bbb850a11602c7fb0bfffd3c3205e82c58c148
a79537bea6d30e2439161d184d323aba4b5c2d9cfb3416bcf2af9011b98f7a45	ok	1f2d08460b1d68af6184f1e362e17e6766d94ea5e0071dedb2be3e628852cf88
a79a2e19519362c8f5408677ba787d4ecdc3e4fabd76d8a3780a1fd69e76aae5	ok	ea7254afd7f01c727ed69c56f5c34d5253b74a613274b01805b254a4bf28411d
a7aa686d9d04201869e22189781ba137814e934e042278e670b5a8d2485e6bea	ok	a6ecea65299f8734874e490124054c00822a89963c2013be052bfea6e7a4f0f8
a7b5476f5a7c35456950c74ad4212797f36f20dcce825431d5d7a79ed118965a	ok	bea9ada2ab5a3f769cd38742419066151f23ce39ae0d34f38ae8f73961ef2b71
a7b6d7e240506a8a7c48f3048084af3f0ccd1b5aac0062c530a785f6d616e1e3	ok	1ce728c20062986ad3024f722c87471378a29c8a905eb6e72c95d331f18f4bc4
a7e0e2ccb8fb9ec209c00bbd50c043a44afb9facf401ca838a76f07433318260	ok	b24f39cc1092c8f5de3c3a382ddf6b0fb34a8a87b83e1c5a240a999b5bbce2c4
a7e6e0d519423a7addce2504b4c35ba891fb25a74668822bdee9c48a266e0812	ok	3269a971897b8a6abc8276f51982c54151324aed2558ca71c6e375cc9a2ac77b
a7eae8ec42470b7f2650c29ecf7e01a48409fb55ccf75a5c4de801fc277aab42	ok	0a31768f5d3bd448cb28c762a6dd74cb36e5f86fabf08eeb8bda08faeba604cd
a7fa7804540d39eace9caca2f3193b5d546735d27d3a7f70233f69b9912b090e	ok	49d742d020c860c4f195e071707692158003e2354ca20ac93e817cedbfa214f7
a7fe704b13c6cbb5e6d6eca07cece97848a1142d77ed7b43a2e512f95d53e7cf	ok	a7d1b9aeb90d51b32c7883e342e59034ff402b9284e8e959a9d8b0c0c8cabc39
a803d6139a815cc6c5b3abadbaf42f361d138331da769850dee112a61cbdb097	ok	805526b2512966784bdc701442ea3966c9ab38e12d87b7d68220db85dd1810c6
a81a3d09ac198fd94dd94a74f6e2a9145b9387163af9c88585aa4f30c1cc53ab	ok	0e995d328c3e55e0089c78883a7eee9c0d6044abd026fefcb6a20315292a4195
a831304aeaa2e56c659702c10a7304053db98bba91c4574995587e4dc349c779	ok	170683a4d19d1cabe4aa10e727a05aa62e15080c4c0aaa019e25ffce73f15650
a835358eed24795638847902a4a475fce81f4f58100e23ebdde2fb48b85f90b5	ok	4917abd6f9eb409b46d72b27adb50ed983a346ba4a2a661f28ff8210604c3d03
a8373b748bf8ece1a4621fa657130a4bf57df1bbc61cb1f42367760888a62503	ok	9dd737043428049db244a4bf96c84b4de63384428349cc2272466efa60314dc3
a84856330389162221cfbaf9bfb206911030fd572827192c7e6045ed36294bd6	ok	4575bc223e74ab29e710ce66c8a599d7eb957b2ce0ee3e767b919f2b8cc0dae9
a896a6318e67fc4cc0a6bd454b79502ec4f25d5091a25c0f186422752d712498	ok	bcc6f242313316f75896f6cef74ae96ff5afd44e4b83db0cccb0b61de53f6380
a8aec2f915ed597d15d3a96e7819179ce159758a2a32df8b05f50ca6a9007325	ok	c4ccefc64865922b4cea8f1d71776512075b6c659a023bf5fd6b8ffc81404567
a8be698cab5c36922f95e6689fc3ea26aa210bb519945e30feb3439a6362bb07	ok	03e83f2c61aced4650233f037071806287c2267310b33a948277304b09762e84
a8d2260883cf834cdd4ec98a2b3235a15e6d16d1e65826ea454817e156626ff8	parse_error	-
a8e0483280baa7d7497993320ea437033369fa464ad27bcaead0e1bee0b5d1cb	ok	da845547d3aefb5a7b5d51e3938e04075327b622d111105b99b18242382c55d1
a8ef0051232f70e07d14a2d8b71d1592b2a4db69908e25891f7fd04f313b1d01	ok	661f5dfacdf1016c155596690cbda81998e0cdc9058f923286bbd986b85d5dfa
a90d1b51657cf6b52094fc4c515c75dd388f634a39773f779f32bd0ac0b07d64	ok	0fee0db8b203d6ffeebc317cd57a7173a324a61b9afd9041ad31de02f61ff1cb
a92e44b68f372b03084b405923ec0f81b0bca18acd85289a6ae1959ea4c78f5c	ok	96d850d9e09fdbf1388098c6d1d92e03d83e609a0b538eef6836b2970147a6d3
a933a93787c90ff1a3458424558bd1cc25931fb32d667531776c79ed9b9f8414	ok	63aae1c15a07a6dce360f8a050d68b91846d7110d6f82bd1bf1f98e173f4d3d3
a94cec8f15dc93fc80efcb54acb343ff55dc3c9469f68e31b2eab9567e9fe242	ok	cd6b2e4b6e3d37d881fc9f34d7bd3185a04816c80b796c72cec5691f39e2c33d
a959aa3f61068bed6611eadafb434f4ca3c5ae18eda1b8f78ea7ecea8fb55c09	parse_error	-
a9b31a27a1d1d554c2fc854e4c196a97d4e6a54b718104c81284c086a09c7309	parse_error	-
a9ed57d60336dbf46c4afe718ba2d4e2ac835d95c424cdd862f8887f0a1e78ee	ok	9be62a998ca9d7ab32b44d46f78431d39c9e41b3d536c5ab53e54694222e41a5
a9f34b367fdd20ab0f33522cc9416fc32f40cff52138297e1a610387d5a67e9d	ok	b02840a8daf42975abf7ca8bfd66b693c610317fcce33d3927991b2f71248dad
a9fcd8a507459f5df4b153229c417105ca243727fd1bc04e38d657d0bdce2a53	ok	3be0f0c8bd6aa4739432a6de133c0724fbf6de969ba14f620ca5b21cf85ed9a7
aa1c73e817945cb9d833f6b035323c16d0d4f28895d3b2343f6f811be8d20385	ok	5689f99c9a71c994fd754c6e0147bbedebea8ca404650d1daebf2d32ce12a65f
aa1ebc3d202bdd3a0ce283a6d6eacf7e791810ed07bf135c3d27c78831f17163	ok	0afa34da76a305ab12d7c05d80cb492a52fa682c6bcb3e5e4562417081aa60ee
aa28054aef5b38b8cbebf775804bc81884df94bed4fd3e87bd8dc5978c08d85e	parse_error	-
aa3881aded44dd4db56ba5fc33f2b078b0a3e8039c5c4b1040c2218b35bec7de	ok	a6a156d49926552cd67d1515e430a06166b0c5121fbf3568896b6564c07eae15
aa4fc5e67a9d8dd2e633058e1d622f5cd113b0f73d5ecbfae69c02e70e82991e	ok	71db5961adbbf1f242a95b7064d0867981be8a93d0ad47ab44222d48f9420c28
aa53e20f97524e3d71a64f1994f64c9043e227d5ee2d9e9ec5ba3b7f86bd4c53	parse_error	-
aa6de77db45df529717ca2fbe1bada3276bdea5a1f782c75a8d3e0fcf0f7f9a3	ok	029aefd8b099a91c1f145a054a5d0637715646994fbdc666ced627d0fc177b5d
aab1e98328158efe164d1943d72f3d13f2db5d3f61ddddcf04268a6a1f89049b	ok	52c589325e6e5f1127668ab82bb9e1dbc49f89291dfb50439c2aa783f2f79016
aab45660c6ef33e953249a79c7ec7bdcc994219d06a6304174db8ed275821ad8	ok	675ee0ff9b91197f24fd3b8821dea6f3573e06e4063f6d0a40df71e5904e4aa9
aadbb4f18b980dccb6ca62a9379d112179174f8524b6139d27db77d2956211b0	ok	f6cf5144229641d383062aa65850c9def3ff711708a9440c363a8860ab41fb97
aaed2f868c5880dd44662008df40c7685b70531facd62307061ec25f7cca87b4	ok	09f44a9bd37922a6b849c09fb7fc011992f7f415247265271e5d5967b665d7b9
aaf23f6c91521474fc4ae2418baa55860b0879798da2a5a320583b52ca47aa01	ok	1ae5790cb96f10ac954e9dc305e7bd8d886e2533ca1184809b181d73f3356133
aafc060c21bad36cdb0528255ef74d33bf7f0dcd11b36bd6c645a5e4520684f5	ok	e4c0e6408875b7f57ce6802c4cbbe51f5ddf73625a8195767296584f640df6ac
aafd26da252a67290fcb18af0290aa371695777a79ec6c88824f5d1f4e2af280	ok	ee8f8f78988c352a396508f61ca8d9a054f4bd66397c5b57b16c82ab8d856279
ab196c7a49df79ce961508120ee8c22ab935fc4c124ba04c47b19d63fc417bdc	ok	4575bc223e74ab29e710ce66c8a599d7eb957b2ce0ee3e767b919f2b8cc0dae9
ab204e0f1b4d6b8a46ff419b95597bf78d2f183ccbe96c66bb8a80cf7cffb1b1	ok	eb4fa51fa2a149cef8dec29cee64ae3ea0450ba8c63ab1a9a87d42064bbcdec1
ab23f9c695aef2d9ac89233dd6f6a681ed8045bc7e0ac80f9fddc5f25cb7f4ad	ok	d58e602ce6371048362bd0769de797e37c8692f1456f0ab84275b32c9743a5d1
ab29550ac67664fe4c73538b6c13d3d02e864a9b4a40e8d24469df96433d4b96	ok	277884d4b785fa6b2795df863e82d20d4349df14cf59223a6b1d2c6f39325ec1
ab45966848c2940c6f2d16a1cd55cb9ecb9523c003e64432bacfad84be0a2242	ok	9f50940a7653c290d582b034b7fa880cc05c5aac3b3e6675b7c1feac658ae7b9
ab85ba3c2c52bdfad56a17ea6ab31e64f03a7a0f33627f1b01b5f5e0263be935	ok	95f811eace4bcbb36420cb8c2abfa288a68bfb97fdb1b0ab22c6827ca30dfa8d
ab88b41ff93a4bd20f5c52a2ee8b80e9dcb3f4da8719034574c4081d50a3b6db	ok	43cbf1f202f9c3160a888e920c50c2a972a26b32b4182c9b2f2a72dc897dade7
ab88c62fb27bc241fc47772081e3ae211983f8561c1f14e46e328f847d10617a	ok	afa867c2173a411e6aec649967bee91a6da751c761f46d04d59bb2f1a7a1ebed
ac0a7c09b27a08e3730ce42684de91d231365b7a2f050e958dae47ec68f1c8f5	ok	3801ace4afb824de9892344e79df4d82e1b05c6ffae855ec4a616bcdce9e3ecd
ac0a96f2c0f0d74e82129f3bd563f17c733a51db125851734fc80d9a6803db3f	parse_error	-
ac0ea983eac44d8770bcb3bcd58da4c10133512ed58a2f451338bed368746ab0	ok	2e04f7446ea62cb5563a89896833d76c5f63b38e879ab59a33609ae4e4408914
ac2594746659634752cdddc6b3f764542a53f8e0674cdf75ab413253192608ac	ok	86e8a2b016b44b820cec6379d05f2c877958e6d289f93343cd36bea8666ad060
ac31064a3424863dd6fe7153267dfd93cb550ec612b0f019674c41945bcade77	ok	b7d35e34e003a0fa7def3ab61879f36f1aa0af002a889de26d68d8e984ca33ef
ac32f9c47388d5869d69da285ef0b028a40506e7aaa8132f3c5b67052de81eb3	ok	4268b5025adf125513a91fd7c01c28795893875fcb4ada1d9b9a57e2c62465b5
ac358c495b80b626d3e8aa9bc5b3cd5bd8aaac8357f7a68af048b95b189148fc	ok	7a363a6c44fcc48c55ac278796efbf452ff460d61f874ce62eec18483ea57544
ac390e63767f8309a37297fd5f8cc678fdfe458f3b0a86b95a64583061f41b01	ok	795e09c10bb42be4b6b34ae4859a0e873a3367c8c5ca98cdfcfe7da9928ddeb4
ac4ca2746f5fd20a39c7d35aed26f004b8f2cc5e476dce98d928ec62639c5c5d	ok	ac44ab0c5b9fe82cdc9279f9b53fd0fae9880935c89f651b0fb2879d3137f370
ac535f6bc1bfd9d2b4bf2cd246e00fae05dfb6eb71f1c4ae1a5946c8cd42ea7f	ok	4e4a2f673eb6a9155806eaf737573fc36cb46c4fda4fd69b96267f909de2d6c5
ac5f47501e369d2786f35b07838cd05776ab06fe1359b6f1b9a0ba84621dfe30	ok	2207546cd474b193634a0e08ed170f6bbb052b8158bc5064131316a94047eedc
ac76220f1780c8eabb7e2b7f404f16c5ec6aa9c224e9e70f6395bc441ec72d16	ok	5ddeffd364ba05a858187fab4998149546527aa7c3b8bf6697db6afa7a0b0d6e
ac8887d82599a8fac660ad5d97cd32667ed45fa31b91d1b904a3a9562ab28fbb	ok	2e267b9f6b919c5de9680bce33a02740f4cdb7c4c32f3c108f07251a6a828c5a
ac8c5cc1877766b03b96e9e6a88dedc168573e4e684caab57125f538199933eb	ok	6d3201dad7af6cb0ad40f1505eb9ceb441e00931e8e96a4087610af995a9f4ae
acaaf63032275fef8af75e1a147ec32904f9b3b7ae5c16d14298b79eefd85fa9	parse_error	-
acb1b04300dee15d79eee38131ffe0f7a4259b51a592a19f18c354204689199a	parse_error	-
acc1b0bf1a22f1d7108ecb4f3c227e7e15962d46b2f2713c0cbff6e5cc65268d	ok	8d7c3f71c9618cf48f298f1f84daa02dd5f96a297bc816983a096db9363db9c7
accad5831c5d479d229a599e2f043c88ff4350865c53470cb6f50a4f9f8189aa	ok	0c14a5c37697ff5c3b76c4f7242eb3d63bb59ab012a3bcf05045a352e2823853
ace1af5bb2d1ac2fd4db7a03e5ae52c972ad0a051881ea6a7a16695986245caf	ok	fe75a441395017b47178502a367b5f23dbea0e813231062f91f69e41735fd489
ace1ebdb986b20457c74058828f790fbfb5ecc905f8518b553300999c6937e46	ok	04ef56ea87715c28ba6effc6be55c30ff2774d1bd5e5ff1c77823148f3d5ee10
acf0e7ef80fe07c60dc59fe6ca792c6ba6837a4b860b4657270f35ed5ef71378	ok	5b934ce57adec9ae85f2b772d3db100f7baf5a5990d65b3254447503dd7520b5
acfbd502639de46ecf3395939dea5251cda5e756be74c44f5d6ff0a9d14e6d00	ok	73311dbf2c4d0c03e70b826ef3b96fc071a26c2ec7d884eae23d12561b813529
ad05c40da29ffa11e20fae04317bbd59999e0ea1247345739251cb46a50b6abb	ok	6afcc0979c3c0b1a8fc055bc83d1b22166fe61e5ced7ef1f01365057d3583a50
ad1464826e1c00776f74c0e59488690ffa119c607d4fc09b6f360480ebfa3b7b	ok	05c57daa7c1fcfae735acd7918337ac3b64017722285aea9c7cb510e1d16c151
ad225b59edaf1dda15eb24632bd7370b72811069836d06f1abc1a8d7557c4888	ok	af92825f0a3cfe4b64b555c28f4c3dfe2170c98267939d1ee6ba25c5bf314b95
ad53cee19f8e539d23cc6ad47184969f683555a4bb091d115050109508ae4e3f	ok	3b6034b73aa1f5f144a5920c9b27c89222427eebd6171895a02b27bee9abe092
ad6615641a9dbf6d94931c1fa36687a6781cb8744cf1c9df4b2b5d33061339eb	ok	9c8d099320a24dad8577844fa97a62d0e22844f2e487fb46873ff450c2d1d4cf
ad665700f50dadb8302b77db19b800b7aac244d792587001bd43978c08199580	ok	157bf0c04742b98898669b34a6732d8eeed1037c8bd0c9e7acf714b7d3840aa6
ad803f93204f68ead49924edc33194584df3b537cef3e670f1a06073b34cf777	ok	097c5459602e9db22a9350430a849d8ad416efa442be0daa0161089db7fc5d8c
adb16ce44ec5ed904bc01eaa55cb13170d590ce8de28e84d57b306aff9acc728	ok	21d4b690d36f009deed5ace798f105b7fe6ca1ce339cc620d1cf797071fac787
adc73a6854f3c110ae4fe78b4eaa72ac0bbe0cc7891a0c55bae3826066987b7e	ok	4d44c2de7c9cb9dc8177e874e01a649b502f26d88721d0822023c6a22a23676d
add3e15688711f7962afb77224f6bfa819d1db78359e01b92549e0c973678dbf	ok	a3a2319e24d4c27b0fc08af999fc51859198dd7ddc22bb1974d9b197441885a1
ade29c58c53360986c5220b532d8c7f3540e0b7948c3cb32d1742a85aac7bcd0	ok	8aa90e3f7ffd469ce69e5b4ccd08709b7f1f4bbf13e49403daaf2409adb2357a
ae1130b0458daa18f5ca80ae69a8d4fcb8c9c4e25296d29307e264193c48c7f6	ok	126105ffc067fa9f43cd35ad76e19fb712f82fdcb7971efa6e9be96e979f3734
ae49d36306bab6b8701d9b6a32ae31278a9c1586ff2c05ae897e643719dd27a2	ok	683313ee62dfaa54c17507b4a9dde4e0821f970971c3051489b04ed403b04316
ae4a448ba7e32ee97e45365c86d147d47534d5dc039abb4a26de284c3c5f9850	ok	dbf35befc18003e07d6fb44ac9646ebe2bf59b6af67ee2b4c993809339cfe375
ae66e7fb19b019722190790bd1c6967b163566d7aa71349935110f9a86f8184a	ok	f6c2db3b8b5a6d485601fd29a93916981108cd913e9cb39f0dc3c34978dd90db
ae73a39743d0a1a84fc084838e44c1f2f780504f3930265f7e9614d4afc15f4e	ok	b23e006469f7f057639d57c7c377ad4cbe1365ef6c589bcd2abf4828a6f53c7f
ae888b3f407d2bf9b0cf418f7198b66048bf661a77eb4fe01a8e1ea3b6006629	ok	18ed46a42dee1570726f85a18af789fc3296f314dc6ee85267a8679016b8cbae
aea6066d856f4812f198e97ab300ddcdd672d987cf6ce4d054db8f59dec78451	parse_error	-
aea6fbe43bc5d62ff6c3aa5ff4c1204474750b78a5d60a660a1094799516a2d9	ok	734df82826ef87b2c6e5b7ee104341f4fba831aad86f030780e7c4c81dd877d9
aec029eff44abbb38916300728182139f5741976386c5748bbc1a4a2c2205e24	ok	60910a5a7801e8618cc69644862aeffb19dfe5e5f1d38322a6ccaf7cef8a7e85
aec78d942de9d74a17d7782c013efdb7a5e41e738b406ab4dd37a438ca50161c	ok	6e44756fbcf6c449a65b178c60dad3cedf849231ab7dd446a0e5b31fbc6a0323
aed19c6ab48225cd5a3943f5383719a751ef2cbeaac0c1e53a1aaa46734595fc	ok	de48c9b65a56dd87cfc95da62f73a5710f743052ab272a0305eb39daa5249d79
aede579f3b1ae508d1c5eaac4b8ae738bd0e74a431c823d67a6429d309d3ac6b	ok	8ef0b9989afaf707a04d40d4c09c0e561d7bd5d686d4badc1148f9b2037b39f2
aee58c16a76121f92d0b2100b3a2c996acec6b6d7140e1444bfde2bf19117538	ok	50f35586b1c1751e83b48e7e9a01ba1564351dc890737c6a69f6f80d9673e2f0
aef54eea76b8737693a775e977da59b88b121bffe62dedaf66db7d853a3e63a4	ok	1282b906edb2e0dd436b705628d6d3ce833b21e96e73f185da5e03b98a52264a
af2b86e218712379af79f797566122a91a292d5917e05978dedd239bd374b452	ok	cd34b2f77933e2ac1d68909fa79b0d240ae8500ccc930d5e6fc6c7cf91e02971
af81fc778d328fbda1b434dc3a6beb5d7c91a2adecd4efeaab31e2b578d87f3c	ok	e34e25409974b6270aa2bfb65a028c1108d403d9350ea868f2de722d55df9b5d
af9767693b5dbc2b108cedac9b69f67b3c7753a0a464dd80209c09adf8baa4b8	parse_error	-
afac254ca76bc591e7462fc56c50bcc206e2ec7b93305744da40330a9ecb0139	ok	c9d74d25a2067f9d2428be7ba0e200a9238a202632a86f3b74d40a9a628210d3
afac8cd83302da5dcd46982ee38705188cdea51d48f0f7e1c43243ba2e8f0bf0	ok	22639dd356974c1d79569a6e2339de87f8d0fa4761eb3b8ab3248d91baea108e
afade311593a8d94141c8f6d20366d58e74aae94b3f00c4968f617577f56b830	ok	778f175e5b0e9dfc5e7d55e1d3d438c054eaa0e09da1c1c598e54d1ecb2b2ff7
afdf7f75ad7bec3f6276291e4de9f90786fc399800a9c75a095ccb42a4ee4cc1	ok	4150aef9e99d762a8a6c08fcc917b19df83fae706ef07e06978087dae8e7e675
afe2de4e4a207920cdb7e367b7f83856e6ffda53de734afafeb02521b90eec14	ok	c41319ed355d431921322a58648919f53dee8160171f580118063eef6fc4ae09
afe483766042447df5c7d772a2e6a3de5aa173b2a32503cbb89ab9c3988e26cc	ok	9227de466e4385e3a761ccdf150b0472487a65c52433684ec9fc109b48ae1704
aff994ab406f6b9a711fd17c695cee69bf1707b17c92d22edfa0ede0abef2f65	ok	0f7d01d8d5093275f108c14fcd1ab21b1f8f09a05e31f06279c4d7e0958afd76
affd2f6d74d757f8369b7699e10f3aa5e89de7581204c98f342b81aaa175e96f	ok	99a860231a5bbfacf94a39ac7cb453cbbef867fb0134fc73c744224a8196b902
b01aedfd0580fe09b4467881c8557ab558eba6524519a7f2fcc2db44313287a8	ok	e93e3ed713f34ea9e208bf163cc2e57dc717e5b6740fa3828ea2a5798802e848
b036f82f78df9970a6358b45c35b4abe19b56dae932daf4b27585e9f00661012	ok	7ff021db6f9e9eb1e519b54a90ca0de9b9fa8cd30a60f260144b3a8597cab4e4
b03a17cf12911e17618f4fca904ea5dd5cc1e782d8ca691a837a87e21cad417e	ok	05028d52cdb4318c4433732723b43ea0a25fcc82babbb41fe14445e0f0d084ba
b08c18e6cdf59eb927350846199598b24a60ae924e6f4de11c90f7ce67ad90e2	ok	3a709b41a0730b070ca4101f102e8c77a37e10654111ef3aff4da77f3916276d
b0ba86e87db3dcc64434061016b98981b517d5f24cae0637463d268e15f9fe3f	ok	5a5cb7712b4f1fd07f993ff7da3ad0abe9de5c1b471d0bac4b268fed5731e83a
b0c71b9969095119efb6f8e8555c05c3ff8e99edbb6c8f8eeeb4c9c40e399dc0	ok	fe53ffe40abdc0ff1f69b6c881e1f37cda1654ce8251c672e1e74645debc4d8c
b0cb510c7105b9e0350a92d0a0ec62026da3ec4eb859b5609779fa55093e931f	ok	ea3f2d5805ece7d40290cbf0f814fc214b1062b6ab25c9619d266a8348b091fd
b0cd54ca0e1e35392f662c70651b0772565119c6321bbae16c038ab6a3e05136	ok	47568491626ef1a5c33c09b639449c6d4f78f421599b97435b70b1ab47c61110
b0e58dcfd4b4d16595a2f2239a67b460ffa7a37bdf14e1566b6dbe1f225caf3d	ok	f51b0d80ef0f7648330b8acb9bb03a6a8c41265ad3cf1d2ca2bc6ef8bc6f07a5
b0f58623c0b87b557e615147250ce3fd61952f0811059de9929ef4df8dd72a5d	ok	b2cbeaabf3c0f6c7d10cb08ddb09be96e851d2a541c5aa40944c50fb303cde07
b109ecc9a2caafe240a4be7c058bf4cdc1b93f0ff50e20a529a4ab59b033642c	ok	b0552cbdb2af5a8a333293b9fa99cadb756a99b2d250a4bc90841155088dd2bc
b1198238030535d344590b9e8768357afb602768c8873f1637792bfa454e97d4	ok	eafe39c030690a10ed596a9b4374808c9bb8f3fbf8960ebef81124c9916ddca8
b11fac377cefe34d27f07b99479bc44dbd97f5ae4dae223cff8720d40392f397	ok	3399c740b8776f62e8a7490629aec671f5c16b423c79fa0d59cc5492575bf810
b1237314944c6b5f339da9cfe76b3216991f9079adec4cd5445ff4af65ab6592	ok	d3e817c184d90b8ca2c5c8e2df2cd58ece0b75cd61b2cfc8f27e01f0687dc4bc
b128388900f02d28eb5789161e9110b99ac8cc458f42922f0c2113cf988a4222	ok	b60cbfdf782ef35236bb1f9a337ca884d5a0bd117e924f4fbf6c73ca1e17d471
b1315f3362fce7de3a19fb40247a7e233264beaf84eedf8f3dd3da09f6e48715	ok	2efe2f238d4a36d086a6c43478c92cfb08edc85f516eb3c2433e7967689cd4c7
b131c82342b2dbc6ea0fb6de4410d870dfafb694223b9fb19969b6106cbb76e6	parse_error	-
b1582068b5fb9280b0084aab57d6efaa119ee451c734ca48b0a812afd612e5fc	ok	6558588e7d13b517cb94a48a4780e09586ef1cd0852ef4c84492bbd629bb2923
b16758dbded83e7a27ad500383e369e2bbd1adeb648a730a0316213ca0820050	ok	eac8288e3fc987ad29b74a24b4dabd4cf680edeb1e0b2b861b3dc096db2da2b2
b167fd40e343da1d24bd4386c6e5995b6d5d9ed0e65c2e74e2657ff44151cd92	ok	f3bcd3e4ed4e4ff9cdc2361133e100ec187c9b29fddee66b62ce585705b33837
b17bd0a16214fdfae1075813cde9230bfa0a2234620c261c27579649578d246e	ok	bf35890ae3a0d72944d509a0eccc01908e626a0077c35f69d864127671ffbf75
b18d7134b90514820363b9218f8d5bc06c3284aa0496fd9ded312531401c71bf	ok	494f98f4d52814033a882aae046fd0d2b52937eec1c8ae5ff906003d2b698088
b1a2bef67a2cd03d10df89f4d12854c25095dab35e2bbbd334a0ab940f5794e2	ok	93c5bb2286d6d589aeb467ee55f08cc3a4bf40ba2ab88a24c9ec9faa24d70d9e
b1c117dc16e388e4848b107be70dd1b5d3673ace4bfe0654355bc3b270e28d68	ok	6610175b649b19727d07dee5f4fb17f1d549aadd2c5515fab0c6426443d72d38
b1c9a1ca19d5b8bdbf56916b0d3fdf06981f63db486a187e8938a65686e2daed	ok	0cc39a206551e8b9edec901c08362f5c72dad994137bbc1610bde0d45711982f
b1c9dc9ddbb6ac4b140b8c1d73aa584c41a61c973eb9e8892e3f9a643c70750f	parse_error	-
b21a2885f0100de76464828611f52f706a86afbf6adb00a76c902ece1fd8880d	ok	51144a35ccc08cb995c29aaeddabdf8a653ad6b8fa3c65963d2cb17d7f957d72
b21b4f1c8131f67731569b8d17f6bee411c05ddb3394d18ae958ac994bf23ff4	ok	5fb7e1b0351b7c99ec5ebe5635bde6f6847dd438f1131ec78984fa71a7f6f399
b21ba2621fe139ce921e5a4f9535e24708b22adb9ef3625561bc73124c2ead96	ok	497c554f1f09dc87c9a393f750c9b70cee5005749f96f1849458ba184ac039c4
b233b1db77cfb6cdb0710cde53d71aa2e2381e424724dee4d15a5727d41725de	ok	c536fcc7076c3f487e4c09e245f05b6fbbc663687b2dd5fec48d1213d5cca3c9
b24f65578a5eedb3f57bbc10895dbe6aa40f35128fddb068fad7ed6ccf1f2286	ok	512abfd1bc685b6bab711f3aa0814af42eaf84222d5fcfeef994aefa2218ff00
b25183c0ce6dfb31b0fcbb94a019b5575dfe3605e7e37d36188a01ce61263b20	ok	ab0b522b2564bed17a354c257d51d0917b1b24417901f9279d9168446eca2bfd
b2911bf2b0a7b648291054dce8e41a213bad310aa4f37ea299d6fbc86ca63c0e	ok	9fd8005bbf5ccc4ed83398a5eb52931ce6defac798366203fcecc4f2e82d4e2f
b2949ea778106fd4381c08817f589b97ef2fd6c97aa7c7d766b3efcd20dd8de8	ok	af287ae16939c8053c728b7ca8fa8ecf8cfaa4847252b253e8a60b22bfa7f744
b29f3afb12bc7c16370f656501e9d8ce62ce34972baa9ded96313275a3a16ee1	ok	d1d31745882c16290e51a507d8631859e730254c0449d6eb2985be025ae68830
b2acfa53c600e2eea02fc06ffdf80016229f498945c0b84360c3eff67fedcc13	ok	b3241ece083da6c339b5def372036d112af084f47ddd187034b8f1c76a6bd1f7
b2f1b815d35504a43c7d3dcf7addb48c9ffa5d3d33c4eef63deca01350f5513d	ok	969b0715c98b128f5aa4d07a80c4be1d9b51dceef92da4a8f034075ffe6c5c14
b2feebd3d13b96f288e7ab4411470526cc22ed198c13008ac1d433db9b42b032	ok	ac43e3a85136aab5ae857344575cb6e6f3b811dda20ec573e9473aba129ac52f
b30b17bf03104b864fc3ba4d672d1c7a2a25f2cdc28bb1af461753c4b515e832	ok	c58c078d11554447ea1869f4f8f5fce455ac6caa98183819d963efce5b98f438
b3174ba4b11333bdfee9cac5003bb876b5036b6a42c2718248a78ce403af34b0	parse_error	-
b3424eff0e02f3051c798735577b2e6f492ad02e51d6f007f6f2e3461c1b0e4a	ok	7375ad20779051a67b351d1c16f0c0b87ee8786e7125ec0831252eb2669e3294
b36859d9da3ebccb04342fa15b7cf29a88da7017382eb462d17f088903b1d9ba	parse_error	-
b36efaace4757414860d922fb7d0c5ada3111157364e01426534658368e114af	ok	6adffaa39e81449886554c9089c8ef6ef6b3ac6f8ef8e1a94547b6bd30a74b85
b3792ab54beb0557f463f051fc0b8b785e1d41e0e5fad3e94e2c5e7f2a35d69e	ok	1877628192d23d584859dae6d0c561db38a902bc59bb42b097fec233e7587a66
b37bbf2b4396cae3a3ae43780faeb3185f60bf20eb1d929ac23456033f50d518	ok	98730bca00cce88a79cc2c045f1f6c714a46d375bad7bc4644028e7b1e01a4a0
b395c7cb4da2b1806b5d4a5a1d36bcba37fdbb165d1605499e9dc3bd231e37de	ok	0174640f43a4698aa67c8d51ff25a0f3e2d2da23c93c24b617aaff1e9aad63f1
b3a0c2c31b60b8c95fb8332cc22064b72c51e834a2ee0affb91cdd525411c1de	ok	4478f6d376d553a6280b467791dd617fb64afe544e36e2cb02fc1491acd3516d
b3cb4a57a7bf1bcb99c688c84ae08fe37e4a11d4f600dd7357e37e9f96ef0280	ok	bea9ada2ab5a3f769cd38742419066151f23ce39ae0d34f38ae8f73961ef2b71
b43a007fc93cf9a9a8a68b16e10ea36594a7b72ceacfe4a876e574fc3ce7bb46	ok	b3241ece083da6c339b5def372036d112af084f47ddd187034b8f1c76a6bd1f7
b43e05f1e2ddf998c57b3348fb82bb2c728f79c546ed9e9deee7c31d22917397	ok	7eff94da2d232b9f725270a220b8d4ce4e9b9a7725aa6e415ab9e78f7f60fe3c
b43e2da6b961080727a85e59d083387372855d8a1ee102e5a32e0a4537dbb3b7	ok	356043d7b97b19680ebb3b8257807f280db43b04b1321b5f0062d4fb6bcf284a
b4475c0edeac16858f967b6d4b3027c683bf3b34c274953982ab9dcd23f97bf5	ok	b5533e895a228a54373a37fad262fbc0846a8ea5e911fbb693f6a2c952f3dd89
b4613a85e60951efe899e73e4d6397d9692432dea85094778d596acf3c570ccf	ok	5024c7d25961d6bb97708d959bbdd0ad3cdd5cac4bc85b792db670175a3bea9f
b461510ec48cc1db9862a9b36316948318aada3e2f0977b057817a46790a1b31	ok	27064d6330aaa7ae2687237c7102dbaec3dabeee2291046b34cdc5d0ca9184e1
b4e0e5c53a14cbfc29c82c5668609452313a98969e2ac66631ed0ac684a2c41b	ok	c6a8a961ca002ffacc226f06c6cef654ba96bc9b9a3ba925ae12797d1ec76435
b4e53a629615ea1e272b272a82482d3af4d75a76801e6371e61cdc3e47c4eeaa	ok	3d514bce23fa0f5e19dcccf9569459397e962964b2fb509780674f14073851c2
b5031e01962bf8e9bcf6ded000791fa8f8dc61fa955a8bcaba38471a2c7219b0	ok	c9d74d25a2067f9d2428be7ba0e200a9238a202632a86f3b74d40a9a628210d3
b518eed233420b62f5750b4948022852884d9f49a8546f42f83fe33e688e4c47	ok	db93b1da06edd52df3fcb33f45d744c6088c4004c209b382982f1cf017d9d89d
b51a8a4de371f4a278f9ae4bce504bf9484a181bf4e40ce62aca78c86403d16d	ok	ec192fa5b04d3e20c6bf869053ea2b46f282db5ddcf2b54af172696a17cb040d
b520b23a8176da3a6ae5df0b3edd5908e89a3240daf98288d8119f89f65119de	ok	1d31765e7f20e9ab6a690cd6ce934b0baa1e95aba9c83137c2de0dd57361009c
b5349b74694f25d4a739361429b6201b0a0c8b0eed332e6ac56027a93629c833	ok	0dc25ae58f47b2e2f64c5398a69a55e8cfd3144bd7fe313c422812fc8ad2f918
b53a77ec4a936fb69ac5a82d61c8b4a5018c7bd6d57350d6795a7adb535aefea	ok	68459e56f58a8699b84748b82477382855dea3a5f3a90d73375f1eff7cf50ec3
b54f888d20f8938278df3643a15ec8ea48ae2d3f5d11504f6f4cd7df52235713	ok	6fa54e0c381c703cd3ac0dfa2f644e5dd69e17bc2d4d1edf054c0714bd227e91
b56dced556a3e95ed36545bb1a0fead7e0f640287a3f6ea4826e280d5d038989	ok	9673c3824c4519f7f586e8810644a6c8c25f0e5ecb5a5dbd3db8438c2c9623b4
b58b00d7456e0fe465a74415e862ceb692995c0ce76f1db9ef96231b70d6606d	ok	35eede1a4a09ed06c99a485d5734d24f3dfbb60949c62673bfc77f5e146fc870
b58c24c84284566077176d4c1a084bff253943625e02c0840618ab4984dfbe5d	ok	2b5417f94a347b3b36680feab35104fcff0f42ced4014b79719500572e6b0730
b5bcaecc0248ec5957e6cdb24a633c0806396a64a04db815bd2cd80d4e30dd8f	ok	cec712034c204c6f5aeecfcc1ee3ba36465ad0445ccdb496fc3a300831c1d872
b5c081ce4a2d9575dbcc0992bba899f39a60e8c40a2cdf8fa22c005839bd0c2a	ok	e024cc59655011fe02172617c9b803966c612e7a22324cef7a101fedce8c74c9
b5d7f282341b1dc1aeb6d2201c040aa131e0a4fa4779b90ffcc72ce95ebabb55	ok	63827bf67693388d2b863845946b772143a74833a4a75af4cbdfdd8e64d91507
b62116d1793276757074a23744786570edffe5427e002a45c6898ceca31ef6c7	ok	e7f470da217ad020c4be82edce1d5bd664d0bd1310b0c77336c549881dad187c
b63c0d9ab547a72d65c87db63e571347276251ec5fdfef907ad93087d83806cb	parse_error	-
b67039cc3dc75f0fe1ca578bf4f1d7e6d64ad7bf2a7f11567e85b54a7c2b98ae	ok	2cd6095f1e9e6311fb5bab02d1de29ed025d20632857f9741f66a5550f294aa9
b6708bd21d072ba5f9869d42550f2dd0ffd72b926c7874de6a4ed435059f7477	parse_error	-
b67601ec4e59b6b5ec46f12ed1779c068ab67e24b3f02dfecc669f10a7e33458	ok	cf3d2a25763336c3672b458d15528215d71bf5199e2b672da5b272cfe8c4f439
b68003c2c1370d837d92a2b4748a778e53116ee869fcff35e7b73aa57f8b5cb4	ok	3a33e0b5b2aefb77dc9a8d8385fe4ed38f41a49363e779ecb020cb2733eeef91
b6a09dffe57de4a9479b6719fff3477c3a21fcc5677628fcdff887861cd4d950	ok	a4abe4bfd38cc701aee66dafee1d133b6eda3c1a643ef6cdd2d1386d191b9a68
b6a27d113706a003c65a358d705c62e6bfe310e492603aa1ab79db4a51841450	ok	de288581185fa67b1b7fd422e5c46dc5dc1463f4562f81e88cb3647d6edf01c7
b6af8605a09a7e67d863c25cff2fc37c19ed9d8b2cae2e036723884cda1da9c4	ok	62746370236f04265f60e598d633d95dbd8dfe58ac2d0bc20614391f3442994e
b6b004280f7c0986fc459a428c9ad0dba40cd73875ab3418413e9ca3237a083c	parse_error	-
b6b8e76ecffdc9d120ae15dcdb07955db2834168399e1407481f9e679f2ed313	ok	1abf3fbd16823bc68a069e80ef8be98f8ba0c500f94d0c2203cadc1a938101b3
b6ce6262c6dd939be741d9efbcf2a33d94c9a4cba9d7c384b10b76e85db678a0	ok	cd08112130caf02a5dfd907e64e133094a12f9de118b31a7e954544a9bc27770
b6e1a8a689937f0b8f22d7b69437910f6ad8bddbe3a29ad5906bcfaa0efdbdce	ok	4478f6d376d553a6280b467791dd617fb64afe544e36e2cb02fc1491acd3516d
b6e218f728d3dd6b0528715680cc016fe74ec8fa457c31083e96a53efbd8d3af	ok	47b40cdbc29a15d6b13a5e051b22e9a819118974dbef14f31bcaf68ea4069d95
b6e9ea091e4aececa691d3feec6d0d6d507f9bb82fc32ea651cb1b95b455debe	ok	81a2ef5cd58444f3dc7fc1633fbc7fe84368a5975fb0b22e4d2fe5b5ca32b08b
b71bde8d373024f46d1c9d2b37b83e610fc88fc140a69a6b38f6532e2d945eb6	parse_error	-
b741f6fe44ab8e5473540d2b222e61b4a7ef31899108c42383d0d32eff7fa9c2	ok	67f988da8160a2dadc4ef3785ebaedfd2e2a3b66633dbbedcc12c7943793154e
b74ea73bde1928e5c4721392c13785019ed4efd4b953409641cb0bb99386b64a	ok	d7bcb4842fa2fa2b3c0ccfafa755c77c3acfa7f054701302a789bbedb3167a76
b76b4048a792782d9b09ba763825f45393b34487adc0285848665ce3b93df8ba	ok	03e83f2c61aced4650233f037071806287c2267310b33a948277304b09762e84
b779a993d210aed3917d8c56c734217ae6fbeb960a62e1dc5b066c5ee855eb0a	ok	c23e10f4939efdc2b58c7613d6d1797f15029435f905528b9b9958ab92af7c57
b780ff40db414bae8ea3b659c9c950805a1ec43150d7a2922c26b4690f70d603	ok	30bbd97c8e5c1b5864d74ad7fa3836b1348c44ac78849a57e0471df68544161e
b79ac95f9ce3c52d2e3c48861672e1b14de86bc50ff791aadb111f61cee41b44	ok	1465f05fa0ec429651f9ae0aeb0f7bc9194a171c5cbd80fb6aee8aa182c86ea2
b7a1959afcbbf9b71dd8c26c40214b90e1cce2a383a71fcc495df467f9a79ec5	ok	aa0df119c85fca9fdd07a5088212c5452563456d8c60ec2101e9e127c90c3d3a
b7b19d873fd6fc2eb6faadacee216a62e00a6c9b668ce81a7603388083f05872	ok	b5533e895a228a54373a37fad262fbc0846a8ea5e911fbb693f6a2c952f3dd89
b7bd24874f0bbfb585a3bd0a0f38e87d3f5d1f134d6d4d6d9de9b36a5f21a78d	ok	d7537beddcfe50414e2fe83baf2f53e7dfbee871bee25836819c95f537825141
b7ec5dc6556d7c9bbcfe0d32964e953bba70555cb87eb094c4455ef571268874	ok	9d9083cff67478a0681434f4baaca3d3de7b65ee7f790d5b2b0d5a52f94f8275
b7f4f55e389e21f9149b4c2779a688248b0ffbbde2e6f84aa2d3a08b7424a5c5	ok	134a7d240162cfc48256a46ad0c5295c542db5a77d93ccfefc9a1bf6369f1e35
b7fd5b49ba4be53ae4bc0f8dad9edeb0b6bc62ed91b246a729efb2d92438785b	ok	a01f30c4eb0a28524dda860a89d9a0000f9adb30add1b17079b263fc838e0692
b80638713913dbdc8bdf832b98130e2e2fe603b5775e3340e15d4add6ccb0505	ok	613f6b089e824c9932a336940d5417b53da2e4585f1691f9c2cd797f9a53ca09
b8234e812f2205770e64b821f6c6b360aa4f29ed538c7ecb556e3fdd94c0bfee	ok	f0d49e014de586c8d484ed055d3487145c601a7ba06153339c7b5a3ea7d1da67
b82d2675cfec8cfc0a7e2722ed4cfa32331c7fd37b80cb50862ee052d9bcfa0f	ok	27020b1c8800158050d27df4c6f1702cae8fb67a7b99b9a084937355a305132e
b85b78b20f9f9117d90847bf9bc282bd7fc87b5dc028a799a36092e774dc1574	parse_error	-
b8722f5c345636f76c8181ed8a2c3857a3b69172c14a9dd34bc3c52d9aea8cc8	ok	79b884be6e01d469fce729258005378b19416a069afa47a58946c2b94f91c830
b878c812eae2544874b94d8133b0e733db3388d0c8ac944ec181402fb6552439	ok	67a8548612f5b8a1ab5691b380c9b35afc807bf10006760c055b811407df16c4
b89898ab1b80e6a3534a6a629aca42edfb1de2e0a856de15e4c6025c025342e9	ok	8ccd0d55bb42ad35f758bc922733650b960928622ae14decd264183de13c4836
b89d9b4a421d86fd4ec7a9a5a8d97bf83f8eca88236c62a237948a175e57f6b0	ok	9667d6d3d23e51a7cbdc9da3aa72b83cab90b24b82e12f39384322d3029b2560
b8a011c7166117526218404d4f67a3b11d226a5c54c402e3605484c4636cdd62	ok	7bd21ba251d89fad895b0d86591f4ed1b9fbd60838b307f7feccc5a0efd35de9
b8a19700e8b14661ac89c6711340341c5c74d1e2d567c1a9ea084bd3eb809140	ok	4f30cd5b93722a709bc61092b46c3b7abd5ca26fcf15caf3fc094bff359b5665
b8a7b2e656a78e8f6dde68d2608e42fed87b7084464745b306de0c1211bd171b	ok	430bf58cc0dc820a8f6a26c40b0899825c82585d75ab8441c5c4301042f7b2f6
b8ab1bee9d65fd6e5a270a2fd202063bec768a3108bcfae8205ceb3f53422749	ok	f1778d6fc7082da03e2538105ffe1733c32d33bfa79a31f7b21ff6964344fdca
b91788fe5fbd9d263ea0de25e457d6f268e663851f91434401aaff53516dc48f	ok	ed1205a4387b71bb43ef776a72e92a45deb8f963f4137b57d4c732f26aba3814
b93f2d5707d4784743f9b53f412c6a5696ee80a9a6bf75639fef7ea7c42530ec	ok	7e256d63614ff0a12f6e1e75404b86b691e8e18e8c62b5306b058e0d9a8234c6
b95b4e68405f3d73afab01db53b7c483d461e8cd84617def1489868d8c99b42b	ok	c7e194f87d9203e878873a667b3aeb05925215f584741508b24b8afa173eb007
b9708a655aa028788c30f6d1c8132665e41ed22ea099cf4d7a2c00530ea3dbca	ok	67e8ee879a9151c08dc8047b546f7459e6c74072f39918d90d9c45d43fbfe19a
ba19301eac765c6a9aa1a85674a25cae7ae4700460fce4934d38b52e532ea561	parse_error	-
ba28a3175a12c2a26b189dfbd33767d73241c91dddbb1caed92d407a70b3b964	ok	8fe283b2ea8205a226ef6c4f60667cc59f2ffcd07853ddc0494dd0026f76c44b
ba33cb734bf9ac21b35ac6f7c861a06710afb864300381ee0419cc1c97c1c93b	ok	9227de466e4385e3a761ccdf150b0472487a65c52433684ec9fc109b48ae1704
ba62937213914b68b675b309ba97ce54a9cbb9793b2353af17649259366173e0	ok	fd42868180b95bc5ffa719f14106b7079a2262a960696d89ce9d4905303b776b
ba6e76a962a7945aed9c7cd369cdd30fc1fa69c3ea73469bd7d2e531a18ac89b	ok	c6a8a961ca002ffacc226f06c6cef654ba96bc9b9a3ba925ae12797d1ec76435
ba7e05bfa3f3058bce161900f8462414950066130e3f465e6793ef07e5a9423f	ok	967e4f4433348e5ed25319c50b84b3697cc35f1d9e57aacec15e8597008a1cf5
ba8f2e9e6bb5be96073a1bf134c18f74f1cf365386a8779988c4b7b04d93d8a7	ok	e1232b03d01f2b6fdf55e95b22bb1d9aa0c5f6ae78a55433ab467c3d0c88c7ba
ba98bc2174156d70cb7ce3201d59d5af56e2240f39f61b711f0de4fe780de28c	ok	355483343e67821c79f1b4c03233973e1795653fb7db30216d5b31c6993cf080
bac382d1cb1580cb1ee394a3545a160c3813057dd9faaa8f093012d19a123283	ok	335dc0b1c75cd4b40b9fcdd1cb48a40fd81bd09f1c12a38b154b043d3f03513e
bad55ff2759131c606e5a0c985c6da2d4be2241d6cad90cf9d2039b1c28e683b	ok	16f9e237b0ec2d088fd263f2796ec84a6e9f04985b331f8023de131b0c8c80cb
bb062b2be70719b866cfb81417e33553c60af217ae1d955c4611809ac0a369b3	ok	fb4591734dd0a82e87d7d3be057f1bf77397e9f05a689a1cc4796834d39c246a
bb21235c948d3470f1ccb2021c1eca452981821aad9fbac40bf87da813941f4d	ok	23a5e366ba94e6bc2714586700f787fec2aadbbcd65f4589fff59aec5babbe57
bb24af6510bdac6cf9bad94537781c2845241f57664e38d397c2f98f26922b27	ok	1d14dbf635d2d0436c6006a5e1bbe37ec5bc94c9b901ed8fe87563792215dbd3
bb285c1b43e231db4ed8b186fb7baa0a1fbb7b1d7986711e868b6ba2ff8dcafb	ok	ee2d9199debbaa4d5b2257650514b8b13a54ea765d344f33283f8905c84ae268
bb38583a8106d6b450efd7781fcb94285b7a7dd445d1ac33a3fbf038ec628cec	ok	d5910755c9a4bcb67ac320aea1fffcd17e9da16de4c4594cd38e0a84668e898f
bb4664e67a6c1552fe3eebf992bee48b49d4735bf97c1492cce3024b8a23a061	ok	ef3fac0083eaeb3ef63fe7eb00696a0b435faae9d3fa54d3c3deba2afa1a1846
bb6f9dedd005847f019b1003400b143c537a6700cd129b1588c976434594b66e	ok	c143252aeb232292143eaecd27a2c4104a0079310c6f6d842f5703762d7124c0
bb7924a9cbe898bc264261aef8c4c1741cacebb5c8cebbcb029fea95765a0e08	ok	eda8b0170396d057037fbe05f0f280943e0b8a1b4cfcaf69306916014f11b008
bb90d7ee1e3a8a19d9e52b53ed5af1318af73baacf94e82026deea397a8f0919	ok	8d6f43436fe08c5cdafa96430509adbe7e2523411de46a0f5d168bf77b886afc
bb930c9b6c4069622bc1a88c5b7b22b5ed74b42a03fd13aee1dab01f5c0fc6e7	ok	565cc7cfe1c1e2caa02bdd87b7e4316a71d956c898943d9357e7cfc954b605e9
bbad739dc074781949e9c7173de36d4cf2932639b3d6052773968d6a28be0365	ok	ca1669cc1423b05386f13116e21539c586bb1ddbfd7c95bd07f626203f183065
bbb7bd82396bff7219aa4278269f80c7adf820c36f5c57568202da6fa55e8b87	ok	4e1c097da33ba948ae8631d54b1d10b7fe002ee308c7610cde8b431eaba5a8e9
bbbc51ef9e386e80a760c4e5067c0f72fc63aefe50ce8aa5031a1e9f4a27d1b6	ok	f6cf5144229641d383062aa65850c9def3ff711708a9440c363a8860ab41fb97
bbc88d21cdcfc31a158767003e2949b69863b7654f328f3e365a957da95934e9	ok	8b889cf72d09eed013df54ff81ec4e0cc1e50fb9bc2028d1239c9318b49d272e
bbdd368dc3e49ad80b3047b2614807d28092548371d475afbd538f66e5cdae6f	ok	3f7851db00c603575890b278dcbf8f472345410c22963cb0868caf91f99d7956
bbe38c955908c4689b55ac3998e627e7bab309cc2e66337049d47543b6b6be9e	parse_error	-
bbf7e2cc968176c105291613eca2a00111b9ac8d6c8a35c1f1503621caec9067	ok	bcae8f2742266193d3eacac5eb71821e29317175e42cf2ae771f7d2c5ce48691
bc0bbcfb713531e9eb4aa216075231c044dfe086e3d87945c54b11c9ad276c46	ok	1f401f72dbf5f227575ace2bb0bae04a472a3ce275e669b5254710ade0049704
bc13ba9eb4df5ae4fbf5d1d4c13b1b12b11923bfb946823b37604b37d2f2bb2f	ok	63827bf67693388d2b863845946b772143a74833a4a75af4cbdfdd8e64d91507
bc2f3c6c0ca676debd5ac26e451e69dcb7617e2f9a3b22ba7060d61d39e7eb4b	ok	1847aeb77fb4a97b276a8a9611006f7451f87598921c836b7bc64caee5e6a6e3
bc39715432e1aef3dfa0d1f6a3f6206799970be802fbcc0353df65b032661d39	ok	9c71e43985759c07ad74b25fa71de6a994a93e0a83f5eb8b7698f328814ab9c9
bc5a4a83f45b420b7891429dd6eb306a1c06a115cc93636db06b175863a336e3	ok	8e52237079c31af29a450be882b1d8aa219f23900918fa4f2b29fde957c9a602
bc718c925c633b28468294c7391fa9cee9fdba9caaa09fd2e51c9499baf11e61	ok	f2bb7e25e413cf603caeee52e3a7a79ffbfd3aa6f180b34b5e3c232a2466dfd0
bc73f84a8be091d5d4387073316adeb1fad1f8bda6d3520235136a785cec6c13	ok	8994dea77acd9c83bc0ecdde5d5c776ede0a0c6a4c12e17dd52bf830f94ede7f
bca0612c2b81367e19ff9a8daa6036f3c7de29c1ea5450b8b8fddb61a6ec0f6c	ok	c8dd4eb71c7fb9732b5559c339c60b481f33348436970e8f0ced0ee39eb7b215
bca40b5f6aa5cff5630edabf57f2f2ca8884295980e15bcc04901b9d460742a2	ok	8081c0b437beeab218d4d8efb6f239c1cdc7bcb580cf90b2674fcb464074fba6
bcb154fb3a6ac37d6883728c6acc1a9b2d000a02ae0b523828c96d90be3cdd46	ok	452c6ed69e5d6ee0badf82bb1f04deeb092d74d68a6cf0063312e67b240c79d9
bce18e2aa9d5ef26571c646c76116652b3562eb0e41f71674cf0ac87f95714c4	ok	9bf78b9caf85c784f7d2e924568b0c6d512f165aafe77d84c83ad96c6d10496e
bcf8a4b0d0b1f6eb8b86c8ed942b3a54896ec8d5f07a4092619d42b2f2cf1ad7	ok	099299beb5d11ac31ed72ee2b1905e82caef06445535d19866f25c263a7b1163
bd0ebaf97e1ee36a4000071e271f799c1a5c56b470fe66ed1c31c9a3866f8769	ok	96fc1f676219a431cccabddc20f5fc627c0ef9471c4a4cf6207e4370026575e2
bd21a5bf74aaa97b641d1be65e694616f720530bd92037f0bfdfc63075e8b7f7	ok	ee4d704a0658f3b9ed9641d456238a254afc9db26044ed2258ac248c719116cc
bd2f33cc42b5eb48a476ab324691edbe92664c10206691c7bff18706b101aa1b	ok	bb8ae55736c12e82350e74d4fa7b05347179e9a55a83e73930c469df5f013312
bd555dbbc350be8c088447c7621bf2c37f2842d06c278340361c2ba15459e054	ok	6503a17a5116330b8e081fe75352addde06b08597be660be3eb8b7cbf20919eb
bd7bd85d4085a99320ba341376e54bb32a007397659a8b07a5befb4c7231d6f3	ok	8b73df5d4b04ed18abba14c43d51575c1b12572ae54b164dd183f4d48ae7ef9a
bd945772fb9fffcf1845aba7aed9c55c9ddd2077704c695ec66d36b2b847d65d	ok	1c23f73369ac6f2a76579855e4e5ad4202b2a261d99e91f5c31277d5878d808c
bdb769631dea3b50b1d1da239fa3cba75440629dd94115397aa585e9dca62cbe	ok	5641ab41550c7b415182deca09149a23ad48f686113d9d3d3aea3214eb1ffd1e
bdc458c160ba8f6f1e7d7cfd5209d44b82d9f4651f8afe82752b7ed2a15caeeb	ok	fc4df470b1b652ae985678e8b43767c8c07185c7fbfe8d720821af6c47acd138
bdd5f8868099d56a1b7c5190f7007a144ac233679039983e4bd558f0a05e546b	ok	11e075bdc1d51c549b0498f4c8307496f2c9b5d32744a47b7ddd3c6bd92a82bc
bde663af361de7c499697bf2b256b9dfc438113b41535b65deb180aa9e9bc6b8	ok	f51196930036c63ba3f42b157ca44230d518da814b627bc16a525e17b937a7ff
be534e0d6503f7f8c550b3b2a5fc36f3d22496f677a5e63abf49f5914a3b76a4	ok	33ee75fd209f411579138961b81d6d399ebf4bb54afb87e9f28c9dd47afaf019
be571959c65615539d71b51593ca2ff378f37eff90f90eafd21aeec716473dce	ok	aad243cfcf772c158b134626c1ce9aaaf27cb9c783e0a245f4f7cad4ef8c44f8
be6600e2abb8cb264221a67686a8e8298d2c4656c375273f462e8d672a17bc2a	ok	b0e2ed73fe9a95bac7bc16da63f172c3a6e01b9f9421f63397a12f3b2cfec2c5
bea6408d4d547b2203a3f673c33af2960f2588efe22dae2f749b32127cfef69e	ok	2e37eeaa0dd6f76376c791ffed971d7c7b39d69dc6e29f12c821329b174bd907
beaaae7f568121d5949aea55120313bb6341d18a641cec30b12deef4d5755fb0	ok	f5c18378d4a3cdba78343ff008b451252fe9f3ac1901ae4533e017334510eacc
beb408bf7aa9c9ef62f9ec4e3430baacfcb5b12d2b75a67b86a8b0ec5ae7b73b	ok	988cff2d6db213eb9dfe84fb5782529fe793cf5093e2fd1214e79dbd9970e181
bef105021f898d560a02f3ba0bbc6bfeacc116d97c0c519abdc834ef54c8520f	ok	fc7c0b30f4e53c803492e1e64b85a20e0cf8928160a0a28931b504468699ba9b
bef6a37cc864edd9808b44c51e3caaf4abea64523cea8cd4f1d79381294fc05d	ok	68459e56f58a8699b84748b82477382855dea3a5f3a90d73375f1eff7cf50ec3
bf1714162197560c70cc0f6b4a183cb3056c71d6b874d97c102d0677a7e9d469	ok	8bae21b608eff6b348ac3c375a678b9213b1a035d0a6c281242dd81609b46194
bf3eb151a7879fae3d34340b16a44a34231815d81d6c208b986885d125fa24e3	ok	1efd4e67b8beb90e256c6746a192d945c8d85754b04d1a03a6c669a2b3d11c9c
bf3ebcc565077a98df66086266e15f18700bf18dd1191aa01c3d5b0bba2e1f18	ok	710e1cb1ff0d55adb02ad3e7cb90c6e3e65ec430f3d18f6a43a084ade560647f
bf58301b9aa1949d25e666b89e00c62003fd932c30d53b986f663b1204318643	parse_error	-
bf6389cba8350126cde3a32e055e3b13d894256fef4f8e8da4aa8918ef9c17c6	parse_error	-
bf783cb6172eec3ec72973885705b052a688060a209c30d343d5c6c0efd81ba4	parse_error	-
bf79d691807225f3bdbd3d3b7f00904f393542ff76a9384e9f5b3438e5baf034	ok	b5d05d231c7f0640e1ef9c7a87e28be4fe8af115f435a23a52e4e69058672fcd
bf8824af09773b8aa105240510c8a620a022b2dbfa48659d264c8ca7f4487c5c	ok	4cf55c7b6011948f88b82aec16314651ccfb99d67a938aa572de9c28b8cbe128
bf9a4ad88b31ba74e077e9c1c107d5d6939a1adfb0ba8f0bfec438a25c0a4a40	parse_error	-
bfad937f80c87308b95aead4b8e8c83bad014533dbbab1f24b78630143282593	ok	a21f6158cb568568e82d148a6b24459105a7092fa5bd01a4c83e8da897d7f237
bfe25119df0729c7f8ee259223e6e79a18310efbc20d30c5ae5904000643b354	ok	bad26ecf11f104fc4cd08d212f2a963de700ca8fa9991d92f5e785c9d58b5aa2
bfe43fce42f14b7f521f04ff8461fb676ab07325dd3ac75bb6dfb38bc58a157c	ok	8ef0b9989afaf707a04d40d4c09c0e561d7bd5d686d4badc1148f9b2037b39f2
bfe8f7e51556f6eb91c88b0b71005db0e67f5c6af035114bce80fcf416c863f2	ok	60bedb12f01405a2cc9c9059ca8ff30a340ecac7fcc00584e32183b8d5f1931d
bfebac8ec60f0a31cc0059c5635fd376ec0381823865358588c509d19722fc1a	ok	8abf710285886af6f1cc3f8fd837f802b250e650c68e811a51ccf310f08d7c61
bfee7c7c4eb3ce35ea2182ce0497f9f883b69c7fa2be465dc7164ef91025625a	ok	386f9a3d747fe38412b653b63df9e0626c8a00ac8458305056b097bafbf720ff
bff6dee6c54ea772a2412552ae6fd79a0f6d04233f5420d0086348312d13ce03	parse_error	-
c02e9c3daa5ff5812a3873f090e1cd859de4c7d9b451e4adf94e1c9a224e070c	ok	6fe5ec8989207ea9d8c1755c29e49f50fb05ae1fc1330475e55c3ff395280b29
c07daa438bda19f0f0d0c373b0e8953d0ae851bf7a3d53ef1fc2553bc4545c93	ok	a076c6b58bc8dda454cbf1ea600dca079d0ea05c5298bc37d00d9e1537181fdd
c080609c2abf480b2f58327745162204309a5311e1ba00a0b0a3a861a1b5dffa	ok	8e2b92628c18308d07cca83fb0f523e946548dafd29bcbf12056823c7fc52348
c0a0179387f930c05d097861df7384a7e09079589834da23156d2b6eb2f3fcc3	parse_error	-
c0a0c2e025a405f93fe72a25b35617b217e6d845275ef711ff409f0bef0624b1	ok	b48f41c062887c0c66e88f1a1ea6d3544f549669a44a1d16a1aedd28ff67289c
c0b3fef838d9aa3fa1e5a472649fc942109f31790d5b97181f448ce4fd7df9a9	ok	51755caca31f87dc664576fdff685d30e4a7fd1cd10142e26eb9d8d49db485ba
c0d5f190c6e993cfd4b3014ac1e729a7f4bab8c3710a1272e21d1fa20256a235	ok	8ef15e27fc7b4c48bf59ae132d27796de15d484a73d89a073aa346c443c355b6
c0e3481aa9381048491c9dd97c1cfc970cffb634ce0bfcd3b5b0058f43826577	ok	2ae41dbdf5972cc9b345d1627c6a81ebad03e207517229238d8342a8dbe3c4aa
c0ffd06739b40c787a03479c40bf90ba9cb111ed5a3ca81f9e8a693d9f0b71f4	parse_error	-
c1071c89386cf61e79a83866a2032c51654d17b9417c0fb151174b9cbea99646	parse_error	-
c1291526f6083e176deb1fadb2c11bbba3877f5c484b9a70287df9c750a5ebb6	parse_error	-
c1970ecaae832387b25561b4edeb1b1fd02a084499bade64b56e58418df774bc	ok	eefd465de3a06d63e331849f7b0ab2aaf32ac3d0c2a8cbc82daa00fccefefa9d
c1a073e188f6552af87113b726b5c71ee83b17f8567635d4afd64d1540264366	ok	c2c531c235ffdee5190de60970729c77a5489d4079330f2bf649449616441b25
c1b09014bb2f40c47bdc7b167a73992f603c32a055014954e2578f2a03365105	ok	7a1f19f7856c75d265152c6f5448dd5cb2543f5bd071852e0a89b2a76a092d5d
c1b5014611a4ec881795b8398c47b95be7a66d25575c412b20c53fed15fac620	ok	3be0f0c8bd6aa4739432a6de133c0724fbf6de969ba14f620ca5b21cf85ed9a7
c1b91ffd0c3e95f516102638601101053b9526309cc00599a2a83c303030cfb2	ok	4f0bfa5ae32b35979c880e6385a84ebb7c9cdbf9c3523f3fa0ad0e51b02bb598
c1bf35bb0a6eeba7f6b8277ee4e085b23994b1db135a2a7c570fa91a1c06b5ba	ok	9fd8005bbf5ccc4ed83398a5eb52931ce6defac798366203fcecc4f2e82d4e2f
c203fdb302d5232f5d9f3566f36f1953fd7500cec458b8954d48f4979d199dea	ok	b24f39cc1092c8f5de3c3a382ddf6b0fb34a8a87b83e1c5a240a999b5bbce2c4
c2071ebf12961b7c5f5da826df58d4cc9577512faf00f669cc602cf6da76b126	ok	332f96c3c9677c78f81e8d950aeae13546cd5c936a8d3ef658b1f494f839e7e0
c20b76f29d339de5017486646663d4078552fcc7aa038dffdad067b6f5ba48ed	ok	b5b389efedd04b89e2f501101faa360c2e87054effaba1be5223990e2f3bf191
c23b6b540835b50401dbc45d9dedc483145cefc388157dd207ccbdb0ab4488a0	ok	51ace68398ba7a26672000412cbd97b6ceb5ec85360a34cba78743d511ff0e82
c24e665632f434b7f6295d8e1bfef2c364c8d677e7c61061ce9a0d094c5269f9	ok	eb821950e1fd3a6c38ad5db834b30ada953affee22f8e3bca07daa20c093f778
c25373dbea82d0c5999390372809cf26433d5edd7af98d4241cf1067fcc21dc1	ok	b76aff691ec4e1c21208d105d3b332b59f91b0ed4b5b5cd0eca59b07b70f357d
c274ce77b176d18fc7dd7cbf3f2d9f29796b2dfba120aafe80f14a24c17a5ae3	ok	68cdb0b7cad2c45579f069947ed7f36bb4543fa506968cceac06ed177d62fa93
c2ce8e958b813173434ec521ef1339a8f2e189fc75501697b31e9893d020dfce	ok	87f899854964974f859608140ab4647073527ad0299805fb8a0e6a176ee43f33
c2e616bc03d77b25a293a5c590bba55d0bf366d80e8d01632d7e53bbe0c83f4d	ok	4e4a2f673eb6a9155806eaf737573fc36cb46c4fda4fd69b96267f909de2d6c5
c2f55cf139f6a0bfd7cc72e8f37d8909c658f875c723fad1149e26f9e25376fe	ok	1602096f7702164ca49c5ec953b037291ced8315e5dddbb813a5edf4c67c0fbe
c2ff2d73df7396e55a44777620289a9206307b63e6cdfadab48c4ffec01dd17b	parse_error	-
c3139747f514de8e38ebf1e05e6617638928099e188462854e1f585cdd7bb3aa	parse_error	-
c3372570ea48c93d9a28f6f36f96d24b246cdf5aca06bcb3519e5cf72f1f2424	ok	b113e91ce4a8927cfd35eb03326b3a2bc50332f9c0eb5fa5bbd874c44ad28c44
c34c0837108720fd4af1e632ceb1194e2eb629ab07906dccda71d92488a92937	ok	ba330b05fe22131bf6d37587bb6b9c19c51b74bb072c24bf3c0a3aaf92894e64
c34d0f5f96ef79d0e4b2738b5549fcb68b338c2d895654005326f3fb4dfd967e	ok	34bdc41eaaf52f2d8be4b8ddd570a5cdade984bc6b2b6898111cf3b15ff36b74
c358e09aff27bd1aab150c74dec44907a6bc2eb390626d957204d3a71252f296	ok	04a765bf4fb04c9c85e1420d9c6fabe80315e32380f3a437bec74e00bfdf3c1a
c366b1ef379c093c3714b9336be6caa9f66dc02f3243760d13fe49ab79dc2b2c	ok	a0ca367fcabc295fc396532c457ebf7ef595590ece23f34e28ead5e939343bf3
c36fbc93d5034c708404e15b7b6b5f589420d6ab17edae461da37adb08e1c5d5	ok	376c24d1326975b8f7c13df135ee34aea7a3b3d0e212cf120296dcd50afc0f0e
c37083519e77d714a9d79872e5ef0751142f4c3b72f45c2d1df2f814a227268d	ok	cefb690b85691877e6fb6f33f2b45a76624aa0100ab694a98df87b1b7109f35a
c375f54b0f8bc149289e5dfac6e2a309e4f6c8e9be6016a1ed326c96d2134e51	ok	dfef5f291debae215dd3e7b1f01ca26796663769cfd4d53630db9de4f689195a
c38145c044c83b02e15850b0fe297e7834b45630eddb704b56c7a9f03cec7353	ok	f9a9b8f749e8c6d39b08560a9777232473b7e42a653878547431d53ccc9b6ac8
c391ea33205740dc834ce7c3507ffbbc4d465c7888baba671d8cf88370e7e7e5	ok	8d7c3f71c9618cf48f298f1f84daa02dd5f96a297bc816983a096db9363db9c7
c3d03885a2c78529e2583a8371173322f37f06c400b2b61c8c2881a9adfe74d6	ok	88f3d4a8eab001c62c0147befd345f70ace8252c83c64e4a84b20d96d495460f
c3d99c4039e89e45692eb37153b932bf15f1b641c926e6c7bd3b02252506db7e	ok	d3e817c184d90b8ca2c5c8e2df2cd58ece0b75cd61b2cfc8f27e01f0687dc4bc
c3eca92c99676eaab26e4a40432ce5ed67d1fb6c65843e2e1801ef2b7661a851	ok	1282b906edb2e0dd436b705628d6d3ce833b21e96e73f185da5e03b98a52264a
c3ed30e6ebc213462add464781df7283b7367fc1b617589f41d11d746fedcc0b	ok	e54f357ea6c55c5ef0640f02327437c24cfe9c600a78e9f34184de5a6912af06
c3fb3cd825d3c5f81573b54e84c385ed5efeaa50b88d88ce864f2081361ce708	ok	0a31768f5d3bd448cb28c762a6dd74cb36e5f86fabf08eeb8bda08faeba604cd
c404bbecdcbc871150007c9a74fe35b2425d47450e49eb543ae8d684e57f8432	ok	c754b0b0163a64c7e327b84a1e6a385ff2cfd7af75df494ef2554905166c79be
c41759e692bbd9ef683ad38ceeb3b6f59ee86b9e83de0fd6cf975c122aab8ea1	ok	f35238eab2f78cdc983d4e2730a600b44de14bc5318d075f635114ae6565e80d
c42f7c61f0a1a0420ee4dfad696d374d9e7e12ded6441e8c94aebe0bc5964bb9	ok	7beacce571d49adf9c8defb27e1f0c582d5053bd5e1d60eace5525687f4ef71e
c458d3fb3b91d426c79f76a50afab48b01fb06bbc17b9f75b33c52b4d2a59d4d	ok	7ccc5858cba3534b9bc7cf41ae76b27954a927aa0f5857ffa267e53f1bd6c7e2
c480f45b35080733709d793489374e12ce4a11fa2d3a801745faf08cac287775	ok	e1df1187143d63a09f8b0d1b08c8e4f2a19725d5a322dc20ded21aca0f961c11
c49612b3b8f0d92be566a5f24edf24f6aa9d4eead0748fe0826ade7bbd65c09b	ok	f2de8e6c3ecf146c170e3b1de0abb8483a16b9f17f578155bcc6d1200963d0bc
c4993e3f84bbedd4321bdef871ecadd1d8042b9a74a7934d1e9e033af98ea472	ok	6b299322abddeece3ccc21f400314b609540317fbd1af01580f235db41fda349
c4ce69629dbf4d0cc101ab100e815dc423d13d3d5a7638077fddd6231aa3201b	ok	b60cbfdf782ef35236bb1f9a337ca884d5a0bd117e924f4fbf6c73ca1e17d471
c4d7e11abd8995a00734bf807111fb2042fcb45f0a7e61a34dbc58748e906ad4	ok	94378cc8c3a2a445c98e5a88fc74ffc1c3eaf4da234b37c448bed143ab8111c0
c4e8cb9d655d0af9045dada832f9fad1e3c01ab503f7628c86aac8b7b20fc519	parse_error	-
c502c21503b349cdcc11718b2004a78f735c29c1c25f46df78ffb6b02538811e	ok	9fd8005bbf5ccc4ed83398a5eb52931ce6defac798366203fcecc4f2e82d4e2f
c52e65fe1d8f7cb8d108aec0ea64e7b0c93da8ab0936ff2e92c1e559ac75f757	ok	28796a55ac7b7295635ac3481f0aab17504110e281efdec6416610a3b99a588c
c5537fac284a3a89fc43cccbeb3d4023ff2c132adb57a4d6a8112f87a8a1fc04	ok	1d7f83aa122bad80f79b61d8243aca7b7b3928bafcbd90666defd7fdefbe7a97
c55d3733d3e215bd456b8c8977dca3270fcdc32693f21e3a31e6434e82390784	ok	fc29b8d26aefa8ae94f16fd11dae2bec03b427318b8c1c960f9662384a6d618a
c57202f32e428c9b818e524f1397188651ad2479b74bd0e44a9f7b85189ce38e	ok	7f54fd39abaac91192e4f9111c16a33f4f7fb58edf7ba4c261e98f3661e300de
c573e9f6c25296b4602db5babc5c88ca4e5e1d443fcd1abf46d78b95c230e26b	ok	de8577b5fbab4d87750d3567172db9368e691cfa0dc73c2e69359a57697d79f9
c5967ced4d38467f397049b15fa483e604fbee86345cf47cf5af7ab010c172cc	ok	80ee5b11a2e46d1f937e47e7a995e60de13ab44f6313927aa3255cd5e6def6d2
c5c4f3db6b45b5012775f59e14f7040b21f9c5dceb994b23ebce6bfa5a871816	ok	34e54d21f71f2c45574d57f46e7a0125aa0d656a5ae2c4bec2f7eaa5e6cb9935
c5c6a7821750935e06611a669e9416ca05387a62c0bb0b23d309994180b245dc	ok	ff8e496b834570f8f17eb6343fc946238aadfe068821372cdeb64ef15e8ae563
c5dad3e0749f96fa3763ed67df7f8b45a7d85099e6305744a953e5ab226f4b74	ok	5674859f17a247538e3856fcb0b688991292fb5c9b708e314360e8ca1c488f78
c5e1dcad18429f0f052edab24f0f99625212eb82af5c97530a99f3eeb8fc3171	ok	031b0f31f54d35ca92bb2f0e6641daffc9fc7c0f89ff10165b24b6f16d06d572
c5f0513cb75cb2914fb8c12c6ec87e82166fcd5353fb648519e5c6431fd479e7	ok	ccd4f50f3ebe6bfa624ca9a09ca16b233478dbebf4f8ead23c21d21e098a3178
c5f1ff434ca4f176160052481799a50ce7e78f89824417917c4098c72e31621d	ok	63827bf67693388d2b863845946b772143a74833a4a75af4cbdfdd8e64d91507
c5f62e647495e2ff7e71e4811d57bf5e7ef4ed9cfacebac7ded943253d761301	ok	428e9a3caa8821312524eb73c55c618d997b702c39c3cb81f11c56fe3a575e50
c60e300e5a60c90a161c10e0bec09a9febb09538e127cc54bb81e82a6048c513	ok	f26a37d8dded8595de1019f99a784a6c7d9de813773701979453f6ae7f4dcf36
c62947fa52c78ca599379a9bda3620afaf10dcab3f61215b8ea36216d6a27189	ok	6b16f52784cb1d18df19b40e91a82e2a1a690e428825dd5f325b21c96f4b6109
c63f192fff5612baf6652eac86a9f5afa4388134e2dbd63f0d743893de8b9588	ok	6503a17a5116330b8e081fe75352addde06b08597be660be3eb8b7cbf20919eb
c653d395db7a07a96e98628e5bfbc050240bbeb0db23780c03e45b0913623343	ok	49ff97f8a78b0e10816a4019165dab923785930d49ac6f56ef8b8b539a408eaf
c656caba515819f03ef80a100947c3fe49425ba03ff87a1c97b8bbb354496aed	ok	bcc6f242313316f75896f6cef74ae96ff5afd44e4b83db0cccb0b61de53f6380
c67c159d9030172952cdfb7e436655e6bd1b2708b4771cebc63990b9e09435ce	ok	8e3e36b4a02bcb637dec64ba3553cfae7f42cc0229ca3009ebe557352061f08a
c68ae4224cdd33ca7bd91aec19ee6e00f08ee2921ab14f04734d0a4984671079	ok	af92825f0a3cfe4b64b555c28f4c3dfe2170c98267939d1ee6ba25c5bf314b95
c6a84a3e477cae6c9853f9900eb896d1f4f66223fe928d2677c32dc1046cc303	ok	ffb7f49866d9dbe196d5781ef8f7c56d1e372a6b5b3e3702fab4ffcd705afbab
c6adcc830d81c3c90702b86c1a3a5605f65c32de22829a0e254b669ead678776	ok	b96312133a071c317bf24a51323debf2a400ea0d86bb9a7e1de1f65052a5df81
c6afd6b00ac5cba7c97b5fad0e9f543a36a138e361063571fdae8c64b2979013	parse_error	-
c6cfa38b3d0b9e9ce5eee8f571ef74dd94f72d1ccf0a4f3fa8258e2ae2a2b09f	ok	74812128afc16c07d65d2f01c6ac9fb465fbe5002b7ec79d7059f87bb43249e9
c7152a90fc03cf942e48139b0d70476b1c97c899515b682abadd7bb9e33157ab	ok	2ce1fb971a251d1999d7e0168563066abccf6a11990879952f363b9a3aa256a4
c715aa681168d0db36cd2e9f9377a8a7e67206a38614eab47b18e25e8bb8104c	ok	00c4e88c775539419f2d4b65ece6e29d93fcee7461e8cd23a60d5321b1130f4e
c716299eb4139653c61b2034767e0e3bb95675f835059f2d4fdbfbfa020cdf9f	ok	9e40d6293320012ab8ba1d0777cc7a3dfc626d56a97bfda6de8bf5b6cac2c102
c75e445f53ff7a1e42c9c7232f20b51b9021de15c457684cc45ebe8472bd8b12	ok	9a9d2b365951e1a682bff0268a020b9e8313e8094602cb00fc5676717d66cf84
c789255c5814eb2fb4f3599408ce4e499bfd136727a2fd739c3bb06d6013d500	ok	7a2a0aee61e7ab6fb9a9a4290d2bc8fab32f4e2080576323ad5c0705af304a87
c7c2904365756bd3ad34e476aa1e45313945922a2a1a66ef13ec781bc84f802f	ok	2c5db77d7498d4840b1d93bd4b0c350e766e111b29ef34b623922cab54f5d5bc
c7d82b041bdb4b9d9141badf3997b0e0699adef8761f682aa9e6c9aacdeb5fd1	ok	7a2a0aee61e7ab6fb9a9a4290d2bc8fab32f4e2080576323ad5c0705af304a87
c7f5378c178eca1e3a50be8639e4f6a6322b5a2d468a2e6cce8be632a0b29a34	ok	0d646c6dd75f619491cf044b3984b20171505efe7733d7df1f482192b3c4f2bf
c83fe9a224e8af17ec83a0bd8e71395a5f94bf6d7db32a92753f1c254a13e9d9	ok	053db47830b9e6374a57b2cc12e26dae9aaa39494c24b699e4ff1246846845c7
c84691a604c65361e6e2c95be73add6df19f41acc82c5bc1982cfcb9270d73ff	ok	75502b4a5086c4446ca53deda49396b9ac4b54d4c32ae8fcb5ed79b9dada7b27
c8550b27ad5428ac5d102eeca49ec8d220005edc0858cc17c22e7974589d7039	unsupported_shape	-
c8620ab373b325d4678acef8beaffe2e38bd5a15223af5d42d95fb705893321f	ok	91089cd5ab4903a42a600f730c90669d164f859d727296d49f68f221337c9cfd
c86d65d8177ba284e1cd690f6704b998fd72aa3d69bc515658bbb8340b43c888	ok	1a4a702dcd426e3820696b16f59ccff9e81f9dbc9826b87624bce76a6d7de605
c88f0a882f83c09a90142766bcccc2e12a89367cc9fe9e8e94d1bd8417139958	ok	c9cbc4627881eadad3db04e8539d7bb5162767bfd89521601d0037703bd28c89
c89b130236b4855156f520beb73f74ea241f51c7b2035dedbf181bb75a5ebd15	parse_error	-
c8c0a86f9e05ec1ca5d37eaceef062e77739f7ec0b9673d68cd3eb7c2a87d8ac	ok	43702b6d1e07e384fddc59ab77c55538afc57f4eff46ad1b830052128c5b3075
c8c44fae53d0fdfe92dea0d6939a164b8e7d696bdb381bfd66ef68ee27885a14	ok	1683bf584d38eff2c85db9a361366772fcdadc238bd1e10309d36da3b7eacb46
c8e0172dc61263c8290630451b83a7cf8f2e96a010000d39700452a18d14676e	ok	88602f8a48b72decda0768a4595faa97b32f1e8e55f44d719235916b6d89afd2
c8ec952feb0d4808bf0f61b1759bd021c17e8a04abf95a73954c1ceee9a57ea5	ok	24965d07aea5e110ced6a6e7eb2df43b519ead5d2044e02a60f65139d65c36c6
c8f7942f6ceb61b0677695b50f0f97a458a24f3a7bb7c7ee54ccf9e3d8fbecc9	ok	98954b04e60dce786903fd93bccf48df6a7f7ae1e1c60c3778119ad27a26f0b6
c8fb9d5d8992823949f6179fa737e2696f7fcb74b613c1b3c4d2d419e59cf501	ok	24e19a98afb8a77dbf7d562a9536507cf29098cd2cfddf1c228153620a4ba663
c906094fd4d286ed1b2ecef94a73cecf7e8a52f81c84c07166ab5aacd558d4c9	ok	e70ccf619955bace187c7b2cc4e273e4ae9ebae6f39540d9c32ac03a5dbf35b2
c946310ccd658186c5ec1f726f3ba27aec3a5334f29c5b9cdc06be070e870018	ok	a5bf1c2e07493fd6d7010471fb88bbcda5864f33e602979adc2d7728f45fe548
c96c36d1964abee12af018d87400597c8ca5e848f862a0e6bb114c462a842689	ok	eb53ec77611e27aecb8b18f194411e9ff7d2b5a2fd49195b981b9556ad221529
c96ee811023fae751908470d476d22d25cf31f13b77c33c16a3431e28c434e95	ok	17e0e09dd24367c98afaf04bf60d2b5822657e5f40a280c193d188710197a0a7
c97d3a9cd6826be56098a8247322a30d9069bfdc761d138474a5f4156344c607	ok	6931a5854ab5278ceb8fe7db026dd687283c258fc01763e463d9e1f0f11b836d
c97e8792430fda6d9b58820baed56d463e927c566b21b3fc0f98d04d7111b3e4	ok	31e05cd1909a7cb888c5fb4adb9b18ebbd2a6c94e382eb83bc3053ae4efaf82e
c9823bf37f20e00602d4741b171d715116ee1e609248e0aea091cf8918bae4a3	parse_error	-
c990d5aba4f9b4ca4a0ed88c32ba5ae380451e08e99d09799e6661adc0190392	ok	71db9a61b6206a68624b3bdb5504d4706f462ab25049cddfa152ce8edca9a8af
c995294cd2d8fa7488c8de165e0b6e300fcc998efda500d258692126c7051b2a	ok	3347293909790d707536c85e1bfe5860e64718fe26e513f868aae93999a14832
c9d472f509fb1868e2aff15480788f906fe928ca237dc9a92a8130ecd7b87bc2	ok	55686cd59dc84d81a5e1d128c5db02e8d0a720098361a6cca3d5c0490afc5d69
c9e791bd8673f10488e6f422928331c8842958ced6554633c3899c2e6044d88d	ok	69d5ef0468305b47e7d9ff38717c8b572ea68174d9cebc83c5f5a22ad55abdde
ca1e346b69c00641f346f0ef99768a441e3707962b596e1c20742db8ac5764df	ok	c77cf730fa088f3d6c6314919a610157ed33255489fc3896178d9dea0b0056f9
ca3cd8610eaddab49a13a5cc5dc398b344401f7b1871e56c549bbd71c793ed5a	ok	45fae91e6587314a6d22842624a9035a29f11e39ac7d366fb4f850eab64110dd
ca5d0dd5fb51cf05b1c23d660bd47542ba5cb902ea11debc301262674b9e13f4	ok	dfef5f291debae215dd3e7b1f01ca26796663769cfd4d53630db9de4f689195a
ca630ec5e7c353fc2b70049ac15ea5aaf54e30f797b64e5a29efe66a43f70794	ok	34aa4a4c4c5fc719b8d5df4d1736e18e1b074de7d16cc6642adfa5b69d6fb05c
caaaf9d7c0aa0a695373c1305d6df200bf7a18be91d21ec485faf2447d16b6fe	ok	b9841974444a6595a532e04b6094ab13dc429da0bc5872acbed3c3ef2e8e3c87
cab6b564fda7bbf51f98ea55f2deb4755c550d7678f18d5bc64138e1f9ca7539	ok	135d7dcd0be15a500e03467d219c01520b6921ee4508dda17921ccabdb37683a
cab83f9bfd37e4d199afec8177857bc9591db316a243b242c4b3735aba80aba1	ok	fe45a2040dde08952ffd3912b1f72a79a4e75b393c392c90700613e2e69e46fe
cac6456590211931562c22dc8fa53bbd53adea386d4b1630b5e2c8b759809c96	ok	f1832aeee3bad9a9151f73f1798c2f0a029c1172e688a8fad8a0b488a96ba9e7
cae2f05efab94dc5eda34a3e65b363c746df4b77d202d8826b0d2b12cb8fd247	ok	04a042fa2ccff4a0dc9256b5de45cc396c24dd8ba2dbc4aaa8b185f3fded001d
cb1fffaf85814698234da3c1436b05c74e7988bcb05cb8bbac785c95860600ec	ok	3923dee175c29f0026c89085012d72d4fcc5e876a72d64202c95ed06443d42a0
cb392b8292103bd35e6ed8629284c94ee9165f5e14947783cf1f3984140c4ef9	ok	4d2869f1958088dc76c6434c82a7817cac9258d25d9ad65fd200e908f19175ea
cb44b628658ea8bfcafc452659cbfa6548a701a20a5a79c6929c6866a9ad29ca	ok	c5f3f95886140dc19f1c0f01cfb9b7db5ae975d815ff1602cb4632dfe6027c23
cb46cdfe5f5353896fdaa5f2fcca98a5429ccb0f404d30c445c4da84ed85bd86	ok	2d22027b5e0cb591d778d89327d326a2e045827823024f48337ac3ffd303bdd8
cb4c713814335b35b9208ae43d16f7782074a5100b745da4a95e33ed343fc6fe	ok	1760b0541ca2f71969a259619144df6d05782baff8667805c5b2298c9235ce02
cb583ca9e5cb4a0a1f7b70769b8b4d2efb9511117fc0e4c27f55e294b4544ac2	ok	4917abd6f9eb409b46d72b27adb50ed983a346ba4a2a661f28ff8210604c3d03
cb5fa6ed473bda6443657c3f7740a3bb009a080f961cb2a1c85105900a0fad0c	ok	3e6ef157650c69ed5895c8fbaa08222271ac26e8955ebb2711556b357ee9bd6c
cb68f57276243d5d338ff1e9b4e67bc5bf1680c26736f332b52aae073613196b	ok	594a44ca821ccbf87535a6ef8121f3b35f841304aec84d6eee444dc1276cd5bb
cb720b6e4262d99cc66dc2c77d4766544cc903b441ff14008f41ee56ded2ce47	ok	e407ce4023966f027dbe46704f9fb58fd1d8e45c24214e041422aff1b0d292e5
cb7c3e9b03aeda7be86953dd4e3730b28ae45924f0d7748a79f5f4f8426e3662	ok	f8ac4ef361b64b93358aaa5749474cab991e9bf407b7d40007d9acaa3b855314
cb895fd5563b4e699835287c736b2f70261c8dfbe41aca8c6225d07b04ed833c	ok	0191c7524dfc9fa92684cb97f0e8fef5df583590dfddbef21fb569d3073e53db
cbc0b63d39aa375146c336fd236132baaae8401c90274a6a4bddf2dda04be82a	ok	0968a13a75c2cb5a26adad2cedb3362ba3962d10d2f5f54cd23bd7f59640d800
cbe22b18c3d99577df6e64af005ac7c91aa45e492ba3d6e83ed4c248447cf067	ok	dc73341fb65949b02ee5027e7d03675151c3ca3cde873e822e8624ede7e89c3f
cc4251d903e13d27e314809f5b18da7a715b08a446f548f38cb829e0c154c6cd	ok	5f798a701e0e4404db7367bbb22a5fbaa800a0c52915da96aad6a67837310ec7
cc42a45e2acb6e9693c014f8ab9d90a4fc2999549af1fafdd5c97166041588c2	ok	332c1776f2092a97aba80245a1b40ed28ad720e97e44f16ab945cf8a18568007
cc59dd0707bf417a00d1c721b2ac39d0c4f768e2784044e68ea71c2e3a8f47e9	ok	f3da4efe6cd12a408565bcabaddead136409ec676446c1d98927d4ef1e7e7cc7
cc6c3b6e748c7027fed9e3f8829fd51904133bd4958cd7532c036f74af6c16f2	parse_error	-
cc6d36716126a7c254114a6ae740cf9eed28ee17455ae7c16febf237614a0726	ok	e4bffb5edd8aff3999759ac6d82d2bffd3c728ede197a867a1391e4a9d15dd47
cc924c15df6161749548e5058832692dd58497e77c4fe2e18d7fb2a56c2b07b5	ok	b95ec1dffe99c6a6b930a60c2d2f7871a70261a1a6b1a6789509f220e75759db
cca6d377dcd4e08f49f9d2342927e36ef22fe38d8f030894eea745f6c394fcbf	ok	60a4c8149242b9db263c6425cf41eee7b5112f6157dacc296891414a0b353515
ccaf58b0d2305eef99240bc121c3b3d845d9ae383b9ccc46a787056bb3ddba30	ok	bfd3e132f1638178c7071a3e1c6128da5a8e257e3ca356055d1dcb81e7f56e1f
ccbb71a7c4e9d3a96afe899df80ba7ecebb2dbcef2b8625b32f92dc1799a5579	ok	57926de312d563a4a1d7139a4660e1e007859138206efe29fb7ccf3c635959aa
cccbef8e1d6991c10e35cc696024271d08662e5e86541dcf9747eb0132949fc1	ok	05028d52cdb4318c4433732723b43ea0a25fcc82babbb41fe14445e0f0d084ba
ccdd08308061d73ab10a9a250b964ac6ec9729c7ae4f150b8cd0f9c9c69dc0c2	ok	dcec9446c901687ddac52d5887e8bed6566df5d6156465e5346440fcc5b7976a
ccebc369fee1382ee1919a31c058087f7cf8d86226a2ba11e4d954662ce4f315	ok	150530bd07303d460b682693e8a1a34f9c4f8154a545de05daa3b4e1f41abdc6
ccf2cd6b4932419b4e7ff82f8fe86fb2b7779a27aa8ab083682e42e5b47d0e67	ok	3898fdefab678f5ba557ebacc9b2fa13ca13ba225bc4548559dc67eec6f31480
ccf419f733d850a2cfc68d6ec929258ce89d07ea1bf50dfc0a7cb96b96c188f7	ok	275b19b00da59517dc134a7f824489a344aa5c934ef2d32b57c51aa51ef980ed
ccf9d7a82394967cbed49cfb01f8bfb992e56f862c34c1167e298f287b411e29	ok	875371c7d0024c474f41408fc44e684106bba04ba8b25a610f3a14fe2b9eb7a5
cd09366cbd6fd5ab99abc47603ac568ce59eded1abc5b4551b4b9cabfe18952c	parse_error	-
cd113ddf793bd320ee76fa1a142020b4c382d6950bfd35cf6da5211ba7857204	ok	c6ccb08adb693e7d902e3c46b92cd91a2ca0bace2029cd3f48f90039ab41b7cc
cd17c38129abe2b0cdc8277c510a52e3aad7ee77e62d581f62f8ed31af90effc	ok	c52929f12e328443ca7bc89bb584ef403601045135594c39c566ee21a0cb506e
cd24cd412fcd049ae68b0782a9496576fc6caf23f48c15cad8dc5ad7f3ee596c	ok	b7cf1b2f1051e8da788c2b5841c0c6212986d9be86c039176cf2b4dd1c96a872
cd2bb00256cf3bdec8534cda0cf3ef4f90a50827b01f5850032522deb3aa22e9	ok	3313086e7851fa38e1c0274398252354e32378260c8ead7ea2b2d3b5cf07f557
cd2ccd7a3b9554628b8f238d8a1fa8bf0c065b43907b6a185a060e27a9e7dd6c	ok	57daa34e2d229f56955e1e9c962510055852f808f68e4890f337fc051701a282
cd37cfb13f343bba402c23f582fb62e39c6d77a29c9bbceade83f41c6dbbfda4	ok	0c7700c6988b3138d45d2a425bc52c62b0d9ca56d2e1b684c989949cc373e57c
cd37f8c361ad0e20cf3f803dd2139b18404fd1f19127307451885aae4017796a	ok	f3b213cd28fbe5d50d1b5efc0bbd1f6bf07b4c5567cba3c12f826389fe236f57
cd4ac89952f31a93be2c817f71c6f595b098bbcdf2bd5985aa93edc4ad3f5a65	ok	10f878296bdc7ba38d07e2ca8ff415c106d12c69beaaf6397b54784d9c12ee47
cd5169fa07df4b152f324178db91ef69c60efbb7c9ae0bae9a127a489a69ede4	ok	8f27717c72ac241af498932aebe9ab4a7eba73aa1eb526dc81ee9bb6836f9245
cd5b95e9a66050363393fcae67eeac17395cd6bb5d3765c9766905b72bbb7483	ok	a5c2d60b7daa496f3c33a287ea3e09819e1e096345cb4ba8f186fcdd2ad9a80f
cd7a4d792151cd3559ef4ee7d687ed0cb92e7c610668429350cbdb66b90d8bf6	ok	0f52d5aaf53298f5627796e1efe6a820a8391650e46648b3d250b631b0348cdb
cd8abc014964f31ca3f84aaa83d95ca589096605a0964625d6c0a331dfc23fe6	ok	6528a6802d63163e5c26b542ee03471976b7b0cd781cce1334e3b4ddef313838
cd92979164f3254228f2b0dedae9726ccf9a676c76995e28a4eb39831c2230b6	ok	460a85d683cd487dfa8fd1ce0cf28d249701a10af42936bb89da97cc533d7195
cda1c0ad1f8fe5cedfe72108a74dfd76e746845841669149ea37a473cbdf1f43	ok	187deced8870b6548eb4bd416c37210058ae72e96b6d9476b92543a9338414dd
cda5e716ff6043e451c400475e7f7ef31474c537e519d1631cba9a6f8894fdf4	ok	e22c37d218a47ab31752b158588095ea255775d4d0c2a6dda030c16ae9efb3fb
cddc75c0fbf4c0af9c3102667ac94cd4e6c7beb740243848f2881e038b3eaca0	ok	381aedcc8980dbb50c2cc33138dccc4614e2d11b878bdbc925a9e987e9ee9d12
cdde7afc04a31fce4e879fb5c326608d09d4a3aff728efcbf388864e4db70b9c	ok	529f3565dc39aadacbe325fd618adba154dc628ee42ae95e230c4f47bd78f63e
cdf411b072c9c8e06d65964734d456f2c4468b6b6bfa64ad2e8944b9c96ec1e2	ok	afb5b24ae12a29570ab1625813ce29fbbee7202025904546c9318d7525c26cb9
ce2208d396c947c70ce04af86862de61377919348f9c20f8e3b155ee7ef9c137	ok	95d0dfedc9fe5cb955c4b978aa353180f6aa0d47f703392bb761356878f1f844
ce30ff8e2bff2abce7edfe089da6c4be3178c6529cd3f21f7ae732e7cb1a7b9c	ok	e38951979c8d1e1fc77beace978d72ed31865df25cd5cee8885c43e741948668
ce41a9116a62954453c1720830ec8e25b5e000534f78c6aff34d4f7ee6929b77	ok	c1e2d158eb5f4d5944ac24fb7258d2979962f3c16e3a5e590798e96828fce75c
ce490c9d76b3b6749f5e0e4da0a83fa0a4f240a97c5c4c6d4d527cd1f69c95a6	ok	faae2297a37b46e9b4c544d01b0ae834f78d5ad56e06ba269b511cc9c16f6fa1
ce77299022d38d2ff53e265c1f289eeebccb6c852500bef0ca7333844786cfd3	ok	ed1205a4387b71bb43ef776a72e92a45deb8f963f4137b57d4c732f26aba3814
ce7cf1051dc7baa7fd7303ed4f957ac3dfab4321208ef9eacb3779c60cf9451e	ok	d4060dca06e81ae7fc51930e27111e8d4388fd11f17577125974ba71ef1e3d7d
ce9f408e8824b02d0a5cd068ca36fd64e7d47fa4560708edc81b3f5ea8d4bd87	ok	ec25b30e006d186e11d6c7ad10581eb76687dc16e67324c0ad58ece9e4bf957e
ceb20ad92b7dd5e8ae44e1507cedc0fb69dfe23b46c955292dd909c11f7cdb60	ok	c4298c080c6f92eadabc56ad30214345ea5c7b4222fd11230de83ce75309848b
cee1adf65a2f21844b5af355c23b01e73f6dbb06b137f5009dcaf2641a941c3c	ok	ed8c2c783ce2eea5e2cbe692a75ff0db8f8e0532f60ae639afa1fbc7ad9d2735
cee8daad581fd67c3a1edb03d0794d53c9ecd6e5bab78d9dd323c223deda5b17	ok	6a05f2c365e941df2c2e97b3a783b3650008a5d36058d53cc17a403482cabebf
cef40e944d9789127816c076117e6d328b58f36dee25ac652f1c3c96c75cf9d5	ok	8bcfc2554ced932e8669bd6a61f7e0fbcf8addb9bea08422c18f8c851f8aee16
cf09843dbee29515ee422488ab5d30c2a979955c4e81b26ae203edae027852f4	ok	7b049e429141c9accbd37e5b0af0365e4532979bce1c2e0cda278c61e1020e18
cf294b8c9ded14b9868cf1acf97a0f39b43af9cf17260056881ce03459448236	ok	4338a57a4f14144fa445b9738fe25f3e6409e940dfc908ae044d5c55721ad90c
cf2dead1f931980394580c9c79ae4e6bbcc6badbf04be5f53d4a03ebc45bf9cb	ok	207c7be005a022bb7d316eb5a38a66e309d15565b63c768ccb5b89dc403f045f
cf32abe7455cc9ec940ee83c9802aaf7cdb9626544493346416cfc295a7a1f19	parse_error	-
cf3a9caa12dde41965f727540da444d05f70f71736af80f145d060d3ca017522	ok	a35fc01b9a9b4005381007956c4aaf1e90bb3dd5a783dd9249789bf060cb3f0c
cf4654e15a11fa5c9591b5f4925317cf366cd3ca99bffa8131196418b58fec87	ok	23a3bb02136f547606280a4b0a326402e40f2d466c4d5192ea0d2168f30e264f
cf76ed3f13149544dd5b3e0049062b59228115533580c870bf3238178289e3c1	ok	5f9a32d08c0d54247ba8e1efacef95b047f93718684d507953323929ee90718e
cf935e0a4b0907100bf60ca5bf75ce0a6f719d426d702ba54870d2dca4cf2a83	ok	bf892a5d66537ddae4185f093cb41cc35a07d2172c7fa032bdad9d32d4f25928
cfbfdcdfc7d12435d0cf12570fa5432baa1d0694f62e31dea9f8b1128706d2e9	ok	f0cddc42b660bf6feb7a53d0c97aa1a927223c6885cfb189672e65836217943b
cfc0b34a4005e923cc79d3a69a519e0506eefe20c384a5dc09e5ff1c9f34d600	ok	80aea9510d13959b78e6e840d49592798aa343138c3b87b5bf3889ed1f51e935
cfdd4aafc914fa730a44eb61f6ae9d0ab515f2b42722fa1013d9ca7b68536522	ok	d345b17226c9ee0a46202ac17f5e1faa6c611c32247389e1d45e7ee78636c806
d0058fb350965537b37a293b46f019de3021a3fad3db6c398fd16653819936f4	ok	265698b148c16d63f1feabdc595c8240253974d31218d77b04171aef3e206713
d02188c89ad854551d8497806048fb5c089f130f8f58f84e7f76d613334efd06	ok	be724ff9bf7dadd2b9cf3d69ceba834771f4b9318dac38449a4bec740c96ba20
d03b2a638c0ee4663662aed0460f94cbecb9466498d9babfb2a8531ecd286109	ok	23cc88d83cabffda3ba152863ee90f11424a6ca6b4e6ce7f5a50e370806d3018
d044eb24916b8f26d4d471703e1a60d936d611257998b22d38fdcf7e8f3926f5	ok	a6a156d49926552cd67d1515e430a06166b0c5121fbf3568896b6564c07eae15
d070e8e5eb9b49242f66cebc9014982ae024c6a203b004bcb294126c5eee5634	ok	0393ec96b849752fe479d3a14789c0ee663f280c55e8347c89528e8f1281b01f
d08fd93dab2778eca2ca5a30c4fa365bc62ea4e35b006180e5c20d7b26b43ea2	ok	45af6946d86b70830ce1b02ef01b46ac367e031f0207359f12562d1bc93eb751
d0a358687a13e3f82bf63d8b86fe799dbc5b114da40aff725dd51379db017720	ok	0f7d01d8d5093275f108c14fcd1ab21b1f8f09a05e31f06279c4d7e0958afd76
d0c560c29e18d6df2e5e622c38a607ebab1bb3d7c1e73c6baba05830a8a90a51	ok	52779a4cf7279db5349702a0b5bc810b3e52226caa6ba49abb2c0b673778a56b
d0d565d9a40632f2e836ab084ee096c3591f7fdbf4e19b5445b6f719658c9cb9	ok	a519464c2c0adabc03ca365a7ef824e075aa3309561df9e99551923937f318b7
d0ddecd4a7f84af8ed5a62a41f151ae16b1e973204f018f1140571bdaa12178e	ok	1e6b0e28371b697dde26fd7ad12afb7ee4bd61e59faeaa3e61ed0348b4a8e769
d0ed306281e4d2ff424ddc19824eba674ce3a69664d5efb24ee6c1f88b4db4c0	ok	e161e84b590ea24d24b43df7f6a2b26080910f78b89e9d62d63cfb82bc1e1349
d0f0efcfb3fc05953e99c249b503e626e1d1139859fdb9fa5152605f49d009d1	ok	4ad2b02ac63e45dd6371b1a5d6ccd25b5ef5bbe5968793d9e8b65c6f8877743b
d0f46a2b01138ea3f1443952e5960d5c80e9fe1ace3da4b6c7e3e94fbb845f68	ok	bc7e42173798d9475d5b4e0839899770c37a9e0c616b4c20930cd716cb5c1e62
d0f87b80cd0fbecb5e7682d7ff18bac6d68c8eca24734cde1aea58f44dfd526c	ok	c017fc57e4ca2c1ab5f07d57935f8f1510088316da37921db3dce0dda558178f
d0fec0ec97d9fa6b4da8f41edeb71100921d05a0afeaf323e55e732512a1ae4a	ok	96bfb3ad65a4bd573adf47ad75ef0b311f5f1fd919d22b873e74510542a2f3a0
d128fdc3e5fe550bd23937c461ec3765789a3d0695d6ca74acb68a1f88316bf3	ok	cf69a069dfa7c0676484e91ae6141c532ad147559ed96e53c87aad58811c88c8
d139c93c00895d1ba49c3ad0670fea5f65d25d8f6d9e6cc0b5059922508ee9b4	ok	95bbe5ec0121bd8701047c0d180c8c0b25ce922093499d98f57598266c71d3ff
d13ecc5ab8eb49ed916c15f34773e47c50ccf538d00ca0f707f6d438a46e327d	ok	f5dd9c173c53bcd60a43409501dc93f75417f97a273cd47aba84ff1d53969526
d14a01af13f215d96dac896c244bbd8bfc36a58d70fe350c923c97de00d5694b	ok	b199143c40b261d8163f12507c3fe8343d975d490180d7a7fb7ee9ae8580ef1a
d14bda2d4cd2e39ef8bf9fc52c26165d1915c08567f78617bcb5363ca846d43c	parse_error	-
d1642230d0841532dbea2b8181f9ca37e75c72559d23ab0c3d538c21c9e78b6f	ok	0a31768f5d3bd448cb28c762a6dd74cb36e5f86fabf08eeb8bda08faeba604cd
d1794899373bbc849081b013839d0b098b45639417ab168ffc93988c63aae6bc	ok	f1b7de5845f77a3192fdb201f5b6166ab61bd6c2608890f60fcfd72ee0dfeab1
d18e507ea05e9d16b6d7d0a0e27bf461a7c21d17aa708b533851159fd4f753a6	ok	7345e612a51774f5817a4ad43a017547dd4f999970b7faca6668e21170a73d48
d1a9a32bb6b02ed87253ae9772392f239f4a4052ff0787cfc07a85b9ddcfe850	ok	285fc549ef3d9e092c9fd3cf9d72bc72de14783e67c590d24c77e62315d95023
d1acbe5cd1ecb4a810c7f8e3382859c9d7e84a2d3bfa6558982ed8f4a4af783d	ok	12ea700c84eb8208f476322991aa209174cce0d6acda2d8e33888aba1f52b264
d1beabec7b08fe10b676c53d0f312c9abab0b9f891c52253daf08440eff04565	ok	a3262c9e6d882e56753121575dcd247db967ab0b1eb8b594be884b8318576fb0
d1d69578f0585de4045cde6cf927061cdb6b9236af7eaf2d2c0fa00d3323279c	ok	ce2cf5dd47c364f3a6a7982fca0074d390b6ef48e4168f00117d4a230fdadd5a
d1da8679322771dcb7f643b408fc921f7a67b1a41bdbe4b7beb0fa80c8ce46da	ok	9cb1f57cdf4bbc061c94278d4557d924a59455b4986433e318f6b14b334adb19
d1ee81bc28d947d9f2af1acf593b5166aac04c2672b2be20898948c5c11ee07c	ok	14ec0abdc3f4699b9dce2c6a18128b94c29446d6a6c9b72728decb2c897bf295
d220e491cf204458a38c8296db0f5c88f36d033966d80b5d2069a9debe87f83a	ok	f9c5521ead844cf13b5bd0dd11ec47438416c9a31aed2ce531d9119ef05bf344
d22812324d937ff8940b13dda39259e30f203f1c2a8b4c1d48d7ee6dbe3686f7	ok	92bcb80e53fb91457a00955e3db4d723f3155cf5b2fe0ffebc789403853d30e1
d23a1b921cc2e258878b812c09d98b88b7feb8fbdc3532bca332ebc11e5a12e4	ok	592b020c2bdcaa659d7ad4024f0d9e3070eba80a8e317d109c8c5b6299361f96
d2429377f4bba3678272c2acd287980d6d41ff70ef394f3542911e0af63e5e7b	ok	efef67f0b3503c71c9236f2fddc9de1f71506e411d5fb7f06a46238874d43354
d25033b8b16b38eff189190e94b4f6221bb4f28e2b15834e2256862d101764b0	ok	b305e20527de211ef1785f213be93e0b679a86960bbd4ab228665c20932cfef5
d25aa4ec61c53ad4f47b31b10a925a0ea94547ee61564246b575121697a3b7eb	ok	ad84ec193f326cc1ab8345b413390dda27d36070450cf5aed239bde267813ab5
d2666cdafc92736c1c2c06f9bda7f9c0a40258132e04200d2f19124b8fd814fa	ok	9673c3824c4519f7f586e8810644a6c8c25f0e5ecb5a5dbd3db8438c2c9623b4
d267977a8521cd87e2f2e949199d6198e384ec6697524886a94f8798f4ef6078	ok	40d22df5f5faf4cee45e33292a279411ca8b744a4ec6e078cdddb2e105d8e213
d268592e01217ce02d30fd6fc0dc5907e6083dc7b1ae9b4ebc4f01029ee7fd0c	ok	7ef26b94ea8e356ebf93b471995cf90fb8659b314504a83837f6b1d9b68c8525
d27f243d8975d7f61dd003dc1b251564380896c6a6225639d75ed281c9e82e69	ok	416552b47098d72a401b27c77a06e578c6d45a2fad838aeb4de3faf8da0f4e74
d282a587af16cd8cdb16aa263d8f1d96f7d0e6d98af1576deed9b419eada5978	ok	d3b79beadbfb3e94e744d8be63cc2fb224cbbb263fc4c3f6fc4aefac5a038904
d2b100b3c48fd5e4a89deceea19c1eca5880ccf7898268994d932a278a0e3c24	ok	b012b36e0f2db55f95322dfe57943f1b3083e84be238795361d96c72de4cf198
d2c8e9c4e9a82a72c49b7576bbb89676019664d9dc94f0d3e122c76ba7fa07e6	ok	9bfdc38486d957e761ab3c078b9dc46484629fdb545ff5f6af2d5ce8ad7c98de
d2d0601d9d2bd7dcfd3831a15137d4780307179644a29fbf01a3b5239816b177	parse_error	-
d2d2d2dd5db405184c98aa09130b73d8291c8e65f456ebece968d97b7b561435	unsupported_shape	-
d2e3756e1362fd4460878116e267398cffcf4c8e3d12973605b77a60f4e8a41f	ok	05802852f7c22cfe9078a3c0313a20f3db39a7684e71de8230a1af94112275b0
d3326caca4bb0d83153346858c3b71a65b0b6076979dd9cf55a60c0e1449b22c	ok	28796a55ac7b7295635ac3481f0aab17504110e281efdec6416610a3b99a588c
d339ac48cf4d5c447fa3b60454daeac18e13af6dab44fed61c377b0e8f978cb5	ok	77253a6eb65d7271b9c780db871b936080e5110e93784d638100107e735a4274
d34050e680f3ca7f00fbb84ac483a18723aa5b51bd31b7b8395380e121590bf5	ok	1dfff4f1c9eddb114f6797056d225e5521765e23e3b5a537493b2d1713cf03fb
d3439f5a22eb1cf7ed61d68cb423a80cd993afc61167871a5b8486a23fd21c30	ok	b333703f451033a0eabf07efab394ae30775722d702988abc5eca796567fe43d
d347ff1ad59a6dc02a024e7971b75781fb75a218057707cad3a65f647bb76680	ok	5c60e1864e0e3ce1e537f7a1b6ce1fdcee65d7629bf5f375b4465b9edd047ebe
d35627309a59a813b104924c2d859be90122fa1a63cb088f005731d7237a79b6	parse_error	-
d3641307d515a5920b8ea1111ca989a4b60ad728cc60c4d4c7229607be135c94	ok	8fb08dc75b1eae7f409f15b456b64ea664d050a38f1a1c63f9d22b409715b58a
d36524599db142f9cbe3b62fc90a7e7ae77f0360c92bd4c60eb695c3dded646e	ok	36936b83b906b7d8df641b0e40d4c593de20da9d67c4dc5cc61412d7e05c3af8
d37be5405b52ec4e7ddbd6c6f1888c5d603a4e92043b0c390c7e08cd67ad1ed6	ok	d434264820d16744aeb355b03b980e6269045560fee2c1fc049733ff8e812a18
d3aaf43aa2ebe690c43da0a16c3294234eb248dea20865868b248abfa7485bf2	ok	dfef5f291debae215dd3e7b1f01ca26796663769cfd4d53630db9de4f689195a
d3afc2b40610bc5ea8fa918e46bccebefccc1fc5a6418f10606fad8b335aed7b	ok	094ced63f88eff247ca10c174387fb2ed01f11dde3dc70f15e147a0940be6a0c
d3cbe89fae8c61090e21329d37570c390a14bca52792a06855d1a194c391a654	ok	82a10e86e6700d842775874297f3e69648151e007cc2093458cd9e7023821b04
d3f9ea760ebe8b186c486bb87f363abd4d1403c640c0925344e8291fbffbb554	ok	4e4a2f673eb6a9155806eaf737573fc36cb46c4fda4fd69b96267f909de2d6c5
d40279911a38b38320999f426dc179e557da804634dba41a6d64061655aa0ab0	ok	748bbab6594d715b9380afc7103b1a3edf3ebccf1f8f536d8c89e726d2807e1b
d41f5aa46485243a6f7b89ff69fe17a1a193f7fc25741949c83b7962ee78b607	ok	8d7c3f71c9618cf48f298f1f84daa02dd5f96a297bc816983a096db9363db9c7
d4245ea55ea4efd272d1b2d96ba7b790fdf9a35d93d34575135ea0f6f165c1de	ok	9dd737043428049db244a4bf96c84b4de63384428349cc2272466efa60314dc3
d46e8971b57017d310889292c53df567cc84b44978fa187e5ac3261bb978dd0d	ok	ca3a04ae920aae0f434396e630cf3b702505468d506a4a0b6ea48ae0587d6f80
d471ce8ea8222cb437e0b3dac6e5d4eaa08314c5a87687fd40d8585cbc8c51ee	ok	0d51f33985603dc81643e44b9f25bb6c5ccc09f929f372dfe7f7773fba57cfd8
d487e2b8b45cd958ec0d2a9af138cd8ca17ab58be3289ecddd2be969ecf7fbe7	ok	3d948a79937d445390b2b5a0be998fad9e094cfe47a90dfa7b2b73a43d21eec1
d4a1eb6949125057aab38d5705bb479f266778f69deffbfff85322f62eba8eef	parse_error	-
d4af50f7b081476836083628ef1f142eef0876733d8e504093ff36453eae62aa	ok	5689f99c9a71c994fd754c6e0147bbedebea8ca404650d1daebf2d32ce12a65f
d4bb76ef1d4ca4f14c6d604a413861f225f00544d3c37e061aa5880bff36583f	ok	fcea6f9499d43a55c7178b353f5e6d123e674f7dbe360c1c55ba4e5204cc3b1f
d4bb9d677d2190ed3676d66a87153a8d1528a3f740e3d3a46ad0e341d47c20ed	ok	e7361f36a69c2a3e0bd40b1f44f294501368b35d7c60eea3208cbdccd8212af2
d4c39816457da50f9804e876d340a0cd072235b8260a11ff54e6da070e8fa892	ok	e2da090a3f6fac02276bc04ae12f83a1117b454561c95c6f4c1182272a2acfe1
d4d345ebf96867ebc564ff614de8f2a60b7bef8c572969563b8e2d1f2499f151	ok	a98b854a228196c1b12a43c59ab184507850a40511f882052551fc4eb6046a5f
d4fa7c92551583d74672ace82cac2403f04bd2a2a51f9d6fff2409975cc508ce	ok	ef67d72c864922132b0a508253c2b19a0734f5600bb940e1cfbdee49af89f2ed
d514c66560b0fe7fbeb177a8c5f3b3f926e4a2ffbc1694c8dd6accd3ba7e5632	ok	d70692eb82befe1ec934ecc1b27cb836d4faf35d90c78527fab2857ce83c5133
d5177fa836fa7e6f6872a485f4c2538409fd481cbf70fdea81cfc09a6e2a0d47	ok	8758ac4f5fd344b24815cd3519fcfca5c8483e1bbb1000a3dfc3d06a63004ce4
d51bf2c13e178509d9820a8b9eea2982ce19d3e9cdb13119dd9ebbac6584da61	ok	0c87834d3aec939747aee6454676395a0b6a1328060a05799bc140070856075f
d5270e7d41b1f1a026eed4d034ec33703c71aa7e44feedca4848b15887087b9c	ok	5ddeffd364ba05a858187fab4998149546527aa7c3b8bf6697db6afa7a0b0d6e
d5325d46e95b31d01c9494fb57d3dab499a4fe2b69612ce7a2d9a5e79244f71c	ok	708c3eab6b3ee2d7ed333ecc94cd29da8a912c0337b9de88e61c596daccba280
d53d9a7e986fa6f62727819ea727eddceb30cc77a5a5f546e29e330158d5132b	ok	fb082e9a470f57168652cfd0993ce6cb4660611ad4f107900b34bc1f6fd00298
d543502f7a0e2ea2d5701b08dd6c2ddb6cf10b7e8a44ee2e60aba376095fe675	ok	ae4eb691ad10925e6b1e4c15d453f6e8b6bf1e202c62d17f5cba219bf5c21265
d544a1659ccb17e3d4e80546ab2f884a5f8de3fbf0a4a334ab865ddafd94e82b	ok	99b125cc4385d28492440d1d67e353996736abe631c84b24e5796035e0e22adb
d55a30be5670d44b328aede7932c395165edb80d3ca41b4e0857101fad39a231	ok	8cbe01ad7c9ab0dc5f0b13d1c41cbe0defcb72face3291e3a095fa58b1101389
d561e7a71ce9a93b0d1bde7aeacfdf95704640f0861ba26294f14f3026111c06	ok	2aa6fc92246ebe077175bd2a4babdcc3c3530f3bf82b7e12897b010f47e1416b
d571660a8622f12f36d26251f676c71d28182fd4d062270b77f45d00422e61c1	ok	9c8615472ac3bc32d6723a038f0e9f99607bc3a97a4d0759495a2c49efc86cd2
d5a361413fefa10bd1d83ce617ac845de047768c0f7db6c8ab2274592dca67d4	ok	8f2f2938ce7a66df2ef8eea7c600abc4b6ad1d9d4fdf46b46aba970ac36d9f9f
d5ab9577fb592f9386c380f47e44484e7e7a4a4c31bb32a10085ad57e0971b62	ok	fd8f355d24fef3185d9265e0dfccd378b924eb9cb117a44ecc621190bf033d6b
d5c71d6c6a9aac97609c02ddb6df7d9ca7b25b75c78b6e37656d5dc8ae8ff621	ok	7d0d460d15856a02ddf277b0cf52bbec13d7e0fd4466a1fa9922443b6ba79e8a
d5d8d94cacf2f245ca9e6a579098fdaf72f6f24896af3d0da4e1a7f5c329812e	ok	0d15ae945fcb57172eda59698376fd6131e149dc4b38ed6fa06345346114b6a9
d5e2d5e77a7895e86debb9575ebade920bff16870791045b43bed246b87b329d	ok	3235a9d113b735f579bb562bf54605c9757ac0553b826954868e5d7d1649edaa
d5ec6c89d8d32dd1e2a7040951e7cc58bfe5fd5d72641b9575305d18be3644bd	ok	f98843f8d0435d719243711725e9d7787685f323f0e5100c33f575ce97933dd0
d5fdd1e170062d435740d035c49bbbedeeca7938f388730652705d402f7c57d2	ok	e54098edb1aeae89bf770bd69c53597bf7b1d6d7c09a783d491c39abaac010ae
d604e59f8107aa3aec487bd9e0db7b8f7f3575f1a2081e3df80dc9c2e2c29527	ok	601f3d146d063bc7bff1dcf7922af33457ab444f53898494b13a9875a5b37c9e
d60a8f35f27d6d6389b7eb051cd23ac73b65330c2f889edcb40e60ffbb736e77	ok	88dbffe3bd9394d914c7ceac833715ba270d144c7653ee22e855639d9a3c2f8a
d61edf05e8fa058a632e12beda83def7ebf044406cf8d3fc78103c1bf96c84dd	ok	96b28457883e6497bf897f3a867a873caa52bec58b899847a8369d556f92ef88
d625c77585dedafc3c04773f8be8652f657b991568c1ccbf60109c49f75063f5	ok	8d6f43436fe08c5cdafa96430509adbe7e2523411de46a0f5d168bf77b886afc
d6358d0c634bc54ba6abb4588cf9545f5aef3ee039d18698ef62e9be9e0ebb79	parse_error	-
d666eafc85613ea4288f2d4480680057b42a2eeaf5cb4ce0980ed6482847d0fd	parse_error	-
d670878a43abe02b736b83cbc45cfd7bd460ca8952b4968da557441b22f1bc88	ok	35eede1a4a09ed06c99a485d5734d24f3dfbb60949c62673bfc77f5e146fc870
d69449de6f9030e957edc3394b3679eb0415756a92ba3e65f1a35bd0149cd736	ok	6f2f25ac18e5d14c92abe3cee5a5e1362b6c631cd141c295c2230e37fc32228d
d69fa63281a865e87d79e943fd870e873ee38902b5360806a6d78808445f27a9	ok	5a870ea3ed0713137c991b04e382e70b1b1fedc46554aaf0d1145c842cf46e50
d6a5cbadf7e2482c2f57c89d0105c3d5de2b740f988004bb9a1d2257cd066c3f	parse_error	-
d6c3a84b768218b36866df63a134d299fedc2387a55e48a8a97bd5a7ec874d1c	ok	d98cca3b0a766d9d38ae2bff704d6c18b017da9f306c1424a06c39bbac939381
d6c3c8b4f92fc736efd15aeb52952e01f424db2a1683115416414f05d7a90af0	ok	dc6121f331ae87fec61bdbc5b93e4cfb09c1bc216845b8a3f946267e22011f48
d6c913a64115931c731b5df7530d78ab49dce9ffc11883035d3cc1393db79783	ok	921279e4528fdb88d65514c5441d0f0034f92e57fe337568f25ea04c9ad2e6a8
d6d34b473bc48ac5884a78a3cdf1accf71c3a292edad653535e2aa2e58bb03e9	ok	402034e5093e6ec987f0129fb974f3ba05c0a69459046f85abc65ce53cb29405
d6da0d5ea3e420bc9920675b160f8a631858e7357d51ac4201f8ab346a7f8948	ok	fd26809d99178e5693777c93ec9bdae49ba81d20530fa9eb8606c3803bc915e0
d6e001c42d25328353ca09ebe872b0481116b4d4733736fa34e35253b938688e	ok	81179532271d5c5afb3792db369f1a47dc6d53c92ca0f8fb44aacadd3e4f9b12
d6ee8d72030b327672e860dc1bf160bb8719e7bd172c1746c4ae12f7e8700e8c	ok	dc32a2ebc46f53a80df7de605620714c2d414e91fa4e9c7793d6bff5a7dfc9c2
d71efe4a5dfe648d29956f97b138408b3a394dc066ac3a1459e05050e1516c33	ok	5510aafd4a829191606eea120bd7fc0d6c320ad27309be5fc377893b469bc5bc
d751837ae4ee90569a5a7677b072499ada8972c635e7fc93f2d396b9ff4d1ec1	ok	847edd4a04ec9dbb2d32831aea18af269a63b4afe2e6d6027f9b62968f2d63e9
d766f9bffc6680ae376aa460033fc5e7397060b4fdd0483b8dbc938aed74fcc4	ok	e1413163ee638d7d3d51cb765d5a8208bfd3ea922c82c1af721cade2c3756f02
d76ba10bacc727573833e2c29454872aac538f25598d7fa5bd177152db061989	ok	1a071ab1fd14c97663984be6e7c2ce03bc183316250f230d306ea0e6bc625e15
d77614d44f1e6bea9e214d38764af3f892694f5c13cb1f2d517e2e000cf0089d	ok	4c7d37118f92fad902fbb76214fa128ccbc8d0a8eae9407343290b26d588f1f6
d79e992085ba299b2be59c7c2ffaed297815283004db9f04ec010fdcf9b7fba2	ok	31a648aaa4b8040998118bd18a294d595f492639062a634fe27e16e50de5572a
d79ffb2b656d3399d749050583a031f4907978a3865ccfa28f482962430db053	parse_error	-
d7b33bf3262f56dafa2890f6a7e1b2e7ef4934d4099a68e0b4f0a89515baa1cb	ok	b2a31646f2875b21a4d8769a8e60714711c8df79cd78d184819cdc9daa151f87
d7b855a5f76fc55d663b8ca077867800955b3860ca2175acd1ba485e66d8640f	parse_error	-
d7bcc99ed6e5e93770c8cb21e0764d886bb430ee0139460c70f1f46dc4be7cce	ok	be19d25c0ee2e270646fda8eaff22e8055a0385ffa682b4e9754e8ac39ed71ef
d7bdeb46a1971da7a8ee6f2ea501b26f7559de8c667c65c57a16384a0c6a6a74	ok	2096a5a33f0b10df1ce81200e757bb37f2c9ce9d045c1f3f1cfb30476131118d
d7e89c63f40f104070ad03926afc918c216aaefbb9f3cc33296efee05f5a7942	ok	011e3fe652ad82cb5f6a10c326c15c04d11ccbe34fd872c5c9c33b414d082241
d7ed2ab4eb1f8f5e294408a0a4880558f17600343b2689dee7b89a2e3bc35274	ok	daec31cd5872c4044529d2ac38daf23f4ae7b0ebe7d2b47153a4c1dadf84d4dc
d80605b4a82991da9de862d53a2d05a0294dc426b1b05ea7d041f8c3c1e0fca6	ok	f4ee2cf5a7de4058c47ee62ec723e939a98921f9d32af02ab0750a76b2e94738
d83b866e26a920d926b1ce53dc094bedf30f36fcea601a0296b2784f5ffcf6ec	ok	ce523f56857699022316036ca8d154e16aa4be443d15779fa1202f5419da471d
d853f40e1d85792008f072d8456916afb8889a23818ed1048a9f42f15b32c204	ok	474cb52ba82b8a813b1a66b00e49cfb543caae00bc941fcadfb4e2e696fd8862
d8784105cf3aca41c1c358054940779d70137d26606934c74753f6917a950752	ok	7ce7c23485cfb505d177aba41754bc7dabb94b73f3e9e11d20010383be83dd68
d87a48c7e418c1234b01fbb95b68233aefe4ff3eb476290f1c1a0e0d53ed6a1d	ok	9d4cd021c052cc47d523b17d3fbc9bb60166b8f25ea566378e77484fc94c1857
d87c464ea91f77fb90badecc282effdc9bfb37ad83c5ffdb8ad0f36732011b18	ok	b4177f7534aebcd71c54022a48fe0f9eaaffc48e6e002bba0287023941a85cb9
d89cc882ec5809aa73fe2f36d33f03d9a3937ad85a8694223cb1bee2b97871fe	ok	25de833c2a0f236f203838c3dbdb2f65c82abddd90c0ac8524a9d0691e23c7a5
d8b80128269375acac0fd623d57dc789c0706ca5f677b9b8aa6f808c0ad07838	parse_error	-
d8b82e5a6c77e7ab23752342bbd892ab41460ac3f81458f344c043c77b5e490f	parse_error	-
d8b888c63edf2e5da205a0eb70089fb2be1df9c93e036eaf5b421e9b96c67a7f	ok	648f9fca845f4328e467fcfbcce6147d8e523202d2d14646d0bff26656c0dc1a
d8e1ba2bebe569cafe93d1a2d49b48a1c6e269eea1c79c5c97b319831e013f64	parse_error	-
d8f216195af8a39342dd0715f728305a8af76c5a3634f6eb1e8b6d88fdfd7c3c	parse_error	-
d917bc118cdbffa5ae90de3f2fdc415dce9bdbc78bbc46e362e78d452885e3c1	ok	a398a01b8c52fbbf5d1ff29057b7956bd9cebe1d20b0a5f03ba59ef67707b4d7
d92d589b5ebccf851f8d3a73713ccd2816ea7f310e32877cb80386e9d49f4a7d	ok	a54424999555f2572bbb7fcdb3adbf38f6f6e63bbd02942201a070f2a0e5bfcb
d92eda2303a18a8ed4bc5cd1bf2796fe70fc5505d706526a8208f1772a2c0d3f	ok	0ba0991188914f3263496e271942d731c4548c7b87ecf4055cb687032159eab8
d95494daa7ed394996806c39437509fb80d8adf4d3a96883d6655e81fcaab3ce	parse_error	-
d95dbcc4200755a959d9ab255f5cfc967c646507c94d7674a4dfba017d9c28ed	ok	06a0412f2088f2f606247d2ffefa0c513e085ecb208d85eef11df816bc031be2
d96eff9b09e3e9a3aab31093ce843d72b9bc24e1734a2f4b6bd6c1d8f2912956	ok	8be55bc53fe8d0ab5ac9e52419fa6817165213d1a2c61dfb164d02e5f518328d
d976df11dd56ad4f58b598edc322c5d263122ba61f4e399e2e594aa1f09864dc	ok	e07652f4d24d9d0bf7c4653ea8ed35a90c29c7744e10f2653e3022f38f23e3bf
d98b34224027c66689614d843c741e6554077fcf2f462b9b44922656ab07d211	ok	bd6ad0898faf33ed0bf67d496e242df7eb7da20f74f9cadf020f8ad245af2c90
d9cee258b03a92b4d5c79676cea6d0b1e926cea317b3ebe6b1b8a8214a7ae00b	ok	34e54d21f71f2c45574d57f46e7a0125aa0d656a5ae2c4bec2f7eaa5e6cb9935
da2054fd654350f0511d41705f07a6a17d0b1a4e84f43ad1b0d26252947f28ac	ok	452c6ed69e5d6ee0badf82bb1f04deeb092d74d68a6cf0063312e67b240c79d9
da257a1d15ad86ac48aec5e726d7046a54b80c59cccfdee4c4ef8b738a342117	ok	a12409f10a4db96e617f77c366661abc1a12fa2ba7d8e16d2ff2cdc4feb07a18
da2de6599140aa8a2be3ebf7a23110b4507069eec5d0384b7fb1c87425ca4281	ok	8d7c3f71c9618cf48f298f1f84daa02dd5f96a297bc816983a096db9363db9c7
da700c4776d07a036cc22d1fce9f029629a5c2556daf730212b248f46b9d818e	ok	dbe4a62c6caa7190f6760c0bc8011c1b83d4a487c4dfbda9b3191aaa005ba271
da884e1f5da083336d4a68c01b88f38c8cf97c1d163bc9cf852357caef2498be	unsupported_shape	-
dab00cdfa09c7fd238a37f1c1ed6813bd77880c88d656a4e2fb5efa416ac81cb	ok	a0e010fab7595d7b37ffb963a1154d24f647ddd94830da636913b9a2b1034aa6
dab34bab56f8c56e02ee7e2843056647b571ab8312b9de542d5d4ca0c576cf80	ok	aa063a47930ddee3f2d6591b416421c364b53bbff9550c7b8a054a55b1fa39f5
dac39fdac54b2203692a89b3574a77a39da1dc8fc5c48181dc7ba152506cceb6	ok	c6ccb08adb693e7d902e3c46b92cd91a2ca0bace2029cd3f48f90039ab41b7cc
dac42ccc9295fb087c22d8d45befeed4a69c353ba793698b0c54e5ed74693d23	ok	2d590c9aeebef132a9519e99a577cc30008ef2efd38a7f43062b86ef413f1f02
dafac2d6d70f36a5d4a69624802b2001ad9b89ac23f62bf4d45d249105862886	ok	2fc20d0db4732793512ccc2a276e979c0e3986a5025faf085ec99a3cc9960043
db0609fc79179840a0658db823235c3e20c80c7d9e9e8f7600d962beb583022a	ok	ffdf4d8145f010a20a8c38e6726909c275041d3a315e2644bbda49b47856c733
db0bfc688727b93a88c4444eda8798f6ec3ceea6028bab8a60e6544ca127ebb8	ok	d137b70d79b26b26224c8e06d6f23125b33993dfcfdf7bae19237be65ba75d69
db3d34daecd28331dcee66d23cd3aca026e23fca40f3b28ac5a36c834c8c674f	ok	71db9a61b6206a68624b3bdb5504d4706f462ab25049cddfa152ce8edca9a8af
db467f68a376ffe301631689e92bc03f74d42a8e91c0e0c305b117a14bfa2309	ok	7012d5a0ba59da6ed9bb2c3907bb5662344675e2589e6e0113640329cba251f8
db4e87cee47aa1de7408282c6d7afa5e70e2ee9bf3da0d2977f1868a89e3585d	ok	b60cbfdf782ef35236bb1f9a337ca884d5a0bd117e924f4fbf6c73ca1e17d471
db50dfad3b60c9bb2dc25daf7defb70d80d5056bdf18af4cda79b9c7d4eace91	ok	5368cf5065cae834a178dbc72ddc5cb646a041c5a9021b01c6ce83427d455acc
db5fe83c9674b1875a5fabd7822ce0d96f8f76b007f84b51d37431d4e465603e	ok	eaaf31b9d748fe841640079cbcd89d4a7f9ddb8896f7c95212f9a08b4bbac4c3
db692a854a5681860ede339a43277adca33ff4224fd145a84b9a9ec998904fb4	ok	f1f47de449a64e4b3ac13ab2f98d7f5b3fcbc43f81160361e82c0e32212f46ff
dbac2ce122a7fd3332239f375751f7c0fc914d84c413ba319ceb187245426692	parse_error	-
dbc714a7055d9cb9286bf051f7eff559e96e893ecd69609646e1f2e77f34f2e4	ok	769f135f33629e433b579949c64341000f5bf2776872add27634e5c92598996c
dc0b437c059b076c3c9fce0259caf37755f4eefb4593b1185c2b2795e01f6c4f	ok	dfb003c9e469f623118740ef61437edddecc815b1e0298ee47b52a1be0816d03
dc0ebd50a15ad144491eff05cfd56bbaf6adb5541a4ef77f1ebec89ca28bd25b	ok	68b66964935c700cd80e26355a4bd0c381f107775dedf70e8cb963ae49175c29
dc17e8231565df1f14e6c6f575ce5cf000060e49ee1f41281b5896fc431b8e20	ok	4caf99008711808c51d73ba3ab1548f49c214288cdc543dc1b33bfa16fc65a57
dc2c032168f1477e65fe001982677403cb99dbbb78b0c6f01b49bf50eb843fae	ok	f3a4f1eb7d54333ab504dae7b15b239f6c63a274b861929ba7e142069d5f5b91
dc40ebfffa0df152c545f7126e0ada536506b7379e03303f9059390a63293f7c	ok	110cfbe9279884b79b603bfc2e34710ff18ab68cf32a617c5ad8a9286d5ae33e
dc641e07e25a547e338d96de79599fe92c001c185f1c6350556eba71bdea06f1	ok	dfa1d2f6149d53d4ae091600edab12f19d34e7807dd48eac2d703ce3fee995ed
dc675718eb5e6674404179a3548a4431c49331fed23c17d3fdb10c3f1a1cdefe	ok	67f6a701d1d265dde4212dafb4fe1aaab513e9e65428974ce53443ba7600d3be
dc72d38606bacb7cbed857dd8b9a3a39edfbdf06509eb05a905d85199ba9de96	ok	1760b0541ca2f71969a259619144df6d05782baff8667805c5b2298c9235ce02
dc8ec4f8662fc2a8fe9aa45a8a9ea7d4e9f6faf5c621fad31f25427956642ab4	ok	1405408fa443af7cb9637a7810218dd1344338436c4cf6bfcb2de0e4311e244f
dcbe97442692e0ad3bef280cf961e9d3e31dd235efe204f270bc41b9e8e0072a	ok	6c19f55472aeecd8fc67d006e5ce29f27a51b184bd425702bd55c584357044c5
dcd7947b5361e04959e29e69ce37032c76dc37ac6a6cc53f3c110825008ac1b0	ok	6503a17a5116330b8e081fe75352addde06b08597be660be3eb8b7cbf20919eb
dcdb4a58043365716c8dcc5481b3195cb9e251a9255e94717b934bbf3e6db139	ok	cbc3aa688bb875968e9fa62cced936dc1dac57b8a2bc8bdbcc7a1f08f38ce9ee
dcfc64897f341a74c8ef36f111c9ff46b01182d3a87bd3b78e18db63e2568f0d	ok	b9005efcfc12b5c71de810650960ef2bc5fa01d66e81802986335cac7aab3a62
dd1c1d22dfcdfc7e6287af827e90bdee9b390370bb3bd11a6d9a86dbcc96b9c5	ok	10e3459b1987c1ec49da806e0177b780cec60fc07ce06ce3e2ff1643cd4668c6
dd1edd576351037683617ae8a86bad4ec9d37154a51017d4f974f98428a81b6d	ok	3e5221bd601256f6e85e7d68ba10c339c5364491d1a660c1478d3c531ae6d1f6
dd1f351673973f7d5bb58e1f7c77e1c8f3afbceddd944b5b1f00d21772ccc44d	ok	ee02cf0e42ff11c4a6545035bc70feb4051df61775aab1930fbe4f75a20d3aa2
dd3cd48fe37ea7bb66f95c361bcecf31fe3affb326cfcafbc7541b874a938564	ok	304ca325164afea9ef27ef6e7f8847aba08aff00b3e5c05dd2681a4a9fe88ff1
dd4b9cf10350b831d138a5349d29e9c06ac302771415dd907ec186ad0fb0b8bd	ok	3580457e0664e0f26b7b1c0c94ebd9772f0eeaa81e3fbc436d53c970cca1bd25
dd5ef0ebf4a7300f17ebfdc0d4548daa5d1c8c6cf3f68a9f9555bab022d60d02	ok	6b4a162ad81a6c2f552c696d63513decd5f0a1e2da6ebbd6663c779c944167f1
dd71f485e62d47f30881150ba54178fd37102464e1fb21e49f346761200ff1d1	ok	bdcad50cebe7378e2a290ef101e87c3a4cb8e91385619cd276646cfe662521da
dd74a8897f3d5395de701c628237115fc0baa485419c814c1bedeb9284dc5fdc	ok	a70ebcf5231549368de956f8398fdaecf34a90ba85a17155a99d1454d11bfd00
dd83f54eaa621714bff85274fb40f92d6a31a65e0dee8947fbd6f7b81933e985	ok	96b28457883e6497bf897f3a867a873caa52bec58b899847a8369d556f92ef88
dd845f5b400dade4ec8373d50ed9224b4e0cb8e2c72b4953a6b85e558de04d24	ok	f1778d6fc7082da03e2538105ffe1733c32d33bfa79a31f7b21ff6964344fdca
dd8c7b6b913e4cda103f5e7ffa4aa94b3ecd845f6550f05a7e2c40f43970ee61	ok	faae2297a37b46e9b4c544d01b0ae834f78d5ad56e06ba269b511cc9c16f6fa1
dd9b01c74e0e8314c00c9e53dff6a32a19d3d1a7741809a7de4326b6b4637822	ok	23eecee64939609db808752689e36cbb548018c48d08e0084d55c95028ffdaca
ddba4a22bac3553158045eef03581edba240a6d2fef36d489e4c30bd5c060f44	ok	56609f292f48448fb0b34462b5865499a164e606b5f84caa5ff50f3443043e45
ddca2bb2de0c21b3c15c66034c993a383b36f4fcfafb56c327d1e064e6739cc0	ok	f905bac862a14f33b3b8947234200cdfaefa0718b8938248f7293c09436847e3
ddd116e252ba925fde553c2a5a59ce5be7d2a10ca30af7a122c0fb170493c425	ok	37640ea0b71f5f09a9e6b8ee424a883b3cf9cf7dacc242ea9af87f6890c29f4f
ddd9d7800511848bc6a97ca55385f467611dc214aa7d06b03f8ff6b0362b8d71	ok	1405408fa443af7cb9637a7810218dd1344338436c4cf6bfcb2de0e4311e244f
ddda2135c3f3883e5935f648d264e0dc19e239a8249aaa27b37c2bc6789fc7df	ok	06c6f46426220fbdcdca621c442d17ffdee687053b4b6bef9d172c7718a4648f
ddfb9fab7b3b73d4b83cc0b810e6e63a50f8f72178cfc755b0364c5b10a0aba4	ok	6fa74974cf67a76fb62cec640e1e22dab941b850b9c87bad2f149c86e51042dc
de0d6a0f7613eb51225a9be11837cf31f96e69dddb0acd25fc953a9f58b67c33	ok	144a178d6f6060b3b48dd4582e10f378177306af5ff9ce2121df1195b2da0423
de49d31c5bb82cab16e2bcac25ca40d63d4221cded3acae0a1eb7da12ae7a35d	ok	4412c9ff5f59e5adb07489aceaaaeeb34e85d4b96e401b390bc8e5951418a833
de576f0646542976e58b48db1911b6e277d898d2afb4b9e22fc382de8e5f3c6f	ok	60698c800ffd2c2e40832f4ccfc93ee22acfb42c26a6d425160b211f1574df4b
de57cec67174ca53f21505d42f3e52cac7793c2c737a6cf92ae681526b57db34	ok	386f9a3d747fe38412b653b63df9e0626c8a00ac8458305056b097bafbf720ff
de8558d73241a2fb6054185cabe3ba54f64f4be3b4e89aaba523b363ec01cdf0	ok	d8955ad6a26dd190aa0f0243842adf14334c63ee5627a5da01c7199d471aa36e
dea6ad08a8672ddabe74f47d6744c8d4997c1f4229113b70cb436f5844d67154	ok	1946f2576613c42da6bc55ef56921361b471e338aaf56cc4475124b817e4eb1b
debf3d442f4a78ef8e6a732642529770a5741fae04ed0c1e4ae34cd07ee59b8a	ok	ff32098cc7836689cfed90708a3967276cd09315578ccf6ab8902740a5419709
dec4e496c73647db4e120815dbf7f45a5736f16f98786b40d149eb18cdabc2f2	ok	431e909decbbf22e214ead6033d3021c27232e2e13596361e0ad69739df7d7f0
ded81666e2ccc19e6d804472a802713f7c5fd5249f170b3e4eb022128c7d297d	ok	3ac9fb9c40301820942535c3afa81fde12e92f25fac9a94ceb9dfa520f827e36
deddc676bfc6e4b5ef6caae4d3a04cface4e3af640b51fc2628ee00ee2b108f8	ok	ea5ca2ebe332d95bf13a3626e2b9ec797b59939ccb8723d9a2e57e5e78ed7a11
def1468afe8ffb1f0aa62fc1120af578bc970ca96a42ef5e88036b9d8dafb4cb	parse_error	-
df09e450cf9622dc7df77ee2cedfccebc301de97b9aaf976f993ff34323dd4ce	ok	8908c17512b16d55659dac92ca25284b99c43d57f5873322f8787cf6b1965630
df10af81a473d3d130988b6a3892d4310f32dda2d4cb559b3d79e112d6544e5f	ok	ef9bde20778b173b868f4781ad6655380432610b59c70c0ed4f217be14cb7b2a
df26414f8fd7007168824b73018390838938516d85e5a7fa375095bd415d4720	ok	e4086cd9e1c80b863c9cd30ecb3bbaa05d7f6cf96485c6eacd8a4b28f48d2d35
df491b8baeae2c3f83a72ab6afeec5003ab63a9b87920ac7cbcfb9043c416c00	ok	6cdf01881be337d551f41f0dd41edfa5be8b35944c96f3400361cd3af716ceab
df6fe3efaf60119c025a0b1e17916bde98bbafbd28d833cfa9db98057bcfa55d	ok	b6d4441640638915a41c4b633614a5e1ef3ec8aee13a5e02b3dac81325a258a1
df948ac3e019a62270e5637391b43aeef51c0ce6499359cfc9dbe7096c5263d2	ok	9638c1c95eeafd767580fad96285413f1d265c216fc13c937f27a54dcdfd36cd
df9f551b1ee31fca5193b4a8401bb26c3acd9f2b03d5f4b1ea0076ae49bd4c04	ok	da1a5fb2c9a0e200ede248e3507d05c1cfe8c2e438fa91e55836498d0c10230c
dfa09f589068b7170c2f83959ae546074f7b0151609c52ee36e7c814c60e5ebe	ok	42cae656efe12e8d020194d4b76715de48e8a2837c86070a8c27a6188da46411
dfa15a0fe1b7c4fd9c09c5122b133aa13b982ab9f1a5fa6338cee10b11f65b42	ok	bb553fe978a1e98bdde346da4fdf25a83b65da04304fb3ce11567e7dcc1db437
dfc3e3eaa8556c7dbf4c5483be63b5cfa10130b80c68ad7fa8451a1ea8afd22b	ok	cff1dbcad2c1739ced40d993ca68bafb82f4c8860b9b158d42554eeb79c94972
dfcd4e114d7caa86914ea0d32b9ff62cc3cbc37fcd085b03b3738a745502378d	ok	945fa121b4378b4f8efc334e996331a03c278ca0b01fb4c559e0a4940587dd33
dfd551e99c98ebba4fe5be3d7caf4fb3310b76f577ea253ae01cbcf1b942f68b	ok	097c5459602e9db22a9350430a849d8ad416efa442be0daa0161089db7fc5d8c
dff68205d7cbc5773d3e5921cabadb8094601458cb284eb682ba662d97f76644	ok	ae3c2bfb01a501c0a8fe989c8b294c69d41d3579a8f5814354733bf1bbdebf2e
dffb19cde22ee7d746e8bdfcd7d91df7dd26aa69cb807a77f92a4f8528935ac3	ok	fa3245383eb5f1684509c4adc8bb57ac904727ffd503250795476590d99623e6
dffe25d27e2e2374c9e7edff647179afc07689363f164c6f37846124a2a839d2	ok	a2d5d563369b79c9608b6907b0b9c1aeee913a914f72e5beb10fd949e0c8e298
dfff13150f9150c204f03b56889f3df4a6366218d4d2289390ba54e00cb4389c	ok	c93c82de5e061e432cd1701e13ad6e1a98257f582cbaa0671f7d615dc363487a
e00484fdf1534e3ed6c999bf65b39279eb6a512ce97533482e51d67d6274c23e	ok	36936b83b906b7d8df641b0e40d4c593de20da9d67c4dc5cc61412d7e05c3af8
e01ae3424e2b824c58b4805acc3b7799533f214f46885ba77c4367cee0b89c45	ok	50239b22ee22567d093310b3f473bf2f26531a89b80618f3dfe943eda1f60e08
e021081691060e176b511b41b05aac5a168b807d5fe4f0c2becdf4becf432815	ok	91448ed1b2e38b5105251301a14c81fae7f9a1581d8d0bd7997d2fc3e7c12062
e0329601b1a7d26596fbcb14377190e64d2941d5624316d61e033a79316a32d4	ok	f6cf5144229641d383062aa65850c9def3ff711708a9440c363a8860ab41fb97
e0568feab57eaf16805f0c5dfe0aedc78641021adeb4ec0707a466c83018237f	ok	40d85db332a99db70e3be3f85b4bf3e4e8f6985c978744e7479b459fbda5307d
e06024c9fbfaf4df7078f3428c212e883c3be847a9c16102714437bb390ac24a	ok	c017fc57e4ca2c1ab5f07d57935f8f1510088316da37921db3dce0dda558178f
e062d276276023154d6c6cfb7d06b8ff844f315b8ad10fb33e653b6af962e301	ok	8fb08dc75b1eae7f409f15b456b64ea664d050a38f1a1c63f9d22b409715b58a
e07c1e35f6e02e77f3dfdd2b3c15114f1ba8a899287cf098d7b592f6d8220b98	ok	b22697ba26515481421040d36b499723a8aec80be32bc9e915a2e6952564ebb3
e09a97330817a06a58521aca4591e0040be0328c63fc204f12e4385932c9de94	ok	e58609ac2094fc49d494f53483db3c9193f6738712c815f522018b95d59f3c94
e09b50ea5a9a32a3a2a6d8a1c349f66d84fba3d659f98c9461e6b9fc926489b2	ok	e7361f36a69c2a3e0bd40b1f44f294501368b35d7c60eea3208cbdccd8212af2
e0a0149636a1d049f0cbef587c04c673d8a951bd182ea443db16885e910df76b	ok	addc202c70f8e07f962078a422a815b90ea559bbdfce9d2b02eec0fef745b1bd
e0ab63bdc7d7a8db070470d304642cc5a3cac2002342eeeab8da2d6c7488c39b	ok	c59974f649d1c8cb5a439b9e12ff6c28acdc7d3edaec6b366e0584cd9c8226b0
e0d010cea28d4788b524fdd6184583859774522ddfad0b73ba943aae680e67e2	ok	bfd3e132f1638178c7071a3e1c6128da5a8e257e3ca356055d1dcb81e7f56e1f
e0dd920a70e3fbe68384cf584034d0bb541b38647879c65eb6a2c6dcf9f8f6dc	ok	9bb9b9c74502ad4d4c0113d25d752c835e7dc434e883eac1ff387daad60b3069
e0f6502577cfe6bc90921835c98a32313fcb0b583228d46cac5185419243c812	ok	428f457b9c6c7b0a9669e521396930997fdb2bef54b89ae7ef1c3497464da68c
e0f90304c469d4f25102ddb34ab660e8f8739af45237f3328cb336344cdc9862	ok	bbcffadf36eac32d46441b4a6275507df80c0be25bd26dffa8226fd96ebe5dc1
e0ff8dfbe72571d88ddaf331c88ba3677b719d9e8d4113bf2ce1ccf158b08458	ok	6beaf6c0bd08dd905a84e5a0aadfaea1740f31e0f042ce00a635668ef903fea6
e104c26b12d2876f6c897bc3ccc484410e21ea50535f1a2ce3e864d5b3ad5313	ok	735a915a2e4d451cd5882f6b5815e9555f6afbae6da343ac5d3a65a17c215596
e125cf1aa7b3f4ac4e80dba180b76ac01f504ecfecb53010de2c3214f4f11c72	ok	d3f6f11203eb8aa2c1f94841339a67fa2dabdadd8f2fb63e8c22efd221676879
e136a6e12408676c1a96d976eba88193742adaf7c9f1a3010a08664093fbcf54	ok	90e670b969356f794f770432ccc802ac5615d59e2ef2de1f75672bedb3109457
e145186301d156f21476f15f66061be60aea0ff9b7266fa682483aa04082fa49	ok	58b984d40715de9936f6d03da8de3003f038e302635db75cbed5fb9ddd2aedd9
e15278f094f17d3ad18444061edd05338dea4de1dc5a512315f128f409a655b2	ok	95d0dfedc9fe5cb955c4b978aa353180f6aa0d47f703392bb761356878f1f844
e1823aff33fbcc2e33de947fe34afed6771f3576da036f40635fc2d859aee538	parse_error	-
e188f7dce17ebca88cc703b49a934231f54d021f60636dbda1d9f2232c1360d3	ok	86e8a2b016b44b820cec6379d05f2c877958e6d289f93343cd36bea8666ad060
e18d08ff7f48bdc16feba8dc8fd5d7395917f2a5d5854416af1d97d7005376e2	ok	70a420b79097e3ec74b9cf929a47672bb66b63dea84c77df38363547020abd99
e19ebd1a762c6b882ceec2049e29c55202553b1447294b2deefad78656908a6a	ok	5f9a32d08c0d54247ba8e1efacef95b047f93718684d507953323929ee90718e
e1b328422a842373147b5b795b053abab86a3bef0e957d9f1e4c5046081f7165	ok	2ee978f0a43adc35ae166e3e4d8386161c44f17e681bcae68e7a5324ecbe0a9b
e1c5d9bab8b1e5daed3e28a4d17a164c7bb2c203b69bcc7198c711894c955d3b	ok	d12e0fc55e4b4649afc41a4d96f8e927a255ec9ff2a061cc67db1ca594739cee
e1c8d5e7767fb5dacf2db259c8cb05b9d64ddd3359d87bf6193b2dc21c3179f4	ok	a22c88a7b34424ad06ca017383f0d29ea09f8d4fee43d6220aa5d8d5f3c0220c
e1e16283509fa73a756caa98232f6b15458cec510fb07a84e30050fb840e0963	ok	d434264820d16744aeb355b03b980e6269045560fee2c1fc049733ff8e812a18
e1f9a4275afc57b149edebb735ef3b94d700beae526c99231d32b5f716aa4294	ok	730fc274adf7c4bbfb51225bdc49da910c95980fa20cbe6411c2a31dabe51706
e20b2a10fbaf965c89a8efc21567a15676c906c56eca60dc6959464869810e6f	ok	1ac4a97ad3c6150c9f77316b84fd710bb261368b1b0ab80e6f5d4faddf73cb99
e2357579fd9250495fd99d0c226c71c3eb9c6afd92a5dca2a909b1bf16cf0ff4	ok	117ba0b0d32c50a7119aa99404bb5f426a0e2001dc8d6e66c5cb0a3d3bb441af
e23c32807f79429a2249873026ca328bc813aebfe6fc769111fa7c89d20f3e70	ok	21f8c922b0335343c05fbdd8d221d5f66d31f6e3fd7214e851ef24717ccd5cfe
e23dc595efa87c981a2add5e0146c604da088ab0e3801304d517f426cd0d9c1c	parse_error	-
e24bd2a53ccc2b84f0e82f7ac39b4cc4c2ea1bf14ef4bb754123a8b7ab85bae0	ok	efbef444068c07e7243ac19fa015f9f5fcebebb8be54c20eb1b078c58144c239
e2532870b5ca00567ee0d8a1c82809506471812874fc0ddb28ac38a007e3526c	ok	22b74266063a87efb7d79c29635beb99d880d36503b2e1cda0bd321d228f3092
e2562628142ad29de1c0a460c4efedce593adc8be80644facff2aebac1001cd8	ok	b30a9dfaae792fb571673119935b26968b5c6aaef685d676e193415c2a4171f1
e276fd21fae503666b8d535d7b304a8ce667cde88027e4e1fe973f735991224a	ok	57daa34e2d229f56955e1e9c962510055852f808f68e4890f337fc051701a282
e27c4cc67835545859947ba6a2dc8ee3098288434be7458d52dd1a78252f1ebe	ok	90cfbd66310c214b80f745a2be2d89b970fd92db596c211c37a30d46fb8bda28
e288cd08413e788bcffc6e960c0d47497c8712f0820a0ad305844c1bf901c528	ok	a3dc132600abd107b4c48eeaa416363e63c4feb6ffa56188a4d1f6b749565067
e2a4d28aa60f4ebf7b8b1abae01583c77a739c523cd99e985786b95944725ed9	ok	e95071c29bb09197fc4b0ad048e76e219f0d808844df127ef9308db05328b451
e2a7147933b18e0d5fc387c60974e66287705c350bd09b1c2f4e1a5663ad1290	ok	fa9be317fdaa8e15ee015fbc5ea04e9ed8501cee81f6b7cd1bee9d94fe63c781
e2a82f701010ebd84aea3e9380e806b099ba23aaaa591f7748d30c91e683b154	ok	1760b0541ca2f71969a259619144df6d05782baff8667805c5b2298c9235ce02
e2a9ae96e44f55f3a0ec1d0507b2ebb0e069fafc60a7b123077b0d7f83c266ed	ok	8e9e85f6e850bd1ffa71d0e06fbd7dad05a345b19cc5d580420df6531bbab721
e2b4602dafe2f07105887b636bc8925738ee30922f6b7fb430af9f4282b88b7b	ok	79ca907340ac974c3ec524f01df677228f34f9e600c89be9d5d9ea1fe64cac5c
e2eb970e79887bf81ac0739d000ba189f403ce38cbaae32d1a9dcd8c291809e0	ok	f8ac4ef361b64b93358aaa5749474cab991e9bf407b7d40007d9acaa3b855314
e2f59294f459acfd07a89cf9879c4fc9748e511f51decedfdb3485c06ec42b75	ok	2ef3681023583a68283b4ea376b5f60ab089c07d1a1ebc87bcd55c158db7164b
e2fccba03f2628b7a1e13db5b25a00e9b64fb395f7b2c79c50d3c94a5bb1cc0e	ok	68095395888dff446dace73e6d19734ef2152490d4f421bbcd987e6c8fd4e735
e2ff9e09810ee71583d451b9d0dce070aad82d978f2eb24fe9dc34992a3b9182	ok	2aa6fc92246ebe077175bd2a4babdcc3c3530f3bf82b7e12897b010f47e1416b
e300e7b1f848cd30ebf094efc00995437379e5e56e0e7af8da39cacceae6a71d	ok	45f794431ac509a6dc5dea7a9d9009815adeff64a96a4b2ad9e936cb1eb44f9b
e305e547b7c63f5f2a1d60c4d4ef7e49c813f8045e463f071b4cf7b2675918f0	ok	5811fe0492302d79ff3934828eef611bf18a2c79d9ad3648eaa4b6f7c67b8e19
e31ebcbb984be2c9a27ac5e5f8e97acabd0a32cc8c045ca4542c98877871a1b5	ok	9673c3824c4519f7f586e8810644a6c8c25f0e5ecb5a5dbd3db8438c2c9623b4
e3337efeafaf662915ff9334ffc0ed6026326ea33d24d49ada680bfc0cd95944	ok	a27f3a797b8d5d19a284bf6bfc7ec3a286e2db78b0fdf1c66dca9c76237667ee
e3356099505c85d83a4b25da6557632798ffba8cf5ded9ec56fbe3fcb5225ede	ok	45a601c29c23d633532802597b81bff72584db07e1a68da78e9eaf4e3601ff84
e33bb4aad9bdfc4d89d0533ef99f609fa32fd14d820c902680cf3b3eabba7be3	ok	a27f3a797b8d5d19a284bf6bfc7ec3a286e2db78b0fdf1c66dca9c76237667ee
e340c4fbb54a55c5ba280def16838bf0892813939c5d2fd3d863a0357b829e90	ok	1c7b85a83c579889295bb05ca67e6910765ed29ce198a43945688661fa4d057f
e34ed8a1442d201aca3a4073a240cbc03157ee9661ebbec6a6e2305f89a40372	ok	df93db545e1ed0bacd5d6b42c7921c0e0607d6005926e03dad41e54ea5313f2f
e354530f7bc1973aa5ea4402e9eb218f3f09530031ea68006c052481a49a693c	ok	170683a4d19d1cabe4aa10e727a05aa62e15080c4c0aaa019e25ffce73f15650
e374317a671b207b5a7080e8a3394664f45100b9f20f24a2685ff4ad942f5421	ok	08d1153e8b6d9d6d58009e5de5febe57fa15ec199905c01e6752adca53d3e19e
e37ba0e5d546e84e877ff6ec9989ef93ff2ee77640a90d209f5db623f9008740	ok	f0555f7539c34587b98f7ced6951b0ca8189894d53c8f028b402d2a55286f460
e3a8398cb04135c4a7a7c074817dc8d36aed28e12ceb83786e1b239fcd3530be	ok	c52929f12e328443ca7bc89bb584ef403601045135594c39c566ee21a0cb506e
e3b0038ebed531a04bfb01b5be7e9aa4734012589a1d6a7642495d7da8555bea	ok	ebf93b5db82fcf0ae805ab9a49cec1b2527d1de3c16306b41fd9ac5c6c2dc6ca
e3b93b82b9023111507af57447eaf74621c0902dac5db1a1ce2388f45e61da68	ok	134a7d240162cfc48256a46ad0c5295c542db5a77d93ccfefc9a1bf6369f1e35
e3bde8d66dd61389924fcfba9d7f29d80e072cf11cff6630c12669258986e17e	ok	642c526582dd887c4c4f6ad8a93292cca1810d59e15994c8aa022e1232c6c7e4
e3c7da3be807bb0446bf44e0c3c3ce94e8076ef514e5a040c2bb8ea9760ac0a3	ok	ce4a36d3ed34a5963646e74d8e750c75995d1736cdebb59480032195bbfb0bfc
e3d054b5409abbc1cd61f04b2c13410470b284e2a26d09713f1721878852c214	ok	9785140925e41132187f4c8a0b0c84339f0f1d0fef940a37f1fb2a3fbc410fde
e3e29f661e2582e7af21f136ea191ce481226f209e3b6e4c8e6d8d8661ad5908	ok	60910a5a7801e8618cc69644862aeffb19dfe5e5f1d38322a6ccaf7cef8a7e85
e3f3d8d990d773dade237e071b682759299a052a92283a53122db2527027db65	ok	149acf4c54fed82e70749e49bea292d64eb60d970a0bf9bdb90ee99295e6c7ea
e3f902e5a939406f9b2583c0b5d986bfa48b5109acb5aaf634916e0b31027df7	ok	809a94a534f88825292afe072739ee3583e3cea44593182058b68ace520b831f
e3fa256c5153a9864b333323d2c735b185022f57c1568828fcde9901803b33f5	ok	559421f282e7345b352efce2d12d17b3778d998cb21b7bd32d3fe94b3a6ece6c
e40c50cf2b45b391fac12196fc0e843c77e7010b981743ac601b7dd7476f504e	ok	de288581185fa67b1b7fd422e5c46dc5dc1463f4562f81e88cb3647d6edf01c7
e41fa9ddfd6b1da82f89e1bef0d4b5cf989a9f6ed514d3b68293a905210367ab	ok	b76a07de09d5e18f056e1f4fa8ed1dfe8a7b54a23101ca47f77cf06a50373f5a
e424bd14d4c237bc4172ba1328238bcc81910742845aad78ea50f113d319bc61	ok	e782ce20dc1fa78915314e178ba47b99dca8f50454f92f885f29185c5e0d6b70
e4259b3360895fa9252354bd01c0041fb1d006fad60a19831c2ec866023545e4	ok	78b53de776d266f050dd2f3723b18d87670b776c37b016eeda2cdca8d90df379
e452b5e24f708e5095eec3de24a83e5158df6117f13b397a2c066cafee81fdbb	ok	fc7c0b30f4e53c803492e1e64b85a20e0cf8928160a0a28931b504468699ba9b
e477e4e74e4e7deb90d94e498ded612f21c97cd09a5d246dcf98cabeaa8960b0	ok	bc90ae590c7b53757fafc642b705c178e61971900c5f777ca8ab21b32279796b
e48bfaf921dbfb4260850cb0dc4070c119b76c24f4ea2519a101aa58da226912	ok	16f2ba963d508d2b73d27f5baf8b240a1661f20cbccfe0baf8ca2b2c83a58f76
e4956d4234cf29235245e4d8692acd47e330f30888c71e3d2a404d8220795f2c	ok	9552d4741b65fbc3e21967c3cdb735153402378e5bccfd34caf196f1ad2a6278
e499772d8468b0aabb9979dd65f01661dc303ff53f958e6d246a0cb5fb90c9d8	ok	f791ad0870fc64d6299f9d4f7ee9091b2719fe665b9bb480c9aae58d2bb89629
e4a22bc9640e19519e16431d3dfb429ff012c2493f5aa0217ee0fc27d2e02c05	ok	1acb511cb8d38cb0940f0a98c2ca973d9f1ba587f2e28b5fe9e9133c5f2314e4
e4a685464a9ec4569e437cfffbfbd1d390f341b7f23547d94ee22ecc138b7eb9	ok	40d85db332a99db70e3be3f85b4bf3e4e8f6985c978744e7479b459fbda5307d
e4d7e5ee69e898edd7453cf63c4c43dab8ef68fe4d60cf4ae246c84ea01b8b82	ok	d63aab3a134e0a88a5db7c47e155890dd3ef274d81126e44ee1177714bae2682
e4e583ad7ef7ec4bac1b2056fc88c3471ed0e3a778e33936b4b54bb381e0661d	ok	386f9a3d747fe38412b653b63df9e0626c8a00ac8458305056b097bafbf720ff
e500784891ad7f3363c2841403159b4eeb2eda97d39f2f85ae032a68960f9229	ok	962a3bf8831ddde4774d704943d318826de5cca5a68aba25c125481d57a67eeb
e5052b9a20ce4914b1423c69f4564566bbade7a5b74ec1620f38fea800149b51	ok	f6c7bf66c4dee0aa5dc761aca814e46e78f7b191b248a36cc568ff609faaa4b8
e524092065b882ad384484d7fb0702657d0001756d98bc03037cddb4d4e1fad2	ok	9227de466e4385e3a761ccdf150b0472487a65c52433684ec9fc109b48ae1704
e5463a08797b874f0950c1fd177cdd07dfde8cddf0811452666e0804edcf8a8f	ok	96f566742145e1fe79cebaf882a74f829329bc59da1c52db5f2a61e6f7684c06
e55fc9bb36e74d05dfcf1fe8021baff38a8a8d3d0add9c5dc27ac46ab8248d55	parse_error	-
e56d30acfda878547c8afdfbc45d06d9e7955ab44faed9e9fbb5fe31c6e6bc4e	ok	9dbc3722beafa2fa0a748baa0bac6380bc1c97e1fdf565d30a3a83dc8d6355f8
e57eba35d96f3d3c6c5dd9658ba56b636840a2d77458fcad136b035c57339562	ok	d2e6db02930ab3f6e8103f9459ade9c86805ebaacddde8a59fb646536bb224ae
e59ee2f599b3e4627a67525ad140e5c1606e85c578c66f80d9a6ad36ddc20f53	parse_error	-
e5a018c879cab288d1d78fb24a1c24c58808cbf88c4ea2eb2f4761211ca13a8b	ok	c8b5171372ba96619f2573f506c96bc032783fa4462c5f863a2232a2e467b9b0
e5bb5fb31e22a9d52439e376324cb808efcf0427ecb21e21748ff422bb128967	ok	9b7813513649388db528e4a2b38cbb7eefed012ee3698afd74454ed20c7679a9
e5bd65625a1f42ce5fc220649fe1287011ba37f35d0e4484beaf2872d6339e4e	ok	74129f458447db3ceff94fd98c977e4d8b46c6fd66a69e1fa582ca141d3ba136
e5cacfc93e1074e54babd62281d67fb13adc1db146854770f6c18b8bb31d61a6	ok	af1914a13b2b2b7df5d419059e0afd3a73d98e5806629b4c5d55378ca187de54
e5cd7cdc8bae18c0335b163f3a675454b0dc0eebdc39849c36141b44dbd77e93	ok	70a420b79097e3ec74b9cf929a47672bb66b63dea84c77df38363547020abd99
e5f4f336fd68fc83c11407c1bb95ed94d492111d6048c6298b9eb801b2729c0f	ok	c935946d345621ab07b35e576c50c7e4c4b0ff1adc66fe0aec6a206a4c091294
e5fd07d8ef868a4a2f3b4da48edf8697bb400f3b14429d6e5dcdc9caa7fa1298	ok	0174640f43a4698aa67c8d51ff25a0f3e2d2da23c93c24b617aaff1e9aad63f1
e61d639b391a378eeee6e598b5c9601b4355759d1f9ae34f9fc7b0f00bcce528	ok	5689f99c9a71c994fd754c6e0147bbedebea8ca404650d1daebf2d32ce12a65f
e620f56487e14f87149e93b1bb28fabe6c3c32e8a720a5c9c3db5f63a97d6f2e	ok	7ba2c5062add218411fbdc1c21c73f4ba2cd9e2cefc7d24cef6dc08591992b8d
e62a8166f0c765a0fe00c57a59659033d8fd9a9b43153b3846500b379cf0f6b2	ok	8ed0d909c65ea562200444867669e7c24655b4afdbd955f60f3f2480fcbd9d6a
e6391d89572e45ea00b1259172a1addef190d91d7189f3d8ad3cb65a7b85824d	ok	04607336010391c4c06b0351df06599925835b967d700b3c3d8db018e8aabc64
e643fe0a536590cbfb23a6c9d804f4a0f91e347a1e21217033e81bb4c762e54b	ok	d63aab3a134e0a88a5db7c47e155890dd3ef274d81126e44ee1177714bae2682
e64da781861b65beadb772809059e7f9d76119f52265b0f11840c35d510bf607	ok	ad3f7e390ceaa167bde9e40641a5df84b87d42c71442ea744510b23e5e74d09d
e6615dc6c4f8574150598361edb472fa78f2e657fddff6bed76c48239a0428bb	ok	073c8d6d05e9b249233d42f8a5112e3ff32bc7291321dc27bd010d07c17c6f59
e68dc38b3307353708888e3ff9bddb2a2ce7948252b0a49e50ba33bd5a497b58	ok	032a61f1067a582c5af23fa76a906a94235765b024b13b4993ec9e714596e19a
e6a8b57df476c1cce4d9c9315deb8d4981d7c441ee836c7981e9ac4c4315a440	ok	18d3dd1ea139e2e37c28b7fd1b9e9afacda83c1fda6253c0542394b8a72f47d9
e6ae79f3ddc2ff9b290f4a4a5c9af582c821718f081d4615fa2eb41b11f40800	ok	6e44756fbcf6c449a65b178c60dad3cedf849231ab7dd446a0e5b31fbc6a0323
e6b41e3ef55faa3cb57007f15ff966994a6fc01e9e4d012b5518a5d922f64284	ok	99ef28bbbda36b7cf9b13750efcc6f8eaef5a452edffe2babe19c813848aba04
e6b7c3389ecd8eb345c2e6baebb2180a9ce7f5654d4af79fdf24a6f870243ec9	ok	594a44ca821ccbf87535a6ef8121f3b35f841304aec84d6eee444dc1276cd5bb
e6c278de03c9c61068493671a3ae167aacd33f533ad3d352fae6248f0d9b9101	ok	386f9a3d747fe38412b653b63df9e0626c8a00ac8458305056b097bafbf720ff
e6e10d568b6cc30953ce97505481b6fd3fa5f18cc8a3576f4a29d1b1c602e0b8	ok	57926de312d563a4a1d7139a4660e1e007859138206efe29fb7ccf3c635959aa
e709b82d07e8cce9b35a16fb633f45b102981240c4f4ffb561b6ad93f3f37d01	ok	2e91a63da0957fd6f385031d36ec4c6fd6f7b97d1a427527e71c71bf2ac89515
e71e4d26f439eb031dac92ed64fd2f439ad377cb8bd4c6ed5b7ea042357e0ebe	parse_error	-
e72a82e3ddf0cce011338619c8f78a3edb6a63d12300e9aeb74aa88236390ac3	ok	8a37b1f137ad31e6da003ab3c90a63f950473321f0830a775d7b9f404bb1e08c
e75bd7e45f35df5e1052a5f85575cd5f743851a2ae0a92148c19fb356bf2174c	ok	b917392364f39654e4330a5526d32df514a9718379392516a2c40c2cd544b15c
e769b774dc992dcd5274382d4fb2a583544f8c575b8b0b80101314dd80447cda	ok	a21f6158cb568568e82d148a6b24459105a7092fa5bd01a4c83e8da897d7f237
e76bd98f5049227e3ce18e111d097be8df7f8effe5c332817c69ecf67bb7eba8	ok	7c92285be38e8dd3abde6148b64fcd5cb074f8ae3bba34dc9c9ebb0b379567dc
e76d65472502a1188a113ad5af030d1a5e52fb53dfee446bb3974b38c5176110	ok	bf892a5d66537ddae4185f093cb41cc35a07d2172c7fa032bdad9d32d4f25928
e789b77d4ebe1a6fb17a86d389f3dd4ae8d9449eeeaab031d24d5776550b244d	ok	b22763d5563fdcd2beb88b7f1e75476758e458c0c881c6b14bd19c53ebb5864f
e7bde6fd223503bd27f7f5473a92abb4fe8396471fa042353a28d9d4b6769a80	unsupported_shape	-
e7d008b1ad4a48aa3047c746b70ddbd58cb23037b3a7b7ce75be4b5f2a192f58	ok	7b9fae2cf83ebb4d9860102bdb585424bd5838362976c3f3a7e40a34b0b970b5
e7dca30c3905579498fbc8e01ea480170fe686dc4323ba3fccd52e239f2912d6	parse_error	-
e8277d5fe0030d28545d8185d58978501fdf10f4fb1525c4303e77b9aefb64e7	ok	f35ea92a65bfe0ec0d6fe2c6db8e5b27473971e9d7bcc31bff23c7b995ba77d8
e833f76a32785f5ab5cfca38630276f1121fb82df65f91ef350aa7defbfa7a32	ok	b5bafa397235999c0cb99a0747bb00e18c9de38c4ffe53e7461eafb41c3f71a5
e84e8327b3a2363939207a4accc71b75c4532c946a9773a53659101c9b65bad9	ok	c2cc509e3cb1b3a51fb6eed7c44fd3cb7c415486d32355a46007c767f6a7d37b
e85bde33b39980f7615f492f891f94937ad92243ca5db55804123564029e701d	ok	fe05e14101ec30a13b902b20ab3140a20765f7f4f60c1fb63dd931ed5fd991b3
e861b613d510993262f65b08f2afac8ae29f5f02fe1deef2f20630deba0cbb19	ok	96345f2a2c04a52e18b3c5d7879583aad4485cf3e68471761c9b47cd6e5c6d49
e87f8b0695ca18bcaf6714628fb340d5f066f37eec7f7b603a555b2481a41025	ok	97f2c491682746315a0738aa03dc0e8a3a984471e5974497863fb04003b2330a
e882958b4f15dfa5a2089e41e8e7af97297abe5e4989354eb75a1458d49f3b7c	ok	979353f762658296f467cb4db90625d005086e3c2d3ec476e97b7c1c3c4af3e5
e887b7e4628b45bd714d3ba433531d8d65d763fc08802933a5dbb6575d6a6cde	ok	f0d60e4488f926cd92372696df8f912d29b7ff574b230981ca87b03136818e77
e88e272426090af444e095282ec1c1cb26638220fdb348b91c5538e503640d09	ok	2083be39599fdd98b0d1bfa7bd9be89594a0b04c78f4baa8aaa9582b5a989dac
e8a51bd593f3cfd5d9fb888a3e3bf0b83c900f84541ad4b8d9eb1de0a844eb2f	ok	fe557f883dc44ff78c5caf88125209bf09f66611d07f0c0bfa35a0ce018b9d45
e8afcf285898813293e40098f5fad1431863bc3bb8bef094c1118a577270e11f	ok	3e0e3f6109fbbf63814b365e3ff24422056c904af5e7a0b536dd6e1c804c163f
e8b752d798759f555da8d392a65d4a91f88b2de325d0e08186de12050b74698a	ok	250e09da9c293ed26aa080d5bd80de399cf932893b4476033feb6c77791109f8
e8cfee5bfc94331fb2779e81086d71092c16181457ee4fa6dc2d81e415dce0f3	ok	d1206232b1da7d4ded02191a85d7bf6460a1116895919e11a8a87f0683c044c3
e8d4d61a4f94ce083c33384f6662366e0fbc3e40b064ced3b0a4c8f32185f601	ok	c5f5b66f937ee50e4b2bf6ef65c7f1b4b2a31cc6f91f0b64a927bd85af3aff10
e8fc7d60fea6b270ccddf3f4fa252488add2d06645df5d7be71908a416249db3	ok	85d272c1762e72737481325b68ab68532bf08eda6cee3b4eef70335e651bcec9
e8fe8cb0ae99313ed03d5ac3bec9199c47b550940076aef0c2a66afb2a3ccbc6	ok	5c211715301fe35e803efa69d52600feaae1e809329f073d5d4530fd7928f211
e90b7a5d860b1a5549cb18fe5decf4b7b144391125409a485812bf4d3c7f9000	ok	0d489d34fa53fddf4286909de3532501621a66341832e2b4f87e7318c8e825eb
e91ee00e5a8c96b66d7d500a3976fc22720904f95e5b2d626e7fcdc2411179f1	ok	1ae5790cb96f10ac954e9dc305e7bd8d886e2533ca1184809b181d73f3356133
e947b456fcfcf4386e2aae4833aef82e3e82e67109320234a4ff012223f7f2ce	ok	a3a5c9b39c22f2d7ed4863d9179d9c63c22e3d8230cf8d486e984917aba9a403
e960e1d8ff7bdfad3c0e934e0583efa06e01c04c0e514caeaa167bcfb2ba6b84	ok	450eae935679bddf61a77bb576b8ad489eda86e7b94e4f537c6f4151ffbd4b78
e97d2f3100733d17bef4f3c06032dafa36bb862b823e7671e881425a1f7230e8	ok	695312a2a8c6034208d540d85ac03cc8c752127bb1698f82624097aa81245a59
e97ffea794bec8a149a83f41b24caecfd78ba0b57cb3525a970a6ca0ff00b0ea	ok	6153ba082453b96069a64824e674e083d7fda3e5779f86403a49cf62906390e5
e98056c2d78297328991ec90e6985689283a086d22c5abd430945ae710b11174	ok	bde69121cef813568b41c46c6b025529ce98b789ef495b67db6be78203b6da54
e984fe7ec8413c47b6d78da148288af0426b21c0fc1182a8f34444ab60648622	ok	ffb7f49866d9dbe196d5781ef8f7c56d1e372a6b5b3e3702fab4ffcd705afbab
e993218f63eedd3d8dc64e5b24aca45ad90cd9703448e5a05ba24d9e23db9df4	ok	ef46d2ab0e3dc862c99c075718227bed297879801a84ae12c05a340147a5a5a6
e9a076db94c3ec622338b436fbda57a61e1202813d66882914bab3970f8070f9	ok	996b5512ca1e5f09dd1d52ad40f0c3d16db0d9bd5a22c3d640bfc9abfc84d88a
e9a68ba214482f55dca1e89d8e42932f9fe012481045bbfa3abee81f108b35dd	ok	d72dcb5433fc8afdd26ea635183ea4fd8dd367f32cdda7bea41e3ff744513cc4
e9e2aa8d2019a033de56843b2fc65e2a2406bae98df40102cae8a3a4da49b3cc	ok	0fbd41ec6e144db4555953cd9e1b95b84f491d91d31acd028f762123c3e029f6
e9fb23757b3bedaf21b03035fca986f7905b41b3c9025b5b88983d45997479b2	ok	374b952dc53102e43f916de520728bccc8d866550e1a15c62be1442c4b21919a
ea061cc0ad10e2bc2d8fca2a79acb1d94fa42014bc2e3deab7d4360d07738c0f	ok	b05435fcf1152d527a7c17afc0644b9b75538d813054da2ca2fb66bb4c6e1a4d
ea0789f7bebfb52712e9cf033bfadbb5ae0d23093474e51222727cdbc1dda604	ok	70c14ee58b0cede8b9eb6b1fb274bed64c1d6aafabf13e34b4d59830763127c0
ea1755eea18f3493445085c452fc6bcd219fcd873907c43d9c88a958330908ae	ok	b6a27de913a77b7f7facc8c79add9903d87be8f3b17fec07b4e0d4daae8bd1bb
ea20a71b9597b90c4eaf127e4ad27b792302ff6de2c1eda94adb6f1b83cdc458	ok	77b2c2c4ce94af24eaf70f0aafbf6434f7f5173bd0f9339a0197f5b4983188be
ea418f383831d4be005ce4cc610761e649f3ef64ca7628c994af29858b5b44d3	ok	04b9c256ec45e7857fa319939f9381bd6ec9cbbb02c6ee7c6760fc488b5d22ff
ea5e0984f6c09c0ab0dea7662f8a2d8ac0e40b4315344bae06f93180445463c9	ok	6ef80517f74e15884dc7a2b34e00c096117c5854eba0755786dcee3d8099f680
ea5f74e0380237851bd1ec721a5f006ab99586d47c4e02e98c63c7fbf029d2b3	ok	ed1205a4387b71bb43ef776a72e92a45deb8f963f4137b57d4c732f26aba3814
ea639412f8edbc884ca95b99550918dd82398d1acebf960c28296692b5c9ca30	ok	7932cdccf32552e348a74152d192e6962a4574b5a9fb93493b078c351e4e941c
ea6eef1cb9ffbca0b0a0a0e30177682bda0a52f419c0ba476a25f08744f89018	ok	3923dee175c29f0026c89085012d72d4fcc5e876a72d64202c95ed06443d42a0
ea878322b0ca4d3f30c70f92aa08c571969041287fc5105dd175aad19ce9d70a	ok	b4228a34da04ff0b44cf643e1bcd316f7fa549bfc31ec5c97d39bd11198520ed
ea9d97d48467deff1e57beb6af04168bfe2fb4e79e61fd1f4affa8e60388189f	ok	8ce39a2e163304d210a903fde6a6b26f4f5183a7ee932bbd43cf853e99ef0a43
eaab9e0e5222b9ce11c885c4a0dfce5d3e9f8e0994679b147c0c8141f7c95b81	ok	eaf24a12b242c8f2b3bce667260d5a0fcb4910db3aa5c5bde69f7b6b586192c5
eadb6540b53e2f7d1cc6779839be2a216aa8d68e334e91cfd9a152a4557c350d	ok	2f67512c2a91be7dd996279f68eec032061bcd0abbc738735f64c40af3b87660
eaf666b1b1fa83ed2310455dcbeadbf39765a4e04be28ac59a5977a534163a10	ok	5aeb43ea9da8d4b0286fcd4911e787d8ed72a298324d75533222cd7072a45bc2
eb00335ddde0e693b3448e2071bd81951cffd5bf4dace677f5d716da475cce75	ok	f7beeccb26580d0d5ba60ae563bf94387c7cc29d3224d28e96e7bcb302407d87
eb02c43404b9ecceda0da9fed98fcaab9e02ceb71c4ac633a0944773df9bc23b	ok	2ad1ac5ad22ede27b585b07a573af3296a9e39682e3b7706fefa9eb2fc490d1d
eb269f8c93f3ea8c123b36cb96fa2948c91f68fb5dd008e80babae9a8184b5ce	ok	36089e2bda7fe936460d8f645d237ab09c836e86865de3078663a7c9562f1d33
eb2c750d98340044f4d9e06dcedfcb9882fe08aa0b7be68444ea2496c32bb1e7	ok	06a0412f2088f2f606247d2ffefa0c513e085ecb208d85eef11df816bc031be2
eb39cd3b39331749fe94452967f08e0008a981834873141561ad3770c3e1d600	ok	6036583039b30b6ff0c727de63f00224565be6dfdc2ff5e6ab3aa8bc957c492d
eb4736014ce4848cb8ffe48dbe4d4e3bbe24dc1ae0f632ee63f2fc93bf0d1bdc	ok	dc73341fb65949b02ee5027e7d03675151c3ca3cde873e822e8624ede7e89c3f
eb6db793ebb2647f18b1170c96fc1795c276393baf4e2f3b22b08cb12f7c2411	ok	0da1fd7abfd2c5a961771843956649ec916331d11634788f9a0f61f4866587e0
eb8add60204a261031f3ce6fb56c0d6a35d19d3b0140958751cf84eefe456591	ok	9d881486c27b8ec18f85b783670adce537d09bf1067e04a873f85e51df194f6f
eba607eb4fa159aaaade1c71a601e491e7290f2584c81f8582201a3bc728de3b	ok	37640ea0b71f5f09a9e6b8ee424a883b3cf9cf7dacc242ea9af87f6890c29f4f
ec0f2fc4882936024c7cc18228d9222064d81e8f4fb8c095ac3c7538a117d7c3	ok	0ba0991188914f3263496e271942d731c4548c7b87ecf4055cb687032159eab8
ec1b2c225acacd1ab04b482e24845a136e69daea9105e9317a9cd88cac488c5f	ok	1779f53b95938c3987fdfce884dccf1f02b353105614ea7aed800af0e3cc06af
ec469c7e7a373fc3d169a58d6f86f616ac06ce0f58854710c583974b4dfc7775	ok	be0d3b1dd06a76f4dcc6d221b7170f43e66357389d95c272c5c4b984143707ab
ec7493c9aaf5980fbc9dbfb3e2537802d11b1354d589b8002023bca8a2544b3f	ok	279eddf7b4fd495ff9dde1607527d138761527325143a5d3963434fabc66500c
ec766583ebaacd9dd62d1cd5fb1cebe61fdbcce59b930213fd20a8d2b0891673	ok	ca0cca883141381368c536738d5827c722f8d87913579c4d69a932c3be656bf5
ec7b959b51582f44e1ac5f39af46be4dfbe16c15fd849cccc96d02bd3da9b589	ok	6c522148cf1ab958905ad75f594f6fbebd670e3e91e69ac0e9ac66c20992038d
ec8683af9d961a5010a77dbc2f1a1668fb682a2770c37241fff2b79053846760	ok	f9e1b2e6e2e121ae6c8b579c118a07adc89a104f7034b6b296103050f47ca50d
ec92ec548d5388d48d717a537a95626f6a53dd6074415ce5cd7df7b0a3b60aee	ok	187deced8870b6548eb4bd416c37210058ae72e96b6d9476b92543a9338414dd
ec9a68fd42adc386feaeb5465cd6ecf727719ece4f045e822858aa7cbba94340	ok	431e909decbbf22e214ead6033d3021c27232e2e13596361e0ad69739df7d7f0
eca3d670c5f2809d9727587ed729e695b677c86405e3952d011dd38abfd857d8	ok	cfcaa87481e917ad67f6aacff4469bd4989240335436f813b883e287a81b4167
ecc3005c0222ef709035b175b48c4052b1093dd9afe92ce9d469a40d3aab94cf	ok	c227a342b09f7046de1b1ce7a2ed8cf24a866345ddb814199049ae756c02a900
ecc78d13871a4eeb55c48724876ce4b391946f406c6f79b821cac7cd8cad48b8	ok	978df3e6d14724d4f1daec2fb1b38631525a82377fc0fc38f69e38533c10abf4
eccfe57c29f40e8d63aa75915512704ff716372f0abdaca2a4860c4dd3265b82	ok	906cd0a148817774140170dcfb482e67d1ddba75015d8a7041d6a8555bebb58e
eceb6490d422bcd0c53a61cc3f47860ea2cec60bbbd66aa939cd1beb446e360a	ok	6caaa19c8952e6cfdbfe331aad9b1b451ccd2fe7f011df7610e23869d0e151f0
ed3408b0f87bb882f0da4cd7d1082de0c7165603136fbc74628eb03f38ee9691	ok	5431249a9aaf55ae8b97d4a341ae9b75c2e23d0b47b6d1c37ce960a8f445c2e8
ed4974df099bee1cf805c97cbd89e24275a6114efb5026edb91cac920a4a332a	ok	c9356334236691796d26d895a52f515d7cbcd3a5571a3cbaf7113870ea4e3a5b
edb2ff58fb837a6bededc97a37f2ed984714e483b60bead967ec595d2462146a	ok	145f50544fc9934960e75386c01e28c8ac0ca6afa5308d0785f77dadd0cebf7b
edb43c97c8863894d2f1d295428ff1ebd33a3ba20f16fdf30acf803b537d7a13	ok	1693a4b82920c52d4ae3519debfb6ffcbcd6d01a457270dcfdb8acd88eaa9682
edc38a04004ce83be442fc20931b1944759cdf91e6906adc1bb89ab60d8db082	ok	ff2be5d678b9226d556e9204ad71cc5944524b2eff08e224b4f225c7e167a677
edcd601cc191a99282dbbe4fe1e8ac2081ecb6d0b59d859fa9e7c479b5f76c14	ok	749fa3f940f3836055718525926a994930688d7f2d6d30cdeaa8ee9c0384eb2b
edd42b1ed3f28bb960d11baaec04e40586d30c617f9a90b6bf9693f58641a13e	ok	e84c10d791238ffe78b161ee116f73a6dbe0c49063b4bc281bbc7efada34202b
edd7cc6b10df587da77693d2aa004802e82bc275265b065d3ecd79ec92db18d3	ok	418f30e793bf50634769f74526f2bb6a8f2ace5ae697bb1f2f5512f6d999d65d
ede2345122d9481c85175d687ac67a0dad7c093fa1406525e33a89278481ac49	ok	40e60077d22a5b50742979679196101ceeb2d8f77a8db5ab8273e3c3d27fcc25
ede71d260a1e10a355a616149ab2cb90d7bfbc3ad33663d9745e051a87f42ade	ok	68f23d925686a38491061d84a72ffe5db3d9df34cb938e11f9f90c410164f480
edf1d0a6cdced7bf97c529273e6a9890d57f76cf919ce0b12bfc4e1a313e1b13	ok	d545dfabf6b080d5e8ca68f5fe4f07b2d58032fc996157f63d82488c966d9002
ee424b74185ed37827dc4ef83fb8a02d4fc43d36725368e1b4dc2f26ed11fb3a	ok	4653d7f59917d7b2816c5730d1f13be31cd733143eaaa850c29d6bafad5d46f1
ee427843840af931a1101bbd46fee875791ebcc230ca1a1ca40a484d41899b56	ok	eb4fa51fa2a149cef8dec29cee64ae3ea0450ba8c63ab1a9a87d42064bbcdec1
ee5c0240b8828c35211c5726ecb85d28eb005cd51295cbcc2607bb7359aa06a4	ok	68cdb0b7cad2c45579f069947ed7f36bb4543fa506968cceac06ed177d62fa93
ee6422a58a4935a1ad3efe0142879c44bf51aa61b902ebe2ef839f93f14b0068	parse_error	-
ee770d9fc721a0ab55870657cda907a0019d9daf6186c330d9925b50295901a0	ok	0b9ef3ed6ae4014ea8bb42bdd788235ad80c2a0f70df6a7d606f6b5219bf9a29
ee8253265400b49efd546efe541266a392702a27f46b2e1396b7b03222e120aa	ok	3f0ac54660de8a0753b45ebc5b0d64695b4dd25314b7f9ba1b994f1e7e5b1fbc
ee8980476d1808c4097b66dbb86f8d3f9b251896c448c601cfefecf7dd0fd547	ok	9508516155eeb1d07e6c80e2ad8096ad275f667f124f1b72a9ef3f5e8251d780
eeb782c7d8659a8ef828ebe09334edce705512ab47006cfbabd08bb1208d624b	ok	0393ec96b849752fe479d3a14789c0ee663f280c55e8347c89528e8f1281b01f
eed14edf7285320032c0e16b40a249f53260d0371b41c28ecf33b09ddc97b4b1	ok	6558588e7d13b517cb94a48a4780e09586ef1cd0852ef4c84492bbd629bb2923
eee8c6d20e959c432561e2957218420e559f2f34acd5e82fb4aa61216063dfd1	ok	8c2abceb62c3ca6c1706d66ec87aa328bebeedaf3fb9dfa2ac01a5ede280b84a
ef0fccd1a2d7f5afb107970300ed33a583d670fe95f79dec4a29899de81aa1ad	ok	994a2a0b1c701e32a387e69dc143abce17aa0fb6e2af8bf893c3f425d8ec2154
ef2ec5cf695f173484adb870c30aa43e2d853dda8d085e969f3f31976f82ff3c	ok	6931a5854ab5278ceb8fe7db026dd687283c258fc01763e463d9e1f0f11b836d
ef76fefc580745bc7740914e53682b262e42d440bee0c49ee0019f77f5134b8a	ok	24e19a98afb8a77dbf7d562a9536507cf29098cd2cfddf1c228153620a4ba663
ef7982ea10588e0a8cb4b0f96752cf4028f0033b4c28955cc83241545db3754f	ok	7ef26b94ea8e356ebf93b471995cf90fb8659b314504a83837f6b1d9b68c8525
ef8218fc0fd8e9c9d7015ab17b2ab16e196237701946cfddca5c7908b5a211d5	ok	4476b265a4d3612cd893c48ba7d7ad81c6e31fd1ebbfc64c319a6f3cd812f9cf
efc52efa9b91af3b0e3f69b347d8e4b5ce729997809110a9f439aeef656e812b	ok	2aa6fc92246ebe077175bd2a4babdcc3c3530f3bf82b7e12897b010f47e1416b
efc68a0db9faf7cb2bb17b519d601c661fc00c6d6cf7285570c0f643db78293e	ok	b0dd4e0fbc467a4281716cea2fd1b36739923ae6a56ca68d3b46d9c1b31028bf
efc77a55ad01a3f11961b2c20e658e41e2c6df3a5ccef4fe5e51684df858b672	ok	1db32005e083445f64a38fa60270e548c028daa103362658b3583f84452a5d09
efede2202cba982717626f10e04c819fb6e7de134fb7f3a97e47be926912d2d2	parse_error	-
f002c5268ab0202476fa1197f161610188e0d57c9a5d4dcd03122f3cfc0285d6	ok	f6cf5144229641d383062aa65850c9def3ff711708a9440c363a8860ab41fb97
f00c9027df4a41df134a8e8b7c07e328597fc8e0b1fd8bb6ed98d503f88b4a48	ok	1465f05fa0ec429651f9ae0aeb0f7bc9194a171c5cbd80fb6aee8aa182c86ea2
f01bd119e0dbe61d0ddcf8bf434145c8bacc042d3ee61e51fd1bbaa14ab966a0	ok	98c246eb14a5791a3f91e90cd9dcf898de8b328ad1d853b91eb0d70ecf6c9b62
f03c1bbc6f09c02b720f930e095d2764810f110d98de242e4efd0abe2cca6782	ok	92bcb80e53fb91457a00955e3db4d723f3155cf5b2fe0ffebc789403853d30e1
f0614c2f20d4fafd95b274fc28abbe2fbcd3e24b7ef22b2d9e391c4da79deeda	parse_error	-
f0835dd6e8bd86257acde7240efd4cfcbffb9b49a06923a84e4d2a85e54fb488	ok	f26a37d8dded8595de1019f99a784a6c7d9de813773701979453f6ae7f4dcf36
f0892a3fb7793b72afda511705f54da219def702d8ed36fb86292a7de6e51313	ok	dacaf1a42915aab0a71d076def38c4609b531b23fbb6dce2d6c9b258a88f640e
f0a3587fa8db22a24805ada1df8584533d84cd584f84750622f039cebf0fc2b9	parse_error	-
f0bd02ff863bbecb0c03e231f0f0e0314a492d4557aa2a7f4e27b2c222cfde4c	ok	07c0e11e3ba31b84e6b403bdc8dc9d247788d29beeb0720618f27e6254df6506
f0bed81b26d1df52a64d02b2fe1ab8ff681c73dac2c8d7fb85b3daf3f26ff293	ok	aa063a47930ddee3f2d6591b416421c364b53bbff9550c7b8a054a55b1fa39f5
f0c3279792c486e5c9a43c87b23127e68feb5f58b0676ce3e0a72ed6d0fb7177	ok	21c9679bc713ff645b215843d3bd383108d0d94ca1df84c4a902de8332846ac2
f0d3a215f2f65eabaf117b7e9ef0e2973cb3f384a054d08992fa9923fa6708cd	ok	d84cf347f38ec6106ddc8bc771fe6fef8bbf1752d16aad91e519fdea2327406c
f0dba6adf9fa49cdf582dff78b2995d1e650982aee56215ace49207548c3460c	ok	1169643f66e0d0cfc446413a249dfc923e0b1475fcc1c37171a53868624a08b6
f0ed699e108e1d930bd3b1f3f70822a7ed21b3d74864b4e9257897e5093f5b36	ok	aff1f3815a35b3fb51325b566f8aa045dc3ebed1a25753f45ccb916b7852ef2c
f0f35fbe29d6e112bff4ba1d789f7dd9305451f939aff82de92011eaa639e12c	parse_error	-
f0f932c0f0111f68421963635a6a0d892cc4cc5d443967638ec4eba7dff0b601	ok	505fae204f67705d60aa2873aa5392870dfa1a888b48344d463b3c1d4d5c955d
f10a4bda720390ec90fb54ca09be4e53b007295d6827c9621f2c7c9e26d3f2aa	ok	22a77be0d9f8aeaa6d5bf2a7914a95b844dc43e0b7e70646512b7400bf278c86
f11dde1a3d04562ce646f24301f45d57e111a3c2e52a843c3d13865e9d21553b	ok	5c7f29c82aa6da85c96dd4e71b43734f8fd273940bf0060a550f10658dd275be
f13bb24e43b1469cb3aad21c69fccaa36ad9d9f829b25c9dc13b054267f5c23e	ok	d78f6d1b316436cdac4619ad2fad74d223e822bcdbc09c28ce15e71c7cc31668
f14cbce27f907184ae8898225f4a2f9b406c770d780a3117f86035c8fd00bd23	ok	758164f4bda6648c44b7f834b7df1c87414163cdd4a653220d949faa60040aa1
f1917da0da8163cc51aeaa9ff79039aa7d10f1cea561cc182b322b46425f10ce	ok	faae2297a37b46e9b4c544d01b0ae834f78d5ad56e06ba269b511cc9c16f6fa1
f19f80ebb373544f2d40bf504edfa43272137f87b02cff17ff08a85471427af3	ok	bf7f687fdeda23e59b42675895501490979429a4ccbda0f88450ccb5bf81683f
f1afe043dda0fca630e6f6305f141783c935d2e446d4aa93e7a752a274801c22	ok	0c740502da2d7c857074212cfeb08d5c058934e0fb6dbdf63e48e752f14e7935
f1d8610bfc8a99353b365390aba507326eb5f58740d59ef5832f0f02a5cdf849	ok	b0aedf505229b6e32b0786a79ab219e5a267c74c9e64bec2d6376aa27cd0fe08
f1e373f072692b64de0f4c4e5fa57fed39d575ceb33dfda4fa305eac8e5275de	ok	74fc3a07178494902d4608f96a30c562d0ac872bdf3f1a4e1a67d60bb374e024
f1fc2a39a8831221fc729b785558918a8dfb8a7e2f35c54e6a5f10d3013fedef	ok	3611486620a01220543f641e7187c0fd19d7aa02278c65445308b357c8729283
f21cc65b2057257aba948bd7b164ffd504b74a48779406acaf090d569f7e640a	ok	9b66d6e678f790fdda4dcaa502393c4a55c19372837b5f0d7703314c31429759
f23e20a83dde4604bae209e9941db72802da74ec6a7f45655d74edcc6f49da96	ok	7a363a6c44fcc48c55ac278796efbf452ff460d61f874ce62eec18483ea57544
f2631c475a3687b2338f2673884277fbce7c208a7ecdf39d584103e55a009b99	ok	842bb0fb1d3107242d82b4967aa051d59f2fd923eeed6a0f972f50c7d723f2b5
f28391ec9795b7e3625374d8d587b56507d7ff4cfc5297bc3ed07335671ddcf0	unsupported_shape	-
f2943f257a1cf45057869e3c73ed319a0ddfd704b6c5ed442d81621b7747919c	ok	6deafc60ed8f8aa486258f0bcdd86169dcd1a5872a272fa2e7e433cc51003bf4
f2a1a24bae2c656a185838e8a85332b09dfbb3ab29c9438bc84aaec17bd54a31	ok	68e3933a1d1763805d6d17629cacac7ed16ea7f4901a205bcfd17ed5c04d1cc4
f2a1aaa2c5935e6515a27443ecc001aeb62b8ef3d951a90d4ec3096cad283d9c	ok	08d1153e8b6d9d6d58009e5de5febe57fa15ec199905c01e6752adca53d3e19e
f2a240b1b294ff7d733f8f03983275bed661451f4816ffca905c40db133ce020	ok	a05925dfc177446710093d578538ccf81362d872a2a50c9043587759e4940e96
f2b16d0250f63d894ab7345d349ae7f2d2b2fc9e518b430fafa41c9fed07a2f2	ok	3fbd2302189e3dd00ab1341fdb17abc4fd61b0d3fed28e8534d27d5fb1a698c7
f2d3c42df936cff8c12f82cb9b75394397d63b088861a07a0d32ea5ae901db38	ok	390b7fa382898f44e682291c27f9da9b6f698b46c2f9636580c1cdfa29dd00af
f2e0f412ef461fe93ad825c01aebca3f1602cd06b6572f921478c2c7f2b8e0ae	ok	2ab303489b8eaed4b1d3d6d5e3f2b29752b926ab03733ad9e89eb83c57cac5e7
f2ed6905c7e1f4971cb060f4727080cd9dd90dd301942859250e67c9c9a33e77	ok	037bc8067cfcf10e6a0e5c73196f128148093a5d691954c15eadc3fb1979e09c
f3118f57c860d7dbe99f201175a566fc95a02f91ecc11e480fedf6189239c8cd	ok	f9dcd2b6d5d8c8e9a315bfdea4a797beeecd78aad1a947ba472a6291b9febc40
f358801a81db283db97d0e3cecd725041d02d81f8b03493c462508652a79cdd4	ok	7f4e200d185a9f516fc755a370177b6ec824213b005aed16c024f46792c30961
f3724c31d9ede817538d8b9f71d66b8136eaa18baa64b9dcce5cbb1d835b6b93	ok	b8946423a879d4deb0abb2b62f30d4fe8cf8dd41a79820408e0c2cb917c5f64c
f37ba46297721a3ca6b5bea3670d027f9a7aca04ced430eb4f2d0d63e1e07e94	ok	7bd21ba251d89fad895b0d86591f4ed1b9fbd60838b307f7feccc5a0efd35de9
f37c0aa7d385ba275e7e235db872264be711a23b63857144d2cc703e5ca6674f	ok	2cae84333df57c4772ea5630b1feabb1b3bfa2159ac7cbb21206861f4c8db1fc
f37ce22902f9abbecc348d76bd20201d408e2638e7c1ffdcd61c67abed78d223	ok	0dfc0bf96fe55bfc01f90fb56809794304efdc8cb053ea194c3492236e83a7a3
f37ff74dd39a7cf22cc95a342ef91025765bf09a3c81967401da60485d605551	ok	c0ca4af1536c05ccc73ec30e6d6bddc2f6bfa39bf6986978e73a272be4b7c981
f3845fedba399c4068c60e7d5e4bbbbeb0f4758207f23daf507b16707c6f72e8	parse_error	-
f38cc6ad18323c552151a339546dd2f34e137862249d56aedb8aaada6121efea	ok	884c4387a12dffacc32decacd89a4193aadd145ad8a0aa3d925c195a5076b96b
f39b4791fd355b47cafb7cd3986276dfa3f316deea84e2b47d4e05e784f4f1ca	ok	8f632ea0fd732aa33b621822f69698070f17d7d391165b4e5b8aa01856f4a233
f3ae194c790a1efb37c6c612fc41d02a7d30a05996e0e8c43a3f8e0cd2760e7d	ok	4e09ba65e301db8bab1400817f23678f0ca2c6f1001bedd5b2705e279e62ddfc
f3b63ff10d394fa7023d5f8a383692bde03abde454ad28dc160c85b20d0c8898	ok	b40215c0fa3c1d725c0258e753c85f617fa8bc3925235eb17fd6bf9f7a028af8
f3da6a1e4f039f175a13d9037e2624b69d9a6bce8a9c4a6540424981c3506308	ok	4917abd6f9eb409b46d72b27adb50ed983a346ba4a2a661f28ff8210604c3d03
f4062b148b092bef386b05a50f7c27f4079e6de5f47ec96180965181dc9ee9a5	ok	8ec058b8e398057083280981be4f50aa20b027af8a563345babd0dc08337778a
f41c1f7e54a011fc687826e42dfa1e052ed373d32805ffee8d41bd254d8dce6e	ok	d53d1c3f72e19977a6418d368cf8d2508b03c10b31f52703bc4c827d3b79ec80
f41f410c9b0e0396b352afa7f85202589590525ca159fe09d467efefb2126990	parse_error	-
f424915aa7f6d07875b4d0f082663adf784ae6790f3477f8452e17ba1e066df2	ok	7456ca7b6ea8604f1fa52d7dc288b6b99e011524662e0c82435ec0e6195bea05
f43214da639200e0ce9b2c455c64a5cfdf6fd8168c4ef3846acb102683ce7fbd	ok	8ab71840e30d110b8a4078219c0b6393c0b92df94337c93596ae6ebbb1227622
f45731defee22554e0df885000c8bd1cc5dafbe1d1601cdad0e52fdabb093d98	ok	311dc8b82e4a8afc410df6f95792c40b5a36117cfaf9221ed0d5c894959a4122
f471f2f9c367eb6ffc1a60677b30715268d6b13d760d6c6eeb9db9845d17b729	ok	eee0e6eb0fd4a944e60849e938ff63ec466a8bb4b437a777734cce51d870a28d
f476112283ce0b7e82d2c3360ea8d5b3d0fd5540a2f3e0f0f9d17271251c710f	ok	bfc389a338c8093ec7514b487522839586971cdb6f4b7c2d1e50e19f58777319
f4a3f9e393a1654ceea0bbd3043067ba3ec70345e7a77a0ef4e1fe6b19b4d637	parse_error	-
f4cd6e3ba5f7ca150d9df90e99b66a4a2f0f53ba3e8b34686fbfde98cb1fcab4	ok	e4d1fbc2b877f23cdbde4f3df59f53160614d54472e5035d7155a2003e893119
f4ce4d9acb7e2dbc60a347ae2104c909db37a7ff5f977f9b5391ebe8d4f2854a	ok	2753d29e40b0e20b386ffa8ea8f333c12c524148238317b8c0e3cbdbd035169f
f4e1b9b275df3bf422291d9657bbd27547a724faab8b8800c4d0d0bac2219a9e	ok	5d1431a93b983342a87568afa6d864532556ff4d35b00fd9a2cd067675a84e8f
f4e8d6badb22142b9c779473a55136fa2a819cf61c220273225df20422f2c485	ok	72aba77fc307ad7e590e4bdd710ff0c8908ae58b38a73f1a3f38238dc2c4589f
f4ff0141a0b6fecef6c5cfbde827de221c8f72476a0c8e9465e89ed8174718ae	ok	277c0a5cf409baa586bd1c052a6bb3a89f84181731b6bdea25d65604d5a80b5a
f51b3e1e6af96cc567ae8538a2702f433872f96ebd3ecdcc71bdde1a81e1808b	ok	1912a47f9d1e98ef7df4057ad76828023e6ff240c435a873c90ae1b9502918c0
f52d7d917dec81973e21767ed89c4a7eb73f972b882fd869bc427d66bd5025dc	ok	a6d5e094e54540b376ac5f87ad603f7620ef6727f4dba527237743aff712bd19
f54692338a3037d77c17ad898de7cba7585c2428c57a29b08587f95d02262a69	ok	000d97522192bad1d3a9300dda06d7a3f21a90fd70f81929628be270bab83ce3
f55e7d95d6897dd93bb2c162ba8b0ddd38bf6e0318b76db9d952c91e04d35644	ok	408404fc56f2d124da90e3e4adb28d8360f97c5ffb74bdb50b6dbbc2222d6337
f55f8c732f514236e42d864aedc5a19a25ee51d70d1c9e6376acf7fa3d94b51e	ok	3c48896adabfa70cf9132949198d69ba664b9d0d307b017ae9be0197b0eedf49
f57b1813f6b29fa80c48ee2e98b0a8291f156b4cbef4814ee5595290f9bbb9f6	ok	b713e9558414f22725f4d0713a542268fb69687e2952174d01d0d882587f902c
f58ee3d13aa6f94c6c8035e72b8dbd4f254695c909b7fc490aa9a221dcf947a3	ok	68cdb0b7cad2c45579f069947ed7f36bb4543fa506968cceac06ed177d62fa93
f594b1174001b1d79248b8f894df3d3c2625388b5b4580a84c65175758fa7a88	ok	1c7122a6833fc35698a3fca45ab89cefb3de4767a8d247389ad455b277a6b673
f5a15037854f64d680652c381631fa150d9bea847771cbf79cf50abd4ed47cd6	ok	9996989a5d81cf66e45c308de0ff7a2fb6c216b9cc7fbd4a58c4529c6027c1ef
f5a203706e94689b4da59592987be98b02d533656b6e5848495a59427533c0d2	ok	0b9ef3ed6ae4014ea8bb42bdd788235ad80c2a0f70df6a7d606f6b5219bf9a29
f5d82371e57d50030ff3a7065b12915ca90a5176a6b5827a409645a9bdf3ac37	ok	c5ac4e4de5fd7de3e740a502f3c712690e521f82516b89dad31f85573beea3cf
f60416c797ccd5b3684abbb3dfdbc49ee4855312955528b5086d95505d2e36f1	ok	a519464c2c0adabc03ca365a7ef824e075aa3309561df9e99551923937f318b7
f617d3485d83461ae0e71b2c0be85a674294271ed626d399e7e81d2c887a7ecb	ok	898da6972d364ba6b3ac4effd9313b04175ee36fb77fac076bee1cf44504b4d9
f63423bf71b9ab43c8844730b523e2d075d04c2025e8c545bc428df1baa06e09	ok	003323349424cb053ef1805a3d31c5a37a6ee9aeb58b633a74e0c262da1b8802
f6452915cd6afaf36e16c6eaefb0a164d0fb736aa4db94d93a7f9f2240731686	ok	78803df84d87f44635b2e7e8d508dedde72b0d2049ae61fa2cf4ab54891c4417
f64afb97846e29bf64e21874a67dc5b8a4cce3b4cf32cb79df1fc0afeb6de72a	ok	ed80f1e76fccc841f26b6f570bca95bb178b3b35c90f3a2f00a4236c0ca711b9
f653dec3fd0c8dd84b8d540cd3a68b46516b5c27f985df46cd7b58b5babbaf70	ok	1abf3fbd16823bc68a069e80ef8be98f8ba0c500f94d0c2203cadc1a938101b3
f65db6cfde31ad281ab53e43265805f8005017c4b0e5b39b77907c74523dd09d	ok	76072fddaf0b9308a29d5eb9daf8ae7ff47dbf3efe85ee6cf3c81af0f90e7da8
f663b8a17f26cc7b9fe6c012c650ba0a039c73da5fab3f7d49bad038b253c889	ok	1a4a702dcd426e3820696b16f59ccff9e81f9dbc9826b87624bce76a6d7de605
f667c7ecc82331c34ba4b1c1a11fab85e7546dd39656142d1e873204bafbddab	ok	2520da9fb3696fe16945d810fed444cc426cef85bc8c988afea959507694e6a8
f66b38748bbb930c3b1d3090dfeb077155aa5f500b8df89dc40dc3f5e54338fb	ok	d4fccd88cac216e25bc428edcd72c6d4a711a29b23f5aab4432f9d0f17f45a34
f675c85eedb41d63d89013936e8f3b658fc18f0e6cbdf6410cd5c5b2b74d0042	ok	9d9083cff67478a0681434f4baaca3d3de7b65ee7f790d5b2b0d5a52f94f8275
f6c64a1efcc15c1db31ba495fc6a866a6de81ce75aed7d74f564b07d0f2a13a1	parse_error	-
f7060504bc2d33ce622ad9ec3fa42ce9fe15a24a28f10184be2d354ee56a69d5	ok	502ecc36f9e3fa4d14d3f7c9ae7620e771ca2724ab66b647088184643418470c
f74d6538d0e7f026c6fdf35264e3b6c1688d45b026746e927283898ae5dc1f0f	ok	78b53de776d266f050dd2f3723b18d87670b776c37b016eeda2cdca8d90df379
f750511d488b5511444097fc5b4f9945e2d798e2c478a348da5698c7dfe0d1d7	ok	18c421bf33d12cd96a1eb5a620f5ec472121d446392063139cc9fb2c5391aeff
f759f4576520fb7f23ef6cb3078cc476359182af67eb66f57c265f2247754fbb	ok	684e56af2686b604f0bd089d2c32523bdacc5e3038f51ec071e4f671a2d9bb44
f763805e5ee6a528ce9a85c4c352e8d573a42bb81303fdda968ccd18559f6c82	ok	ed1205a4387b71bb43ef776a72e92a45deb8f963f4137b57d4c732f26aba3814
f77b8b1b19dffd93079d9ca464f1e58bafe82e5742189696c8049c9e31c9737b	ok	6f369aac6f24247abb58544af546306dccc1461c9fb31f51918ab0fcf94e8936
f780fdb98b476399729feea8e9b0a742bd3706b736fa52d1fed901faaa7183ac	ok	ba9868c252cc1a09292814cae8f525eb3c49dd454e851ad9b1b45c039ac733a2
f78fdb80f546b913877b1588a8106993c4cb7d7b465005739fedc3e7ebd75642	ok	91347b56e0a36e7ad5805a497e3f9c35b71f188c319156ef3173d77692711367
f794b801cbdcd8d733c7ea31e5388f8f89d4e6f336b3e2e7fafeb95ac59b5101	ok	db9f7b20a92f0e4d9aa33de24b441241d9257b93fcd693bbd0e5274355c5c06f
f7997976bd828a050b05a14d6fa34f1ee1d60ec4ab1bd7bf6f099ce788f5221c	ok	c6f18fdb8d7dbe0342d709a9b617441238581dac3263af4310fd5cba259ab5d4
f7e91fc395e1ae6f3a46c091155f8cc4f875faf478b2917932ca570fbe27b0ae	ok	b60cbfdf782ef35236bb1f9a337ca884d5a0bd117e924f4fbf6c73ca1e17d471
f7ee561254d9946f428d194a24ec9fe10982e23a3b181cadbaa50d6d8e22d7f1	ok	eb101902e5fa375f8c2a58d6bdb3c2cd0f8dac979208508a9ac772dbc007ddbf
f802ace6e44804f44cd3f5753163c6e4247b2e07ba27054c577aa6a916e47bad	ok	dbf35befc18003e07d6fb44ac9646ebe2bf59b6af67ee2b4c993809339cfe375
f80db77455edd102fffacad4a9347cf8058513436a9610da7abc37d978c4a0ce	ok	d37f2047e7d5102c6dca10d3ce666043f4a07f52bda70b8c9b4add5833a67a3a
f816ecba9bb9cfe6c2f9921b585aa6ac98b85e21422f32dfa052af446ce2cd0f	ok	636107d2a6dbb5dc6c58bd40c241e60c041ec51ae5ac9d65e75dc1fa7c002cd7
f825b1849777ff888e80a42c02e33c07e070953d08b7d20506da8b312187cda7	ok	f2499a0ed78c731569bb0501ec648010232317824ebcac15f2fe7a137d12c69b
f82743ef7d993a275d180eb06b7b0323cb94a79db7938fbfd91bf21d9ebbd2ba	ok	910feea3eff62b7cf00155c117df55dd5245b3fe168e7b2dbd42a23a77015355
f829f36ce19f48fb4c0a90aceea0a21f2f08e664fa6ee6dc2184d663860a9246	ok	c7f0b731da5be8bc392f69d312ee85a28aac10e4cca3e1984411de222ad94d6c
f83d0a5e5880cf751cff97db069592d21aa64a08163f7afb5f1cc41f0349034b	ok	db9bb672fe56aab662923b6a1bca728c37f14ca28db21d50b6216a99ee40ed5c
f83e0ccde3b0854d5ddbbdfa341842f738a46a4c5547a46e4085be45ce805ef6	ok	944c2694da91921df259ef832f5b5d79c51cde9c4022ccaf82ea94dc3598d974
f8487ae85d53e11a4516348528dee7cb4315fd3df230e5f0b781f682de649bba	parse_error	-
f84974297b69fff392b52549f3c6ceb8380fdd1e8c658120c5fb944c222e21c1	parse_error	-
f84cab50745dd44c1eb0d12cf17c11752d9f5d71969a9ea38ada79d44845c3f0	ok	6d2d281c8e190d27c085eb6c49f07eb42ad0babbddb1692867904e420de43601
f85276f2a5a724d03c7d013a647bd8e46fef576834c696e5986f6e1ccf5af9c1	ok	c14376259c4f3d23cbdfdb0d0a4b2696132586e1b601d7955ba85d8c6ca3fd95
f85988974cfe628ebbaad660836a8fe3b2f473885cc2bf1d45d6f989f0f60356	ok	a3a2319e24d4c27b0fc08af999fc51859198dd7ddc22bb1974d9b197441885a1
f8bb07e8c4d77f6e5a9a15b051545176a1ca901fcbb55b55c166c6d4a6ca9c4e	parse_error	-
f8e4edab653cb16a98de42c9bc9c8261a3d1629b3340dc8f85df5c9e65e15e71	parse_error	-
f9003031adeccb73f238e5fdc71d3e970d832a932ab555fe878c6b1ad061a6a2	ok	c57fba53b6feb7d8fe704b2298647f66b2009a24cca5d43601adf8f435be9457
f9295f853970bcb5ced633511bfff8917deb3844078905e3b08377ad466f7d14	parse_error	-
f9500fed7fdc75cf58289130fc690388d5395b863c0cb18c03a426a81771ac6d	ok	c623a1785d946e3f18e9c2195ff61dd4d44e3d7a992308589760d0f12c09d502
f9693e7ce0eec07a4376434fe00952fffb71381af0606268051f1d1ea65b1219	ok	90c6ccd91ab732a0c74d322cd6b7d8fb91fd22d1dad7a68ee97a83f4dc7cf116
f9754d0b9f901135a1f4ba39680fb5790c4b6456945b2cde1925ff4878e0a0d7	ok	d15f62d58f676baf4d3805a1b6736ef09b456907bc70c54a3ac92101450d0e70
f9a34c4b0fb8d28d14766570b70f5ff243eafbe93f65d95c84b7b4ac4de41f97	ok	809a94a534f88825292afe072739ee3583e3cea44593182058b68ace520b831f
f9bbaf6966c043c1d9d104fb361338ed75f79e777c5b65577a5c1664bdc420dc	ok	36916245b8b62202ff5aa0027e4b8957ffaf3a9e32dcf2796c1ac06df874fdd2
f9d29dcecc5b9d34217827a558d97bc67e241ac05bc886a2a5a70290683cd3b5	ok	c8b8401e008294d298e2aaa74e3c19de66831edbc14c181233a33004b8789e93
f9ef20df24d020754979046264fa88c1b8d138a518ef24414a333c0103cdb1fc	ok	c37acd582b2e23f1e0990c4b667c40f9696e7e12e5f5d89a2c3e2f41b73fc7f1
f9f47ba2829fa8d93a9fb07f4b674ed3c75e5e8fb164bdf5f6a1e4ffdfd5a5a9	ok	a0ca367fcabc295fc396532c457ebf7ef595590ece23f34e28ead5e939343bf3
fa2256e1644fb7c0b814f47eb3c69e637008eccb937ffb406a548fa41fba3ca2	ok	8400c24b5fd9a8e0222a69bd9bbd1b9f7a5abbcf8e1feaed31e69529a97f7ee7
fa43c0f6dbd99f20cc5a62958c0154112a59aa16b6a34e2dc8631d43d7e5b570	ok	1693a4b82920c52d4ae3519debfb6ffcbcd6d01a457270dcfdb8acd88eaa9682
fa50d5e304615d69c6305b63461d7e42f98f2fa98a7e5b5975371dce07823c83	ok	b7ad341e6278f894a907cf7d47b3131bd18ce16cdf62c91bfbe2cc876cd4ab72
fa54116a5e9e7bd67c1829e3296e571ac16230022d013e8e0a6b63aa6e22e768	ok	16c7a63e788c27cdf76e54b9dd111fa0d89882c6f539461f6e7f41a9498af161
fa5af5aae12a101976db255e836c62c5787e7bbaec1cf0c09708a986b3e72b94	ok	f1778d6fc7082da03e2538105ffe1733c32d33bfa79a31f7b21ff6964344fdca
fa782307ca35d357d1712e409c3485e14c7cd596ae55233f76dddbd02b64b7fd	ok	c7480ac7471d57f9b3783432eab229695e68706eab7be8f66740b0987be4da30
fa935bc510e101cba89618695b8d902fc357a15fdd414dfa008dc606a3a72b9a	ok	67e1f4b952008c85ae953c29d690f8e6c08f9c6e2964d3ac67f4198a6a6c343a
fa959a463266d00b0ca2c39eaf818b6b92659d86c70a7de4513e6f392aff38d6	ok	e92ca9b5921de7786c688fcdac376bcc2afb22ed3c995177d4a816803d71084d
fab24fabb262ec129db052777a9cfb56bfe6bc0f909d212f85a2ac2c3499b5aa	ok	a9c2609a561c7130b63c44dcb06b5999b93ce31af8dcdcb6cf4743d83516b683
fab40850371eb2bfa8a5afb19442a48bb1d8288dea50b91506cdc16b13bceda2	ok	13132e62aa2e90ffd9d0701f1d7085bc7ab6bf22e8c760a82096116fd0806eca
fabfd234531a716bdb4995d16c5b26f20bd117d5ac4b848ce24e3c5d54f7c891	parse_error	-
fac4372129388c5b2f9133220a3e6c0a60e252ee72d4320e90adcc8c98cd033c	parse_error	-
facb1ba28d5d5a0ab09ce0b1ceb1f901d9f4032b21735fcb6905d8c13974106c	ok	5620379cd3afa1acc791193ce1ac42a7ea67d17a51b449ba014654a545ffdb4b
facf7043d65a645c5963b4b23783d54f8f88d9f9e73e1f4249262b4dd6fe7bef	ok	8ace9ca20e3322075ed1bd29c1dd64f1d5749d861a4bdefabc9d9f3ac64316f7
fadf208b9f73ca6a4d087fce075df738fee02604c37a06c65545a7a2866f28ef	ok	cdff7fe5034c5db823c72f21949627ad1e9edc63b1fcbba72fc61eb069895ca0
faeec29871f7ec068c5e252741d1cd641565594e50b936c7c4d87409b0d48189	ok	670ed0faa2a39b6040a3e85cbb5c635bbf9c48a1cdfa9f7e2552a188f78e1922
faf961242c3bb36e8ce843e9d7eb7a1d895baa4e3dbf36cc11f03f566f95b989	ok	95d0dfedc9fe5cb955c4b978aa353180f6aa0d47f703392bb761356878f1f844
fb2e791296f61af3ddda5a61370d32ae893df98f0bf958228a398c9aeab718e2	ok	26654bcf13818f37f0b39a0896a05ecce64e1790769bc39b65e90eb1bb40d0a9
fb35ee30dbd9da61858ca34f6b4b076b8d182edcfa209aeeb36c62893b452c8a	ok	c500c0acc94d4c7b917f475a588c141e07316b60d8f4fd63ac7a4a2a60cc9185
fb47939b0b407db9bbfab2c729087ede3ecb1e78fb1a72741c01d0879c3b24c8	ok	3fb7732d7c1fa2d33279666737161f6e9dfd92cb7bfb72157c88332e552a70e3
fb4a80793a0d3e6e8f68f103d59c0277e7c2d39c083ddc513a7cc33d1a63ca18	ok	f2e6765dbf817b4a11098101fa45dbebaee852b638c15d78f9a414fad561db31
fb6e2593866d334bc3014c44a45173fda59db48e312e8c8ec20b0b88cae8465b	ok	b370ae99e4ae1470749b213158fbfcf08dd8a6a29cf68aca799aca3a7df85917
fb7c1ed2dfc8e61f5dec466d1fae6fc6d697c248f5be73093da29c19fef24961	ok	558f73443b47d3a7e1c42b319597135a78b5fd76f849d645fd14f165f8b113c0
fb9e23c5c996337052e1cc942a6f3820e85c4fe0fb418960be55e4cf037c1316	ok	bdbff8c2278b410da0a9c51abe9ec18fe9144b5ff9b4bb810e495f55360e9f7c
fbb50bb4324c5a4fcc0e22cfb89f66737a97ec0c3354b4b7163ed055931aee6f	ok	6e051d453293bec5297afd4fb4ae873b3f7f0fb1340d8ba4db048783154a4548
fbd31c3fbca05abbc1ceb4c6e6fea8523cf05316860479552357924d1cff6aeb	ok	6f97321de2db1ad223a81b613573aaba1275a9e04291b6698821ddb2fa1acd05
fc4d8f756b879a9e57b30231004fe1f5089ae4578045d0e1271f48071001de85	ok	aa0c4078223ca77afbef14c46244eb61a499dfc341db668922a2920aec836685
fc6f496489702ac35ad691e2264f4cfccc897b097a795d14164ed4936bf17af1	ok	90e670b969356f794f770432ccc802ac5615d59e2ef2de1f75672bedb3109457
fc811b975c94abba8f5b14422bae292f12600f04a127989e6e092a1891514874	ok	3f3ecb634d46919eed6bf39f26870a772325f442502695910155a250660f207b
fcc28d94d132b33d2e129fb4e90dbb75ccd2401b1be86566ae9f7327f20bc5f4	ok	84abf9d9a443b6300ae871098613658c85d4a81cea7be2b009971747b0af072f
fcda9f7345f5e87ad2b7d19b13f1621e984d72ae3f3f6b2059af305f5e7c9189	ok	b31f228880acb73b200894748b2ad441ee1d7a706b1727bf3d4d69b0a0dc0dcb
fce6702ff97a3018e8f8feb0016ccf21a0bb10b473d69fb9f2159e69e3e99cd9	ok	4d3f12effb603bcbb7f0203294104cf70c8e7a393f967ae07696f2d7c074db41
fcf96dbc0e4bb854513ec6a45ae17625d9dd0cd224512e37041dd5a9d9188ba3	ok	b87bc2b4b70c29c154f05ac2a84c4cdd6a0744e6699c90532314adaa43843fc4
fcf9df46ae2e85e47d060b10730dff1d1604ac09973996eaeced65abe921690d	ok	b60cbfdf782ef35236bb1f9a337ca884d5a0bd117e924f4fbf6c73ca1e17d471
fd04e00b4fb32ec18577b664de91880b87082b76bcd2780acf596c79df145071	ok	4d75e5e04ab4d674b22c70a271058f4cceb317df23451c1b1b32a33320c7188f
fd1845c2e8a48edb9e0af0fd9406d977318922c61faa39a0848d3a95c9346ea1	ok	d4dd0bf529c43c90664f49f27ade587d9a979dd8fedf40d362491db11b1e363f
fd2e1571e6b1ca6aa34d7fb489d1e6d5010a6b54c5e40efba5effd6df3d23a1a	ok	a8d6fcdf8b314563d011801e715057d65cff3f2ed661669963fdafb9ecf9102e
fd35a1d054d306a801da4aab80843ebcb06e913b68eafa69588157abf27c5dc3	ok	3d1b46200202e14ecc2821e2782dfab429fa85baaf11706998629105694b4fd1
fd4505817a442b9d46c85329de0cc2877b88f7f9c7936eab06355c2e456b16c5	parse_error	-
fd4d122d0fae35c1f00c7a7be8db1e81db6d3e0b8a3f579fed48196a939db196	ok	e0107b22e82fad2f5ccebe35dd7840fd9e7b5c231b632cc34196dbd3003d107a
fd72195130885052de27e93667d97a9c9dc6d7a2acfa999a4a32b2eb5b3e1b50	ok	01a659b1b09744513e7613fc9893f1221dfd90886e1d3440ce846966d4bd75b8
fd7fbfd75697c20639fda52ed81bbd32748c6439b236303f9a2f6c2285d8b2a9	ok	9ab194baf09c0fe28417ae7561c59f930fd49fce9beab6978c2f4b7510279660
fdb9044b51bb2b30b5ead28950eedce1c6dbdde60a9877ff6d29e3f0979cd341	ok	25019a334a9a8036a08074be6646aac685ab45f88ff83ce96676a94018e02d60
fdd16cd36262f856051fa8fb404a743e59e83b3694c20917f6ea03d8498215d8	ok	6d582f47bf6c7aac612c5d95d73b18a497531ac71b0becc2b570315941db7b86
fdeb54503f0c3d28ca17cd20c10e30dfc14a5010fa18723d426e82fea5ee41b5	ok	b7a64f00f0a3bc665cd98e9a49d22fcc0f604ca0b8a64c8edf65bb5405efb954
fdff20cc98c22e69206fbe1e355b6c46595739203d05650ea6f1fb2c8d8933c1	parse_error	-
fe083e0533959d85888fe2abafe2bbb6014eb29f27b09cd6ccdba12ece5b8e53	ok	f2e6765dbf817b4a11098101fa45dbebaee852b638c15d78f9a414fad561db31
fe0c664f1eee4c45f7e2ac36d029cb0634d21e5fc29e4eb24c1d02feabc81c79	ok	66c2dc194055b7cdba998c5258784061082e08a4716c2c6b4db3989d88ab9061
fe134c0d7518506c2ea0b5205857444fb06a28b443f36c01a0371170b365d84a	ok	444268fa4d5bbce9421a0669a752d23b03344172489a376761d69318f5f84d69
fe39ee03b07de86072409d273b542d6ba119f2598f3e635a4eed6b884c213d55	ok	bc5002e9a0a24d45b3bae7378838e27ae8331f8ca3f38142b604a816f7f1a45d
fe3a51345d7532d3580dbb61e8dcaa686bcf110d53d819fff444389b774a26a7	ok	701118c214a3cb6cd7666b787347a035de3ee95e3f3b1f882150f5447c15bd0d
fe5150ce776a257ea15c910a3522ba47de0bcba537fd8ca4454947fe42c819b9	ok	6040bf8f9060a8ca69c0bfa01563df562bf925958893e12886778fd3e5d5b42a
fe579c958c9aaed7415db5838c202b410dc55f565d688bebd98e7b4be56a11cb	parse_error	-
fe5cedf2ae0e949e9a7823adfb3bfde56277c72dcc851ef2f4243b48c863ca82	ok	bac4f6d146c106da6638e1cfd78268433cca1102665633687589166b0a6d2193
fe7ea87786048dc803aee73251068e73b11cb26070f318939b94e15b5507e08d	ok	83401998d8483a94a80cb5392e47870345bbd1b0fa194220d1db03690eaa057c
fe8ec83da0a072da7e753ac7f4eacbc6e7542ad63db6167525dc6e69f2a26bf9	ok	ec567625bc25f90f790eec3a5082f006ba954ae7cbded48e133addf9aae6eceb
fe9b2cc48f2cf1bd7f75397bd66419e865d2f00e6244721bd1b6577df54e2df0	parse_error	-
fea2589984b60b6f2b87a8de1f010aee6635725aa108b6b9a8c83d3b08a500bc	ok	9a4b876e71df70e712e3952e36e632f03114aef0c561f09a9c7cd1442018a3e5
feb93f146a942fd5ea545ea04ea7f2ce23bd7e8f7deb20054359f39cc4840e2b	ok	def7f4c9cd828fc53ee2cad2166a0d7c1c4dd9ea404a42d8d39f7f44e17bfe9f
fec1877b05ac734cbbec32e982db2a13bd9ed8b7a0ca6fab634b6b63cffc4f2c	ok	b25b4c40ff2a9c53ab8f276edfbaa6baad9fda33cd220d862274e65fae22155a
feca7a51198389b2b203727c8d757b60ef9dfe74e2e9b8808103c317b0ce2314	ok	1ee9d7ade57c7360e59a0ee510addfa0d8f23a4550281545cc5355d7638acd9e
fed41e487dff630f159ecd71babfe1fb5b8eff28125e63a01e1ba60b76c85736	ok	6b813f7b04cd5279f01eb92b6bf60b4d6615fa78a0b42e0f7dd9d051f3e78e9b
fef1e5ea631e85c511198c55eb390a70e608d19ca5423e63f1c47051d446952c	ok	48ebe732e4ef536afc490bc0187a8336b3d7c13e1a29077a994234e7f336e14f
ff06a5ad3e7d54b5fdf2ac60b8ee5f9d3e137f110f4686fd1520f5e6ff92a65e	ok	efbef444068c07e7243ac19fa015f9f5fcebebb8be54c20eb1b078c58144c239
ff10533ff65c1d5c5ee02c5dc373045d5d61749447a505a2337cb7e4f23f1207	ok	2f11eb7781c4888fa1641cafa13a69f7a7add9eb57f183ba9d9a26dae369557b
ff145ece69b09965a5ff4d77d546b70c2d0c23569e708487f51b46d6caaf6842	ok	d2ca4da85210e249ad75a9bc0152449e50b499d3ca1323e648ccee740a6fd23c
ff159480498cd132bb07aa12a5eea5ca323c39d2f4950f0a6e35b72d31aee598	ok	242948cb3a012b2fad0734015e58af477e1cd43102f0920550cbf8e1b3460c5d
ff2018e3416c975ad2e92da9229676c21d024c44ff4b71c63c6170e1328ee9c4	ok	a2769e705c213a8d23eb8cb6a47bf9cf6a3535d7e18a452a91a22728e2a57701
ff34d0381584e9dc00fb281e9022b85778f8205ce33db87de5fde0c03b9442b4	ok	d7c0ff1477d37db62c634dfb53c9a4786644612df0aeab80fee27e36b3e359c4
ff457cbe1788a60e7d1ce483005ad35cc7ece6c961bccbf2a6a1642d62b26bec	ok	9227de466e4385e3a761ccdf150b0472487a65c52433684ec9fc109b48ae1704
ff7081b4a4d552e826efdd0f6eb2442e16866eed3f082bbf312ea496a82158c0	ok	9149264320a5aebcef4a135250c3625f528b9904a15159f7808d612ea4d805a1
ff88e1c417bd31357a7ac1083763f3bbe4c482478450014313e87cc6d2e106db	ok	149d0326954c4cb6614b0ef9053ef725a09554c2db6b99595b59c92f0af40091
ff9ffef11a8958e2ad699d8c36c16b58c2223ab5c08d3058bb16031497f4c27f	ok	9552d4741b65fbc3e21967c3cdb735153402378e5bccfd34caf196f1ad2a6278
ffb20aa560bec0c019f5b5b726fa4047387318b3e54044668c203177aec0f106	ok	145f50544fc9934960e75386c01e28c8ac0ca6afa5308d0785f77dadd0cebf7b
ffd7b848e9d7ff26f6c7da642b16e68727625b7a182a96d51b8413bd9a3a869b	ok	110c501a1ce7c5ae947947327e4fb6350945bcf8f45d6cb40e02086a0af07ea0
fff66ff92a50075753eede9f7baac1364584181eb795b7d8669639cb32a41e5d	ok	4c35f25d43fc9969378d812a58a8990404a63056d5cdc46a3455a75ea2336ac8
