002115edf3b268d37fdf9eb4387c989a2e781d65006329ed3bed3d0a771d480f	ok	6db2017aa1cbf062ded5de42ad3f696fa185e4465226727a03b2f6b5d2db72c0
006270a4685cb3c753bc5d2e59df1a9f0d78005ef25c1bc156eb171039a625c9	ok	d37d468810cfb27fdf6875b19ce5de36cbe5d7e3844e208d7d0bc051dc0113fc
00841b3cff8b3a8cf8877fe5c6ae3377d446b51886d2c5ac5a1a158054dff8ac	ok	d8783c64ce9f84a83f9357ba1fae472c601dc1f1c389ffa96191cae5716d83b2
0094eefb23d5414968aaf241a12233ff57d2aa18ae7b6a4022217018b2e3481c	ok	d55f01f61ea51c6f2325453abafa488de60cd08328ea45c079cce74a6e071ca0
0095494751689945a0a91f2a7fe81df6b4c263c06a31f97ded9887d1652d9050	ok	2bc6d5127e96a083d4a1672278ac5bff843abb58e7f3abcdbd017856f783c47f
00a0eb8f805f5efbd1abb2e658307c18dde307272a233ea43c96a88f554e5831	ok	33417cc84ec8993533c928b6ab608e574795859f82021e4e9299ac0db207c13a
00d83bda96dfb46097fe51ccdb6287d8663a2d495bbe4c29ca8e86ddb8444e06	ok	e7f3bf5ae38e4cbb469a77576489f3d142e780dc9b24421ce6ef715659d49882
00ecff4036439051c3343a964bff4fbf09f23bc58290f6f5fb75b46dbca6ab4f	ok	2a3b672e158d61872640bbfd252382bf4cbc0ecf87e106debc24b78e6529b4a3
01045a30355d979bb4db03b1cbfc8e9b508c2024eda7f8c6634558fc580ab13e	ok	2a3b672e158d61872640bbfd252382bf4cbc0ecf87e106debc24b78e6529b4a3
01080d0018ec8f892a7788f904032c189992bf60d564d646716747521d124f84	ok	fb15043c6a3b1eaa526d2314d713fee2933d135ee48bae907aa54ad8e8a9ac57
0116b59930e2c0ed9b1304af8d9d22a68e2c55a0a67b66b4c1a10989280f8fe7	ok	a27b564c80cf0c88729b06c4b5cd94cb14dc9e62153dd0f512b4f138f27e0a8d
012d66c0a2b8577efb70cff997b2ed3d614bcf96ac4589e887162a5d8abd9f57	ok	a6bb0430d5112a47d6c2f601dfecd5bce01eaf4bb4d99f08a95ad26f2d5049d9
0156828c67ad3285b934e17497bf014e224e2224709e30e53b378010528d2d9d	ok	e41ef495b9dcc8ae5950e2e6a6e387d8a2d2164bc7f13851ce42554c802ecde6
0160114dc4606ea9c831122de5b17522d851a84b06bf1e6b53da674f4093ffee	ok	1f1b075f515acb41f4055c3b3effa41223410c6a83108f1c7a9740fb9bf05ad1
01904dbe33a63d9ca2386865f52a56f04b939c37956e36bcd530ecba6cdb4d9b	ok	8e32c0c1a306ab96f448ff523e096f9488a1cb57d36af084b99b28160b8dff94
0198bb0ed4a3be910e00ff5bdddcf7d085bfb196d60a1bd4e7db4cc5e7a21c7a	ok	48c1ff21253e647f53e27e512328dd8d7f9249dac79d690f7faff72d7ef81d72
020b5d589d92a2f1006fae12ef5fe4bc6fa7b2b42bab52ba407a9504fbb377f7	ok	a54424999555f2572bbb7fcdb3adbf38f6f6e63bbd02942201a070f2a0e5bfcb
0231eda80dcbfbc53770eb601ed31cd92ca8caf7bb8d780df3551c5d67afa829	ok	5af49feb2d6410976cca3916a4227e7df9f7ec596d30cc36d9876406952387a9
0237d38f8af229bde1f68773bb87001d139633a28e1cfedf5adc48bebd2b91f8	ok	4f9bd0a7aac8d8e16a565e6796da722934a86226d173800eb8ce36669e8f7523
025e48d812dfef1e73c536cba7a5eb4d0f69b9e59490b8d7f831e5f7f7101377	ok	b216c2f71d0681ae607757d49a9ee4a35b151a3fe5779df30367788d9bee5666
0275d8e946aed67a3f721413bbba88536de21235946762966998db98fe739af2	ok	b48544a9ab76e8e9d28307fc75d1a54641ffdf987c03f8e545f7b65f5ccdbbe6
02ab906dae31c3d0059aa809821d5476328fcc4b1600cf93458e09c88de2a7d5	ok	030a0f4c18cfafb010f685fe12bd5964f24630b692390c2c18c8ba74c298cadd
02aed50e0a1aff5fd933d72275ebd4210570079311762b3fb0ebceb07a4edcff	ok	d4eed8eeaa4af9b74efc97aca21637413fca1de767acc60eb4d15b536897ad27
02b642a939c5101035ecc5816fa15f04e67fed5a59fd5f551a295a16a6bee444	ok	5ef7030fcfe40128cd35fd9185ec29dd7588ca02058c01c93110ac672c77b570
02bf6579cc7039c22a8e9a25323c8fe5ce3efcae9174e77a1bfcd06c30074246	ok	35302eaa62ae4f1c8aae1579da4667a1ca5cf3fc17e1e22e67ed7f7768ce74ab
02ca91083daaf4a9d94987643057debfcf582837bec9d075d21048307ab65930	unsupported_shape	-
02d02233d7bf58a2faeeef993cbd217ab6fff55b11d73f77f75b23abc5dec52a	ok	0f52e74e40cdd46055afa60778a80847eb7920ef61e1f92f25ce3e270de04bde
02ef332eccfeb544729607314efc7d68a6d4b3d4e37aab5ff197739b708dc0c4	ok	24ba1ca87d7b0ff33c60e02761379417e688c24bf275c8cc483331a8fb7ef10c
030058ae78abf6f5d6f188031a0bf14d274b147aa41dafa4d64cb1ddfc1dbfb8	ok	d497e7331bbe258924ed0066f80b328426dcd1ded3f8976fcf9c892f87dfde2f
030189242d18506e5bab68ca224b9a6077468f421cd44434e35d38cbce2c490e	ok	95d0dfedc9fe5cb955c4b978aa353180f6aa0d47f703392bb761356878f1f844
0302c4377c2c74ff61e9261da2cd2459170308798c5c80778a2ab4dc5299a907	ok	1a2bdcabbc187fd6282f55c91851fe6810e1843cdb4adcafa222bee729730d91
032bd1310715ac4d204028628efec917bdd3f595fa1044b3d9dca71142988bec	unsupported_shape	-
0330fac7b84400c6c5875188f4a69538fbefd86291c331fa07555d5d2512aeba	ok	8717af351c0314cc532f5094fb4d8cfcf0ce4c161bb9be7a19bf3750d2631f08
033ad9572e3439ff4fd99f83c7c785162344ce4e03847d31f636483bf5e51e15	ok	9e6a9c39ff6676715d66d3561422a8d98f0f8b17d78f966495a78905dc518012
03405343d17331b7d38948b060aa43824b665d68e47e2fc935d9823e50177a9c	ok	c2b951ec195784dff9a9de626915e1fcfca80cba5099a4ca19b01d9adab73efb
034879c9ce9bd803774606d3fefc29d30c6ff98ef16d1ddcf8ffdfab48a404c1	ok	0f40001e334c24f5b7c09fd1efdc73d48779cb7d87be4d7369811d24ce5da80a
0374c34f4dea8c889c440eadfc5d625d6f450a5e035f84b5f83928736834efe1	ok	de8e622218b46879c3bc1a06adb4ca62ee2fd916f01158105e06a8c48793e1bd
0388abb90fe4622db43d9412cf4de4230d98cae44f70db38bdc25047b22b3a11	ok	c3d4a173a1aa23d34f55521df08531bc91b73c945124fab02e3438222958c323
038a478d85c49b72883df9aef969a4ae6c376a262cc5ddbb60abafae5cf51137	ok	d1710f95a543c94a42de24c0bb4dd3afbd473e9fd03a74d9c22ba400ef43e9b5
039e8ac1a5aef7ef9f3ec1c7d9c5769ba02230f21fefe14c5247eae885c591e6	ok	9afee336531304d6bd3e301712c82f0843f939d594370f103841c0fcd030988a
03b743362e20a713a90475e7335140620eeecde374223fa673c7c14f22b6fc66	ok	67911e348cc752e27315c4e4f1ced7712e392da5652bed96c19943f202fb1172
03b81f73aaa063902f05b9753272915ca1b324cc3288e94920d3f83b45621433	ok	352e179b41fb183c930bc3b440dac3bf83de2755f362d7455fda6889fed87d46
03dda1a077fe60d21e450e24a8e506a29b7e593be48df6cfd4806cc0017a0251	ok	06c11adc5eedd7a444cc0438e94a2d0177feefa8ab054450550e4ef7ce5cf4e6
03de85dc3cacd2d69c5cae75fb8f128831dc84f0ed8435b102f6bb0ad6f9069d	ok	f10d20fda09224aefc8caa667a8b651bf65468b59dfff6ae4ec45108ce1357a8
03e15e9adc8c6741d37193c82e9d14cc3b710eb053e336f6653fecfb9424daa1	ok	68c24506d949fcc20d1b35b547efe0a8ce2f3d3b1c2550d68a1143f040c27603
03e9c6ab42750e0a313413229d0d2ebc281ce1c43b002741b87fd32ea3c39df6	ok	d6d0a386d6921f7d87cb16a3fec781f7d6d5408974b29e2dddc1fca5babdb366
04015478c205d987b13c9801bad6e6b8969b32224cc9a857cb01b1afacfabc52	ok	7f443c292b091b83318efd0c512330284e12bf2781a2e81720d2341a997a1f3c
046730e1054feb3f0b8d9a5f3039a4f2dadabdeaa88b793a878411d1c69360b2	ok	c2f67e59c9751cbcf060e285bbe2862f6f8479b815bb3cb5d576ad3f8d4263de
0472742673a03c4b444df6ceb3de0afece3925a1ced2ad1a3a56b2e2a7c8c1c4	ok	c887a365584ddaab35d1dfbf087662bfc7f3ec097fe9ef15046fcb3d2adaf266
04b51d7b0fa917bfc2baf40c7d4b9aa0499ef5593d948993f7171478575764e0	parse_error	-
04e79ccc03a4af3ea23fd3c926f623784bc019be236a8cb73720aaff1d3c279e	ok	11b0b45d4a0726be8e75c181530b4cfc7593dd25dd044a4a089c9be04b583148
04f7066e8aa724c9f7004d9de06ea7f5735b27bb806db79f115e4ac665af9508	ok	1f42e28e4a6a2f0dd9ace71595dc586afa4156e1c30cc437e56f8f03075f8ba8
0500c9d7fc7a73f4ce8e40004b7a923324dd61afadbf2670833e9330a9dde3b1	ok	cda2e1e5a1254386bb4e25116227a4ce6107ab9a44c5bc798feef86011394d37
0517868bbb05ad369fa019e4a33264f716ac4a62a8d78a24ff8d7d3292f22647	ok	158b3b5ad37293a97acec17f25f0133d5f3d7f393af5f8219886f6d46cd422b3
0539272622e56ba76586a626f247d13b54a572653988fa46d6705a8a4e5fca31	ok	755957c412c04a9346a348c104dd0290615083968481290b7d37082510441d88
054f918aae962bdb4d5df66a5b177788251361d560bdb817b7e3b66312f14cd0	ok	9a1a4ffec2d16e75d6394450707d648c98940a67125a77f150f3523bc390ee24
0555f6fff624f17fdba7eb236e008ec7bc68044b97feeaee77ee715b77a7182b	ok	41a73670fd22f244b67268a6b314173b49767af655da9d9fe78ce10e8b1f41d4
0573d4936958af9f325066faa38f43b7e3e375fa15bf7acf6945a4656ffd12d2	ok	0b98547a8afe83d9c92d0de5c09573c8d0bd2fbf4bd8cd71ee664a057d11e70b
05ad37d85bd3d8e631559778bad121695bdedcb7b8c3108b012571f86e334a6c	ok	6680b2e65a564b530383361d36c6986cc6687003ff9bacb3a98edc08b3d41aa7
05baae175a59e18eafe681bd7baf5fac54f8df7932a7d3741b055f946c2c1586	ok	324683fa1a309b0445ce95bb290cb3ff013af35082eea0a9cef8cd52eb8230aa
06072493a60e4df44a89869c7fcea3ca203ebb0ab2a5830ea0411065ab33a1ea	ok	11dff0c816fcf17aa1f7e78f787ed69a7ff87e6577fd3fe9d373336fcd659baf
061e691e1a5908cd307574d0ed923fe8fb44777402c5069828b96f8eda106c65	ok	5caebaf72df6f5f80e573de663be69ad4ff656811359c1427f60fdacde9d309e
0625d5f84fb0443abba5f17d7efeeaca00a475450b723e6f8a0c8f86686f2a47	ok	77e4b911d5abf0d1b010e156a7a62519fd475fda371c47a40db75939d6e4888e
063e555b41912bf9ac85c8e23ae88d5b5f094917e37f8052ed21df12d7ec20ea	ok	70158be5602a5e94e726fdae91c33bfeb3a423dea187a3351b0316a452e41916
065a2090057a16b4947dc228449ae08680b318ab7510ad653bcdfceedfdb9db5	ok	a9d9e6d7b53243602836bebaa85387178009a33f8e59eda858dcda9af554be8f
06b9de36e1a3d7fb8bd601e378a74cca21d3c908a7ddac1669c33ed7bb8e30f0	ok	41fffd9fd226a1a023751e412c9045e0e5b5c50be45d5391f06fffb696d449ce
06ba4070f8c44ad4e1a36b514ce190e2f784b6f8e1240c0a46ddfb28ac1d3109	ok	e6bc9c2de10e7fd8391ad2a11b81c7277ebdf8419120b33aabd8880f9e984d87
06cb6a92690a100c2851b7b2e8ca2c0f6de8aec4baa38867e9d6d982f233275d	ok	577962e1f38c1fc927c43005571a0bd35dff5a3cca052a413820a50177471de5
06d1002beb2a990b951deb61fb8e0c8df47d5e690f9cb27ffac761300cadbc60	ok	8cc3d0ff8155e03a61734026c6e53ca3ee12e1d2c80357167b48d24701fda6bc
06e7d53eaf5bafc2d8eda37272ce13a1f72e35d1e9c70d48eb85fbc227ea8b7e	ok	2ee94c949d366c2880d12042b71a70b6856d2afb63b64543338c42e4e7ea7510
070187e0691023e990560cbf9b7fc0e3eed6e3fd50a92fca9533d04854bf6457	ok	c66f9b234c3619843fc5cc23a11bb1ed5349a6e97fac7ea098d545108e1d34dc
07060649252470676285ac56921ed6bafa939d51e59fa58d3bf684a8048fc492	ok	ff12f9ea368df3500f28ea8e76e692dbb1cf1baa2a361bc87e55e6b6768bb11a
073b7e2f26045d19ddeb6ca8097a31ba560a8f5e017c66d645b38ce83ab8f284	ok	04fe94d43c2e684f4731b76ba5785b36487876dd7ab315ea8d78f2a2597ea5c7
074186096ab70fd476d0d2355c36ff2bc39c15269c662b1a2b95b744fa6440d2	ok	0f8db406280cefdedf7055473a656b3049054cbf65e07c80166fcb12b743c58c
0773b30926dfbd9322143742ba2e14d2aadfe1c2032827f9b302b8aa3edfdf7d	ok	59700b4d01633723dbc3253af1781594fcf7980d37f201344ccfc6b9ba53c28d
07827abc635a5fa07676d4776c3a7ec990d977e3c7466d5eb2fd966a2b32744c	ok	4976c20d4015bdca3183108bf2d03f33eb44310cbe2d6396da9e568bda7c5042
079000de00c92f204e6af9852bce123aa93937c06a52a063e0c976a3a7dd9330	ok	bc90ae590c7b53757fafc642b705c178e61971900c5f777ca8ab21b32279796b
079c10f92134ad2b0b2975a357e7429a965f9d3c6534f4b08cd40dcbc8ae2aca	ok	79ebe1613d0ea1f8409592e692d8fcd33b1ca47b2a793e68b617687c4e7633d8
07d0167b8eb771568618bcba76d2ae6170ba58e09a4d700d9b3a98aa600011bc	ok	b1d1203a02f8511a35367990018c673b76eaba8c16ab6fb2d16df41a1680cba6
07da69d6b2ff05658511ffe14a64c532544996c993b000d8c752743d7c3f18ff	ok	1c23f73369ac6f2a76579855e4e5ad4202b2a261d99e91f5c31277d5878d808c
080d4a18e95d029797313a2608ec39f605bc92e41b71c2ad55854dcb817f17bd	ok	8570e02ccd0077b6f70a139ce46cca8cb1614a2ff6c9d19a9d80c2ce2a43d516
0817ead17aa296529102cd0f3750661f3f54391c9477e032d35e3b58d1275079	ok	42cae656efe12e8d020194d4b76715de48e8a2837c86070a8c27a6188da46411
0819c58ccd70ee8c1a898b4ef6b44733cf606307ea7313814a7fd81e0340d4ef	ok	91347b56e0a36e7ad5805a497e3f9c35b71f188c319156ef3173d77692711367
08345d1a3eea1593fe000c8a92d05b5277567d6aaaaee01baa5415bd59365889	ok	03f11b86d153c30becaf8c83acca0ae093f41abf98a3133352937a9cd70582ad
083a900fd18d47feb140214ef3bc898a0ef1807684a243a6b953e355e4ae9b8e	ok	92dbe70050150fa03acad674e4175e39c916252522d1d1882e68054236704410
084e8ed123b93a28f77ae4b38ec2f81a9802a73e381d8e04d370d51c051a1094	ok	b3178df9620547992fd921f150853ed6bc09acdaab13c2577e2ebdcd26350ee6
085d152b7c895472999e0b22fefa866057b95ef7185fe4e4e8326dcb80af91c4	ok	808e1cc77b83c19cd94375275f5c461329948d11590e6c489df85945746f79f0
0874c39c53d85247e16941e88887d738ae5b2a70a5f53fc15b595edb5c705268	ok	dbab566498de25fe1dc917b8c7052ce635dc0da891b9372b7f20809b2ecc8af0
08d9132143f87c89cf8f6d7b472bb7dd7f29f9cf69e20b3be6bf185373a13bf4	ok	b50b06a0a12b92227b47443b0a9fa3a18cecc819a4e934360100394943e8b530
08d94fa93193ea0656c1f5f00a83dbe0308074b0ed3c4e1fb8171be339c53135	ok	e3d84e059a64d15214bc886744f63646d777f3a8dea18636c918d9b5a4248bcd
08dc53cf0fd823542c53df1f0e5fe354c4d4de88214fd550437635119c53fb56	ok	2a56f63f63c2fd172d01707e921d7991bfd6a75a215a4b53b47bb28a972c08a0
08f271887ce94707da822d5263bae19d5519cb3614e0daedc4c7ce5dab7473f1	parse_error	-
08f8af72edc2eae2d7b1273d72842d83099252d3e8acd6a42b455c9dde2bac6b	ok	3712d8c15b0d93ae8b75632fb08d4bc1b793d7ef2684b27bdf0969b8c4c21eb6
08f90c946dfe951e88e5c12578640b9e937881a34d37784fb34191afce49a014	ok	56b9ef53a32b5a3c2384a2044dbf7968385d3cdbdf6c0f1486fe19345277c935
08ff2a321ecd99bced2732cd1081f72cc5d0c63557aafec818bb0f83d81041ff	parse_error	-
090991b2aea172245d60a906fea8aa714aa19364bf714deb474c81efd53d249a	ok	4bb6165dc7fb2aefbcc597c426a6a3e6b6571149cdf92dbbe5b9998f1bd18e30
09112f9c0d51802ba5f4da12e2eb36a16e0bbdd883cdfce2230ae659f3010808	ok	691fd29083088af3c792ed74719854f43e545a9860113782b4637aabcd5f662e
09470f7c2b98eb76e58d59c006a8a7a7a2781b552bc5d38434ae7d4c852081e3	ok	5caebaf72df6f5f80e573de663be69ad4ff656811359c1427f60fdacde9d309e
095b8d4c1db1aec501fe57bf36faa58de4b09209abd21d16c085fe776aeeca28	ok	9c01f9e191cd4d1d0595ae26f82cb0df473e756c130928abd576bceb1f36ad33
096d6236ba755d95e1573e2455c9f0b70c2f2bd9176023b85d7c629afbaffcfc	ok	33ab696d19782ca1c4a7d5ca15223b11ff24c05b1152a4102487fbee42b726c6
0991b6bb2a7c6c106ae97b48315c9c424baf5704e342bcd968c71d3dad058ec9	ok	1cc401049e4aab303e0e586d74faf272700597e82db037b092b974349449cbcd
09aba7d9b287a52a326e7f2180cf6d3473a3753a128e09edd49421d2286f5a23	ok	0f52e74e40cdd46055afa60778a80847eb7920ef61e1f92f25ce3e270de04bde
09c03e4b7933f327d5a3a876d1a84a8faacdcc8fac01d5d63c22cbbda802ee7a	ok	68fce9b788d37e75dc7396305712424ea3517a670e35cf753f45ff7fdf7e0d56
09d63e4e7193dfcff19b0881defa53d92b0d06768b9997739208ccbee5c3a25e	ok	b0550ccd312370f2abafc88478ce8619e8032a231981d8bc470ee49356aa94f7
09fb628dfcedc8b322bc6b996797e11d97e5dd3d2d66854e1c8369740b453b5a	ok	1000f3c93983fe7c0f364cfd8939b03a7fc33b3edf8531656e5200989a1ec56b
0a0b20b0199df106eedb6d30e690ce37a0d14bcaddc518b71766b7d48d515d22	ok	3ee727c0e7ab59b87d975c7af858bc99b77a6ecfbcf33b02d4d45c94f12a983d
0a5483ef8772c8a2aa7ff2f0e0b976dc0284cf8b00b0db95f86466e273f5ce93	ok	2b5ec99d878f0eaa53b39cff2a12ae72f76e40f1dd2fe45e796f71687ca23348
0a61183d229bc0694d8b677d36cdc9e48128ad52f62f61212f00c9eeb62e1ffd	ok	27f3f821096601f9231511894d17e3f9c6a69f8fa22e209030ac1e08888bc983
0a621d35929e2e72180fa38a9a20fca342969740b7ed81d434d584581aab4ebd	ok	662868e5b56fe58d5ab10fc79dd689ecf447375b88c9a29eda38d4ee95a97640
0a76af04cbc196a6cbb2d3bf81f3b5e7ea762ff75fc0d7b7a1e092da3d415e6e	ok	7d6329010c9db0444302b19dbd1547d7fcd39f5186bc0cd10784c5dffb0d0b20
0a95c1737992f4d1c78d325650903f8366ac974eb60b3b4378ed6dd7145df409	ok	6aa9879985f5340ee840496c5e3c875968800d4936360ccd71d7fc4b5120974e
0ab3c65233ed8508307733a2f3edd1532c8d2b1602ad52a450e9eeb0f101c2e5	ok	02ccbd5fbe0a4b4a2b038110704cdd90792f57be163e1ef764073beda80da61d
0b01ab2c0e69c017d92028ba24e00f983c28311d9712cb16251682df13ba80c8	ok	80c2b11756b5f2f0c52674d233297ce337e4779a5097434b98690170753a8279
0b129046787a65b9cc186da9617c06664f7f36dbff432d620d2cc85658e117b2	ok	ed62ed8eb3c087f136d81bb5e88767a36b0223a0b0c7c677384d6d690d87861b
0b135f1240dc2f7b1084162e7047f4586e5b2e8a787e082da40d19fb6ed1b15d	ok	f8216b044999be086703660a6544472c6b4064b94b1c5fbef94b38a3d3a752cd
0b48b8e776662bc8c8d0629fbb7beca1400ae0fc6cae43c9b45264c3d10fcb44	ok	4e7d08de11119aeed753045155daa8fb76052abb518374963b92e8c08c10529a
0b5fc7592e6c0b706087e080182b9ca7f5109e2f19117da473ae98809ab224c6	ok	90e3b9faaf1c6b355dc2e24391ac3b82468867d6fc4abed61c12e69fcb6f081b
0b7ee706da391141909c9c32036d5be67f0785a8d7898acc4d8c4dc3cb61578b	ok	8ce39a2e163304d210a903fde6a6b26f4f5183a7ee932bbd43cf853e99ef0a43
0b8f09532b0825160be3482b7ece14ba5e9cef7dec04ade21ba37e2d962c9765	ok	451764c992cafefcf5bc02bfab5cde6ee46056ae1d5e9a6875c308aa83b97926
0bbe421dc42630e0801cd85c45a6c523bf241f824dff5ec68f9c4226a210a6f5	ok	b4228a34da04ff0b44cf643e1bcd316f7fa549bfc31ec5c97d39bd11198520ed
0be210f8f73ab27e4df4200d52d3436779d03e7112e723ad177e53d43103f15d	ok	b1d1203a02f8511a35367990018c673b76eaba8c16ab6fb2d16df41a1680cba6
0c02c3f484aebdd481e0bf3ccbe004ce3e62e8c3c6a99196d9ff44c7804f6fbb	ok	099d523a539b2055008fce58e404a8bbf6806690f66ed3a082fd68471cfbdc7b
0c6011c0314790059b979307f8f3bef5e872e06d2528efaf86c77c83b1aea489	ok	70c14ee58b0cede8b9eb6b1fb274bed64c1d6aafabf13e34b4d59830763127c0
0c629237018844466123e633fb903e060f0a21b8c7f3e7409822c44aa7578eba	ok	22d3f24727812db2c0da74f9a4c2a3a651670802a8198281399a0f3257327d8d
0ca7f2d917cba1d531545f25105701d21b4ec6d432d4acbe23dbd04eb8cc1299	ok	69dd9d6babe229d84a89992477e72eb258359b8f13c8680f0a61bcd96c821ace
0cab1224366440b9863b547037a64110759a3fb6debc1513f8dc3c96d6df6215	ok	a575a485611525e5642432073453565a43a21fa5f6e82ad5c3a7589e3d4e857a
0cea20ea1e353b9875b35883447b789091e4c5cdca6d4ee329624b15234de127	ok	d75e92dad3725a0407e8bc146bc41841415f029a24e8c572a134cd26dcf388d3
0cea257d8264182feb0e3977485cd0af26f13dcbcce29b091b88e1266b41fd93	ok	2cf0c7467476334a75ce28ad220d67ee0a9de7ecbc53020d40145f6cc43992a6
0cecaa8a484ce93c80e2c1d974c9ecfe33f9b00c233cef34deb730e194e8b51f	ok	9c447aaea3501b68a56230160e3004a07c620410e2e930adcfe201870c569182
0d1357b59038bd338407596f293dfb43c4b81627662deb257b65efbbc13cd311	ok	3776b66a5f2caf7cb86cfa85e31627090f8a6970527c8531b921effd27ab173b
0d1f8ef7e3b644637e89ab8bf8812b3d61c89456ce87bcad3ac8b53dfdc7cd35	ok	9a1a4ffec2d16e75d6394450707d648c98940a67125a77f150f3523bc390ee24
0d52c5eed9ad9d2823d9c2680c18645a7599fe5c08ef128b656476b6712ae721	ok	c0db60dfdf23867b7a5415a2dd713b441d629a2b1b8d49c7b9b18f00af4a9d41
0d64958e709caedd8917fb780f3a985b772724b305793f86641877f7ddc14633	ok	3a34effed3978cb5a0b4784e79fbc5e6f5e8660db58f1b833c15b07f65f9df86
0d79310c57487874c893ecce9acfeb1592e4b13998f5501cd4c648bae212b17f	ok	0e02c18d8cbd24e3efda5d856d717727432abd16738d6ab3185c830df0d938f9
0d7e1826b9e3dd19abc93d8a3487e32f0fed444f98ea20ecc750eefd5780938d	ok	1a0a6210adfe0b9e80b8dc30caea5d71d4522bc0ffe51c862da2c6b7b1e6c0cf
0d911f26305a2958fbe6ccf104ce0ff0f470bd6514a6a59e6d84830445dc6773	ok	2d590c9aeebef132a9519e99a577cc30008ef2efd38a7f43062b86ef413f1f02
0e0aad675d79b066f8426da32794efc13f09715ad735d1b8c606182f2f95d421	ok	7585c8c49fa170e35dad0cadf54d220b9ce532da3eb4c85ab0ad67e7f5a5a7e4
0e0fc2123420cfa91beeee71d809de9573e1278af918d1e7c0ce771817b3aeea	ok	73ad25654fe2b8e1ea044ef16351173bb7f304bcafcce63a2c911b5443de3f91
0e12e63f9de66b0809016a172f1cb9d7b4b65b6483b90e2828135df9f1c923ac	ok	ae7ec196afe2a1162ef51acda3a7bf240289dabb10257949ee4aba1dc56aab2c
0e33177c72d5692fbb95ea02be852e76dcf5b4c5d5fba3b65b3ada6d8f49f27c	ok	8081745e6711986146c914bfa7b4f5b5139aef73d556c9f6bd55cb08bc2e4bbe
0e3557fd4071c0f688bcae4d283b3520f0d82dff4a0b2e281a8cd016aac766ff	ok	10f29d4b02593b7e6f8b335c0e5344d3f91a4e8cb7766ab6ab3008173dca7240
0e486c4cd294db29b207f5cdc5c1af2130a9a0fbe57d981e3ccf921fc8ee6db8	ok	d4ad07dab47b8563f5d188f17ebf5dd8f9548ebd5293bcd94bb2b7e03a3367f5
0e4cc06c4e859102f37c13c0f145cd1467a8ce4ab1e9379395fc5adaa2a680ad	ok	516c5ac61c5c1ded2d37772172e60ed2837f6c882259d1f6aeadbb92405694f1
0e70dde4ead3e7ada7ecd3b3be66117b7361890ec7928c561aabf28ab25a71fd	ok	2bd6db81e3e49b7576ce9e4f478bc5e2e4e402cdcb8e146bf751a060085bc326
0e8304ccc38f0d85d9bcd681a8571cb71cfc04bee4ec2234da4d030474c1412c	ok	ad3262a5952c138e157ad3cb09cc2985501c33423c03016459f2bc59a999dd8a
0e91991609f429c14785446ef82d395e2f63a67788a8c8654e609cf065071c67	ok	46ae3b055e848af560c7ecdfff547aead7618ef150c32aa945ffe54f029130a7
0ea85bdc0c3e3892e1ea02212da20dcf3c5e0b468f489e25ac3031e7f284f264	ok	18a33f1879f04d4c77eae00d50008fb50bfb7f77b46fd3840899c03f33243e39
0eb763e0a64c3ca46c7f08708479b748e02658d5f1480bd7fab3916d1c1ebc8a	ok	8a76238c356656df769f6a28f1115c520210bad1bdbd755e07980e99f3fb0d23
0eb9d174b8194c6fa9696041a6ae741db8629121ad6e8db963da7bf869928e07	ok	65188ce4dbf29e6f827ad8782bd089d56afac5c14e06dcdf80b2987f995a8dfb
0ebbcc9ee0b6fe8ce59373075388d6750472ddc72f7d41980f73ad7c6b728e2b	ok	f792255239b1f41aef4a19ee13be24ece1fae067abb08dbc250808f73436e60f
0ebe58b9320991268cd7be3adbd0a5507cabd238d951d1391a21b095af1d46b8	ok	667bae5788c9deb3b3e4d639ad79601212017260e488a4bc0cc41fcebc70ba46
0ed13fa250e2da8e1328632c034a32655539f5e199cd01234d6f36d6f6bfb53d	ok	03ddf8a4649172953df6329d87eb8092d9b5b34055a508e05ed97320a5c32530
0ed60c1322fdf863a1525e09d16151502547bcc3fc8ae82937b6166369b9d53f	ok	7b272d007b69756d0effdec9b8177e7a9ec26ceeaf05ea24508049ec67cc562e
0eec4ff766e40ec8dd94a9896d2bdbc256558e3df1cb9f36721b559caf769029	ok	1a071ab1fd14c97663984be6e7c2ce03bc183316250f230d306ea0e6bc625e15
0f41c67cddf84961d4b06b4b2c9c1cc720cf4449b31b63af4d3bca5e1a62cd75	ok	cfbe4155e2633f04115f3261024b9384cd7fa76e2e8e0a8949c8a95ae0391758
0f7243d8fc390b0eb553d1d8f3c5f5d7354023566af4978afd54bc4a3c7fc45f	ok	bfbe19f855316669a8621c8cce55bc12001d10559e51c2bdc229d9fd691bbaea
0f91ba4ecf8c7fbca5cc44e95aee4bffa866fa53e38d8c56e52abf54799ae556	ok	68c24506d949fcc20d1b35b547efe0a8ce2f3d3b1c2550d68a1143f040c27603
0f99096ebf0c57238168915deee18cfed8e8137a90694af623f9db2a16ce6cd8	ok	2099825cf1d3cd971120e241fae79ba0e8319b360349212e42fcc9eecec38adc
0f9b200a223c09b7463579ab2ba4ead15ba82c921b76d2f7fbaaf18f5ab863fd	ok	018b8cf5c576f8c5d634fad5d525697b28c96cd26e1bbb5791d094da2d4c1163
0fb543397cbcc860c16a52c2f25646bdc6f89ff93419ca5aec98b382f4993e46	ok	bf5e90716043f5fe22227a8f1bd5e8b47aa52e365fdfe4afd7c342c72a8790f8
0fb970827803c0ba4e57f7669914fd9d6f8942f5d2a139a4c3d38dcee2913e80	ok	84ccadad7a62aed059620d66147c0efb0037d43beeea966832d5c6cf44aa637c
0fbe4e1ed7155502a27b9b534e997c84b49d7f2d2027be1493a0988a5ec0f382	ok	84800103d400bfa0223796baf2ff5439ba46f313c66fa50a956dea039a05e6a4
0fe5647a5ebe2ccb3507e8bc8b673ee592a66327030bb864075a7d562b6e8725	ok	c6a72c89c09b13ee5feb4336ced7500388934fbcf45edd6a7d8dcb914b84e6f0
0feb3e1340017a8c8e73af92dbd7ff47555af48045147daf50cd6b74086e82ca	ok	7a1f19f7856c75d265152c6f5448dd5cb2543f5bd071852e0a89b2a76a092d5d
10193feebf86ce24eebee474c6be7a9bd7ad80f2ede6685579c0796d0290cad7	ok	36db01216156f2ec6697e65a3be9a33ca91c6e2ec66b9e5ac99b2b542692fd30
107f29afba25ba9edb43010d917f99e6fd7a4f47cb246af42d4ce307096af182	ok	960e4e387687e9266b40b7e82a0f6aa7cb391c337ad5a1a21923ebda9b104b7f
108f2ff82ee62da1c65950c9e07b260081af427ec76b0fc6b4e764bb8f94dea0	ok	c6ee9ad6c9a0d4dda4d5b64109a20db6b8841e463d6ca9b41071ff42813055ac
1097c30d0a40ea98c2393a677f187c94bb9a87959847222dd7c84f8170b2a7a2	ok	e0f883e6dbdb19b02ecb74584f36e8b9f78ad3f995165c0d9cfa39f7f173290d
10a6e838acd5a005014b3073979ed85586be5110d0c93d2b919f8ecde2f7d2f4	ok	794a4f6f866f8bb66c7daf1e39571e15a21cc24345e3db6f1010ab9235b7dfa3
10a728f143b04f63645a000a7e0fc4a8c00ce125e139afcc08391df80d24c9dd	ok	9632f7c2bffe21a0b28619f5665464d1503583e8858c1fbda5822d5fb1ffe0e2
10ae6050d95851a4d28337538733ad7c65c5c167f30497b04925a9cd7bd72205	ok	eb0deaebc24299ee9b2a2fa1a99aadc1ea5f18cffa6d87c4c9ce46b05fcd6ae1
10be318f84071192fe360c5de5f0fd416e5c832bfc4a69ffb6df611646c6ab8e	ok	a003ffe1f5dfeeb22ff5f7bdba4f90bd5c6565a8fed472c42589b9b92566591a
10da0f408daebd9d96c0db4b6fe3499df5b8bc719b1e070d1fa224b8ec87b6f2	ok	e87a3e4c85868964d46854a9803bc8d1d9b8f0d12e2b9769fa5212a3611d5205
10dadacea2d155e6a17ef3a4e19bb46800ba613ae6926a933346fe2058108491	ok	84800103d400bfa0223796baf2ff5439ba46f313c66fa50a956dea039a05e6a4
10ff56a495e97a2f2a232fb3c7fa3bba35c5d4aa99995d843e472b717076e0cb	ok	25df447027740f3ee3fc58af5bce58932dd3c81e12fb3979805275f536a5e8c6
11009d87933e479d15197c999b9296831b41892650fe1b1a065ba219a73c7396	ok	70cca4d648d03125c1c4aadf10f0a31fa09ae6d82ec8556f7d9d84383aaa7f7b
110f5e145152ba1efe70f21cdf7760dcc77d81ba45ed4e24d7aba2a6977b40c3	ok	d93dbf0b173b55a3bc35a5877df0cc2800e16e79c2bc8d72d0961605cd978cc6
1113bcf6068fb95ed5c4289f5ed6ec8c6aea7f284b9bf64d563af67df30552f2	ok	99b125cc4385d28492440d1d67e353996736abe631c84b24e5796035e0e22adb
111dedfc95a52cf25686a35b70e38ee4e17567d1cdb6f70003f6bcc00106716c	ok	e98bec349cedead79905a55de5fdce4e47244b6d0672c384edaac0055f169a25
1128723fdab4a92a5c597354f4417b6510a475765d9cb3ba5a417e0d757710b6	ok	95ae0a3116eaf09e3b97df3309cb89676ce5d515f277e5e89dc5bd71b2a0a7f3
112c7670a6b67b283548788c96f4f91156e4816eea8fbf102b81e1fd3cd2157c	ok	46f6ad910706449073f3dc595cec2f199a179f7d3fc1f14131a85043f657b57c
113ed05edb00b82d1716830c96be0b8a80d0db54276a306f606396e3eeb75f2b	ok	c321841adb09dad6376bf926d2f30e91dc64868d68f42769f06cf41f872bfb31
114f07173ff126607f9b0d664250383ce9dd3978d3ebd54b5f24379d9ed95992	ok	ecea50144aa1e21251194f1e48f6b1e0508dd5dc739666c985160e64ed9a9b6e
1164e4198acf8a52a195ae3d50ab4de1fd383992f0008dbe2a71c41130bb35ac	ok	72677c2a104583af9136f84aa9c90059da0057379bc267d74eead3d8a2a4edd1
11b25bf2d83464a3aae198fb6bd7e282bb9f957ae9876a401a86805238a4a291	ok	97ba907859089a9b5d2629cf8a9f6ab9c7745914077acb6c4ddfcc99325e5bb7
11bfb85a5fff2e4510120f9a33e484e226ad80eba16fc8b0b8a1bfcbf9fc2f79	ok	12c1eeb22c70c6006dffc06428abb9a9a4990dcdeda078e90b4ef73e467c76dc
11cabb5021bc129cb83ec0546fbe3cc1040d80e2d07b1cdb6f749b033ce63a64	ok	4f9bd0a7aac8d8e16a565e6796da722934a86226d173800eb8ce36669e8f7523
11eb78eab46767bf46e92db9e3b64641a1af2e4d4be9713e8a6040e01b1eb3a0	ok	ff12f9ea368df3500f28ea8e76e692dbb1cf1baa2a361bc87e55e6b6768bb11a
11f95903c9c41e82f7ee9fda6a7cf6ad8f5863e5d4065a7cf7c898599b3e17be	ok	ca9f11bfa0875eca7afc248933e351a8da30ad2e4f4216754c5091447a628cd5
1267798feceb0e41a9a610c6eb433811af9d244acbf658757c0e589a13c768d5	ok	eae4250063250303620ee5512635f8403a2965cb40034eaedc56edcb58e8f53d
1278e083abc55c16d350b4d6dc85b06158cef787629fa6ff1e99fd766df7b345	ok	e93c1fd5be10efa0bd461b98040e7263a0ccc5ac59f494b5730e486c386b89d5
12aa7c91e4d162a89cdc5bce5f14b466459503c06774fc6e7b0e35553953e8c8	ok	d78f6d1b316436cdac4619ad2fad74d223e822bcdbc09c28ce15e71c7cc31668
12ebd383a31041be3e1c08bf591842d89cd291e70b4e762e094e2a3d9726781c	ok	7280aaeb405c9e3cd9e7649bfd0ed17ac652336ba7296a35efda77d61cae89a3
12ecea5d4b5d4e5e844c8f54242266839371cf61472fe9c718322035a4727c84	ok	27cf29130720d1cf25eb7e3a383a86f280c732821a0d13d4fce915329ccf029c
133256cd447aa9012aa3b18492d0102837f0dc7884ebbcda7d3965bbe9c16c27	ok	34118119cf191fccb7f7439406562ea9298f32176386e5eef1ba080482922b85
133737a9b28f0aaf237678b4d5a99d6c463416309b9b4c23c61728b2f9b5e594	ok	81294459af049eebdbe421c68fc977d0f393ed4cf982cc81db72f4d1029221c6
1345ba60a237f17bd91d8a4be86b2bba04ae3e64e3817e7ef14c9dd2a9d61819	ok	f54e64c9896d9d8c9695b6919cec18474a83e1777763cd44e87ccd8c9ea60368
1346bef09bd61730592ba0b0bab5ee947ba0ea42d7f23bcf6f88a0b5b4d8148c	ok	272ec0c4d298a1dc52a7fa37edfd021c120237e132ecc3bd8c4d41d647be0bc7
1374630ef36b54c48ca10f4504bec2df4f7289415feaa40ad74843db9ceebe70	ok	7a1f19f7856c75d265152c6f5448dd5cb2543f5bd071852e0a89b2a76a092d5d
139401ac53a2bce306d5b66bd9c9451b5e0218081d7f74ae8e9013cab60b1daf	ok	1aedb46eaa061bccabfac3ba1be0c115a9add4277f3ec787a4782e40c8563290
139abbccf06283e1da18f3efa16f3d27e4bb145d5a94be3c87148062725b2bb4	ok	68c05bb9be8652b4e6f700e9c7b55e71ada9e71e015d3b5d0f36a8b0a7a3c711
13a7e0220893f0a98de6a4ff135394294f15e1dd5fc542d47fd508ef4cbba5c3	ok	ec6392823d85c71280b3a51c13b984f3fe8ebec8bb2329d5ac106dd69ab7a575
13b40b335076974a5a1f4f20c41d00544232bc5c1b368fb76cbc400dca7bd189	ok	706b805d1c0d47b59349dee0f98983387020efcb7f5cdf72a6072437d38afd05
13d8ff9f0891424f243b11a5945ab344777cd1f718eee981f9680a3d2d8f1a53	ok	47268f6f89388cdd96ad6b3b5ca9e57b07e231234c12843efa349e29f9dd1870
14040abd7c58bf89d5f150f77e150efe4f7a80cd2560f8e89e6236eabd1f330b	ok	bca06805686d154c40149c403bf8520cc934a0d85acb868298f5676ac3e5c6d0
140e91b82098f2cdd2fad908e3404c77b5a1f0eff651cf0f7a1a99920b15b172	ok	c53f799ddffa36c12d278fe52816ba0d3b17cbd0c1768e25b01dbcf5fcda2fc4
142803d5ec847228e034a1a1a0a0629a2d90528caf5d77eef65d80a397fb3426	ok	258461de9f781f109d01be95f588cb695ac5de2eebddd5680dda538f49e9b45a
143447576e6f71ce04af2cca3c34bb2e42b8cee5d96ad76995b3559867b9b7dc	ok	46b5c81156e83adae4860be596cb6aa7b950b0978b64ebd1686d5b91a6ab131b
14390c958b36b2456a5baa830559c9dc10fc959321f5a3ab8cbab61e099c51af	ok	8a67872d01ea0c3fca08472290a944b447af64f2f916c8f56eabe12834dc8a84
143b1d926e9f3ac14358e5d8dae52df091ee1c9a69a846aeb898869e92afd9d7	ok	216f7856d73ab4650a5a5ac2e7bffd83e01408a504400ba477612d0a51f76656
143c5ffc972b0fc3faab9b7423b086bcd9e8d2893433cba2d3f76bcc09a1bb66	ok	fbfbad07369a5034eef25e21cceb546c93863ed3f1dc5b5ac598d845f3691c5a
1450e38b53d1f9de6b23fb1bc004bd012b7ded87b65ef2877cb234e844815295	ok	4f7e4ffe3339402faf7f95d5e768f5f5d5d7daf46472f722d4bc4065152465dc
1455088d890fc9c3d205d5e1268d4359d8adb05fb81ebbf585bf27b77664fc2f	ok	dbe0063e37b15e0c89b98265821358cde0707fdcff49d049bdfe93f953e06e77
1472105c0f939c874e89f8d457c1e7b313e215cd93367ebb4a7cb72feae69844	ok	d0cbffe2c73810e249d3a5b2309b2876486ddcc4e30c4e85024c462ddf4d8347
1477d07bd8d172b6215abcea147b92761c0a20acba5883da06af9570c140666f	ok	abf53d6f0e2776090eb27fe8c593cc8149840ddf75382c5c691aac2511055074
1479e170638a06807c660a99b866f6653c93470a4dd430b2a45278cd9e4ab1d0	ok	dc00958c248f391d6b8c330ba961dee32700d25a2513c30244bd3f9250fa79be
1481c629486dff6ab7f3f7a54425e29954e076f19985e0d7f01121370a02f0c4	ok	6a47b81a52576eab887142ae547023bdf2ebf33ccf3ed823c7156938e27fa825
14c5ec73d15274f59ac096d38bfcf909c9ca43201c8e191d4385d6d070a36b78	ok	7223defcd1d258539cdfd3caa8379d220487126b160f44a7c76be531616804b2
14e3c2e9f32671e46670eb4b61fc73cdf824956a3c65def0bfa85febc663e4a0	ok	d6fe2a912943c1b75abb637d16d9ad9e7b4ecf9d1eeeb8354af14c45de2cacf4
14fbda2bb879d5260e7ddc1e8c9fba6d47502c60d6ffa37cb8c349b64bf5a1bf	ok	c6087f2bf7591f04f49923738ff5cec9eae9faa40adcd55657c41766b297edde
14fd43c9a926819f647743a0889f23eff573a88847ce0bb607ab39472fdf3ee7	ok	12b1a002b14898256c690321ecb5ebe123f6b033bf32d009dfeedf7512eb9e65
151d33683da7a9001527dc659928a36150e0c0aebbe7936ae8b0e23da5d9aa95	ok	fc0c8208e1b0518108a34fdd1df3257f58c9cddb3593bf0dd599116fcbf30ac5
15444e0743311f1b541f092a5441fcca95bcadf1569430469caada279db85167	ok	ee7daa590f3af91de360ed9020adf1c8e9f831d721824c0b6907cf12c72116c5
15464c09b39bc0c7b5655487fe575439aeb499bad6b3d331928871b9b17c6e1c	ok	4c688a28203d4ac57d9930d775cd8ec7f71bbe0749bfd641bb7ff1cf7a3ea60b
1555890f2294f2873ca10183f358e36d05e5f331fd79b9a274d618920adf53c5	ok	2106512ded09420e2db1ae300313f978257127cca0819affa6ec76be42e78c3e
1568e0dc042e771904c41d2c5795e4adeadb355a6e3ef0f47ada8a7c314badf3	ok	2769edc7f2560652d3b5e46f111b39d390ff71607e011de8f6ae32da728e7446
15754a798adf33351221624d4953e9823c48432b459ec7f530bba0eb4ada26a6	ok	7d6cc16fc46ffe95ff3afe8ce4252c3301323ff8cfa8164d8c3875c6dcb23ea4
1590dbbb549f76cc8996647f144db75bcc2500f0a0611b2b5cddabbae638c2c3	ok	1946f2576613c42da6bc55ef56921361b471e338aaf56cc4475124b817e4eb1b
1592b3fb39dfc514955e4b97d1ebd5e355e252f5b7f076aefa5dbaa31e49cf31	ok	35e65f5ef59f45d27c44f43a6c523ef06e7e2811c154ea0a12f37f737883a218
15947d597e12f9d582cd91d5b577aca5aadceee981dc5fa04206eebd719d6d48	ok	f373eb83702c194f8c39a856427549dc86fcdd9e56501aa177dadf71f56e628d
159eced161feae15f6810fbd7b564fc29413bb7ef20785c76517717607197ace	ok	68ec299c91310e92a278704896626c43c4bb96728ccd1cac9072b580dc30721f
15a47643831c6f3a5a360c2822d490167bcb969dd053837201a944961c1f8c87	ok	8b9108f411d248bd39c45354a4659eb1320270ac2a7fda7e1af803410bcc01de
15bf357b48fef0beae59d3dd917c7ace7723025e594dedd58aaf244e6e2258af	ok	dac49651110a373f52e182dec5a8b458036f73d9b5743413bd05c1c0c542cfa9
15f11f164e4eeff0adb2f7c8fb3282adff1468d9cb0707a9b19f6dc53fb94b5e	ok	389b9d1d36a3bb1fb392346c4ac02599c960dbaa32c835af0aa13c1bb9cd85f5
15f6d314593ccd6e40c1d2b22832b5aea7da74f76cf3a0ef72293bfe123b68b8	ok	29b39f893b791d8dd419e27ebe9407c69406bb7203e18d59b160b82b6a889b46
15f9e44e3dc21d38998ff5267abb63b5df6661cf692ff80df38da77e8da3b9f1	ok	f49c9b7f2c350370de1b8951a71f3ed8b7508218c7ece4ccdfc0259b06e8c8f5
164b5b27cc7638ec3f2b6e0e95bb666c29377d466363cb8775468334d83abebb	ok	afdb3f7e9b5d00525f0a0f824e2ca4f6151f42080e794a7422623799ec3fdbe5
164d68a0cef4713f3a987c0f16da208aea40c3831f9040dd5bc85a78e5726fa3	ok	4295bad0be3a9662e04bb65c1b84c4c29677830326ab176bf2a181bfb3809c2e
165ab0540fc17f276f6767c5dbda54d2e507e9f2256b2b48bf7d1eb566d7e35d	ok	4ec952093e650f03e0c2fce055687c1e3d28e14d617a83416f289bba72373178
1664df89c6443fba0ea217635d485727bd0071276486d1b66084047dac7a2def	ok	2741b9439fb46ec00f61bae5fe1a11758e3e634b90499addef407803dba9a3fd
16e5dd04cd06185211b18ce906378cb04b4bf4c536f7c693a36838fd4d9cf044	ok	5497a215741598f42352e16dcbf1c453a513fef04c77ed6aae3809c47e3c99c6
170ab6e7ad9ae92cc5b646832a8196d4c06dccf3cfcde44355fb029d95b63f97	ok	c392467e1450881e1475d5db84e20827cb2b46d3f6fbf1e523a0b14cadbb1966
170cd7b702fe3c5597ac84adf58453c2aedad523dcfb5c7dcdbe5e35b3734c38	ok	a77b20d00e189ee0d6bcbc33f20fdb07f571a3198cfc2ca2a137382c22c7ccb0
1745e6ca504e69a25a3db32c8b10553ba19202d4a02e179a444a8929f1e3e721	ok	9b739afdd62b8f78fd23fc9b54af00064e9495680cb7df9c6f109d6dee8d50b7
1767a4f2d21efb604de80aeb88208f59028b6bef0ff4e8797842b5448501c0e9	ok	2c44b3f2f028d3af551ed00f8e10b490bf6c52736b0a91cc2f16a6f910077ce8
176cad4ecdb6981dea7280d606eb27f075712e7b382dadc6793f7b57b22ed5a4	ok	eecbb103508addc2159c16f9087742d5548f3070cf127fa717d0ad73c15dae60
17866338ef8797d43a03cb406c7c3be92c5d8d0af0e3351559b34c0d6c62370d	ok	c7b54c59715ab8de5b4a2993dcb308595e0d1a15dfc9af2b43690ca958a37fdd
179fdab5d2457091600e40da3ea499f2d35a6218621b13d56ac77b2e1b4575ca	ok	99001b9648c1bdc1ecd9bf18763725787132a4b40550fe9934bc2b8f0dff4bd8
17a57684057b93d63e4d5ee0316086712f95679a334fefab0715f2908f4b9a89	ok	e0f65ed5391e7cc7f3d7f488ac005a65d6ea92082c922547fa0b54c90d9bfce9
17b0261a8ab9d48b3cc82eec0359a6cee7f4fad3f8af54f7c35de3e5700d1ab1	ok	1acd27dfda9ab3d2fde19bbbd05074ceb71fbaab5fa7b4a26f1119b9703d8c38
17b0c4ec832beefd15c3fdfe88c3a37e70739e11461c7c0caa71d2fd3b76b84e	ok	aeeee51cf466e1fa402ca1331e3398c8cd3c8dce9713fdfbb336dc920ad37ddd
17b175a87c1636cb2f4601c628080cfb9d0b23ad13ab3a001e22d1120bbd887d	ok	ff7e5508b96ab378532ab4a29e558dcdd03196a0cd39d9edefbe85aa60bead92
17ce1064d95f211fb46015dc8642486aee9a2b9a99236900c0686ed1f65657a8	ok	9ec85df791c44085b777066ae6d05907ce31b2a720fa4cb5841f070fd2c2c5a1
17fa5be591497f2a2fa12a2ce85498154b3acf4acc861c7e0be789f2b8fee6e5	ok	4acc1214d3de4b65048f97317bb88be6c9d353557de1b256c6f60318301030ee
17fcede1878fee876ff2bb518b2b4e19ce8c425fa921fc346042cc3e4fdaf287	ok	5620379cd3afa1acc791193ce1ac42a7ea67d17a51b449ba014654a545ffdb4b
184569ee68d7ecd47f81e5fa3261db225c8bd1aa5ad686653c1adbabdc590522	ok	855555188ff33ace0c4ca5f7547bdabbcd82b73b85499b6834335e3cf87d9c6a
18545645c9fe4db108e486bb210d94ecd3f9b8acf37b74361b70729195ec61c6	ok	e56f7cfe8df8b64cbb5faf1220232d955d20d79f2389aed15dab9a64b832b25b
18b8c48d55abacd5c81d9e3a4a0b6fcb11c0c262f0b80ec5c0c54f3c02da5c5a	ok	7f8aebcecb5509340dd0a49b0494ae3525ed4aed4d4c8436af292d1486764f45
18c0e944dc1faed007e8fa66ca815d3ac3810dc3fad4485ef901f9f79630836b	unsupported_shape	-
18c2f7df0525b5ea753a76641dfbc5dcc754abd006589e10daa88adb718a6ee3	ok	872fd1171290a64491bddf49cd698db8a195c987b0d5f4caa8f53afb8cd2d665
18d125597a0086138eea4f6f4e100752993a111609c6b02c86b9b3be47fdea85	ok	f2a36533d7a02f5870988da72b993cc22a2cbe6b98fd7c221f4ce4cc460bcbe0
18de644ec2aea2712ba6b6b47ea384701994cac2276d70d24647238dbb5daf05	ok	4faf40f7fd0f3a578d0834e1ac33249cd5c1e2a969eebff15e34d8f5acc4c401
18f91182c1ef683be938424841474698fbfbb5d36a36a1eb0ada557ab1c02711	ok	e3afb5d69936aa542dca9e52fc791fbc1b28190fdcf7c5e5a89350d520fa792a
1921245b78c1f37e08ecb602614566c8868e37b626e8e79f63e3397ed00e120a	ok	00de7a3e70c2b131f22498be4ba6588283890e509a86ccae50a7a4ffbd15e162
19238156f9a71b07768c71b43a62dcefeb552b811aa306e671fce6017818dec4	ok	0207b6ec9c15339e56b42a53692e02e72695cb04c5801d0c0e10a7e9efcf9842
1929317656b8c8fc1793190334434fb7648ccf10eebb67a799807fa52c6cbac9	ok	6359a34b963e8cd27b145b2aca9b6cd68a65b4aded70c366054553e7487a44a5
192e1711db1143af75422323f3700e8d48bf5324dd2b1273a7e280591503e8ec	ok	ec9a0ec18d46c61c80e0d8ea65a8f105997211dc2841debc4bd2c22f1d59be90
19501ee0e39fb30fc64c0095251271cc0e3e34742050c416965dd2c00295193d	ok	a9a13000e5c9e7ec3af0f261de9c4e57157ac913e41a22b365c92654e2f25f9f
195658849f6c52733cd79d57dab6542ff59b2dc5799c2e7ad3cf9d30d89af813	ok	25d9e1ce305651ade5182eb95bc01e7ce9d1162a0305a32a58a13ea58074903a
196516f71c40a5eb37babe097c8a933cbf38550dde4c20f63e2153d6930b3f8d	ok	283c9d549c5f18a285bd5e5066da579c6a29f1b1cb0e94be2ca7abfdadb753ec
1986c103e6801f9b2a7d259cc44585cd7b6e32aa2b9cf17accba579dc2b27c99	ok	3269a971897b8a6abc8276f51982c54151324aed2558ca71c6e375cc9a2ac77b
19a55da6e1d95882fd5f5155e8eb6a1416e1a5ec2b2938a15e7b19d236cf27cb	ok	d05c805f5dd5c8433b04da263d18b1816813268709dcad3979674e5ed96936f1
19ba836ba25cf7f93ab62753cd123da651487b8d45bef88fa352c4d55866e7d7	ok	c29c7fc6e8410aba95424ddeb398d258d59bb11f7f29b0f5e339b9b590d68213
19c0f226cd0c752f88ffa87faffbac99dad90d7b6b68e74312bcc777b71d7c2d	ok	dc4fb617cf7e42fb09d6860eb602e44194b67101b3bfc12b4b4cf0fa04f3ebb3
19d1fa08f4f5f4b6f8fb80d5cfb09178693176a27c57c29e8742ff47d0548542	ok	376c24d1326975b8f7c13df135ee34aea7a3b3d0e212cf120296dcd50afc0f0e
1a187a0fc22eb77fc1f82a83bd1eb7b3ec73f9fdd614931efc450c4977213d7e	ok	418f84c0dbbd0248778eb654310618cd99c7cacd5ea6e809889c63c4e98581d0
1a31e29170097de76bc39b25791637d35e70d6cb4ae2e893d73421058ade12a2	ok	6e027a038c0a83ea25ee4bd46fefee7613d570ab1905ebb8946a0a198d06a2af
1a33c42b9f5cb9b2984771d7a22b13ca553538a7b79a08a7c2748ecbdbf00b46	ok	68c05bb9be8652b4e6f700e9c7b55e71ada9e71e015d3b5d0f36a8b0a7a3c711
1a3b006bb4982cd9e99f67a190a4c50189ddcb72a70bfeb9e703a99b19846d2d	ok	f1e7bedd28226e86bc2d6b7431177fa1537ccd045e772f646867e20df7a392f4
1a61aa337da6282576412ab1208721e46282cf8d173197bae89c9e2e848560fc	ok	c6454ada5305215cf2880bfc3c8307d71a12e438396f225980b9af8cf72da7f1
1a644085fcc34137ef24a675e29c19e195d4e75be35cd1679232297f7b889931	ok	00bbb8a9c2623c687a60ea7b967a5df7298801b9ccf66d6c09564d9fe3948988
1a70efd2727a664214127016ae9da1c71786a2a39a5cfc5957932037cc7eddf1	ok	7477e1f78357df6bb1ac326c2ff5422fc361e73dc6fcf40dd479bf502c588998
1a71e89caf9223f3d3e3ef4fd6d7606392c6956238f91fbef4fe1c2d330ae20e	ok	fe9d9d9e00542cd9c7938579000df29ede208500fe6261396c1af4160e5e3afe
1a75b56a1d2e1d8785f087fe0be629676d913e2bfbcb6be7edf0cd97b496ee0b	ok	31ea37f197c3f913ea2be270759c0c46dbb650677f232bad0133a640cfc5407f
1a8c657c347879479fadf815bd830e0a0738c6e9d0318ed8c09c55fc80b18eba	ok	53ead35e537acc2675fa7d8e5d3d1c84e7f763dab18bf05cce9f538c811dd3e3
1aa3f7f2c651082c1e434fb562868589ab4fb553cd503cf1c5f909f1d8a19e01	ok	491aaad71d13f77fe0b0a68084a8e9667ac41a408b41036a82e99dff68fe820a
1abb6ed658fb801cbc1d4cdd99ae1b75f3912bd6df76581432e7d5841b87f085	ok	6790c7d179d6fe47922b2def0e385aaebe14aa9fe93783cc5bcfb6869f75ac77
1afdae1651619ee971331102b7b8967b971345a82c3fbda298a8b73e5985e1dd	ok	12fb15b2215d69c347fdf69ac9ced013578375a8c5334c9d1373940d8ba9d1fc
1b03f0cf5244e7e3a8c74dc90369203872cb0e75cbda63fe4065ed5a26e3f56d	ok	11c5dd846f99b8b0e495313fa4c51037c0881cfc459a331aff6f78651fe7f477
1b1d6c4fc1dbbce820af4c359d7cf37883cc8799a5cc9cc76a59057e4a79ffa5	ok	c09286ca0ec9014e494fa632a81682a30cab89b5c132f39a489ad33d7647a092
1b7a9dd3a0fa2bb4e636d3082528de6f27a8a15f57aec1bb4713ab48c0eece75	ok	a51329f313eedaea1b4a2a74a084aee3227cb28b788f8becf0d4195053ec9634
1bb317b782e61886ca2a00e3ccbe7d2ec787943b5797c59fa7a2b25da36c9180	ok	8b89aafc76dc5a7a65b5621f479af186f7f4487780ba54ebb3eae9bff68f8294
1bd2d60802ea4ab5220835ba48f7074aeb2aabb379901c4f568f77d25ab543d1	ok	86770187ac383f0b3b026b5b58fda967ddc3ce5b75b5717a678f73a28b3c0c25
1bd3e96936c0e755c32df968c95c0593383a713fcf0f8529ba25810c6b7121e1	ok	f3f2259cb5bffc36a3cc0573b3da9d41eb6f8717ecd97a9f3dc0e6c496ed6844
1c0c824ed3da3bf37beb04cebb9e7391f36a454c22fcbedb298e25c1745a4631	ok	93aa2303d727ef725e4841b2b45acd1d16e2922edc9459eb1bbda2e5f3a509aa
1c1d01633e08953aba395933f7cee4e0f9e6e5afe832de9bebc19beb91bfcd5c	ok	b5ff6ba3173ae2a1c43b089aa2ab6473a0a6aa413dc89f8c88f42ebc04c8153a
1c1f35b30cce8956267afe3fd580a5d4003c05f86c250d8dfb21a1222e520977	ok	e404b6f95d391012eb944b816242a6f93c69be378573dcddac1c6705c47945f4
1c3cf8047c4af1d15a1b3aa67438cdc50fbba94c224182989e08fdbbd8f5672e	ok	60530883dd506950b825a2680a5c77c283d59033cb0355ec98d0930ea581ba4c
1c7dc1636e725cfa120165abbcff5f9634afcf7d9eb050718c3253723fada1cc	ok	e961913d76f9b1a8eb88fa39b2dd56223e86fc8843c53d8c96d91a417b66d67f
1c83b2c5e9872f3c9e5a28cc77d5ca65a9c9080458231c014a66e277d94c3c50	ok	2022aa6a4be8f94a8c99a0354ab84ed30fbc93e9ba8ad403a7e931ac7c3bfdbe
1c9787cae394bb789dde4abbb1ba92595a456bed0411080b28de14febd773993	ok	5ec397d884929d8218ab2dc3b25c22b2302997f5bd6008036f356236f2bd2208
1c9dcc25a2403ce8cfe72f87fc7b37c8e8b100cfcf4ff724a4423ca78c539a0b	ok	f0481274794c9e5ea743688965630e480a8ef8e6cdd3c162b534a94b0b9d69b7
1cae77dce9728ee97c86485c8e4605db800327b9e8812f2e8e65619878f693a3	ok	877a84f11ca0581ba46328d7710ed5b8f78ace90393b7f7253e1132e8359fb8c
1cdfc9dd776ff40d15e71ab997e6083f8288be8e5edee6f58a1ed7ccc88ba375	ok	48caebce2d7bbc5568207c3e7e68529f88f0873d95f4708b0344aa733ec3f522
1cfcb7911c61ebab2263fa9d3e17dc7018563d726efea3db47e10300145124da	ok	cf3f2b76c25a301f7e9d3891f72369e082fc1d102292a48e40b8f175d158fac8
1d20bb418ed6075eb14711556b0682a5182594652876e7d6522944c55cd70a3c	ok	e28dc65cc119942f0c9621ae6b451d9683fed57615efcd3c17cffd10875b63c6
1d3f2964acf990095aadfdca4fca9d5c3bb4cd0f527b8ada382fdb7e4a8f7951	ok	8944c37da043c1f8e3c8176cb60a27e3fb443e40a2759a4d615e5041dd61fea0
1d5870d64b4c565ff2a31b9d0ab39f8c8362cc06311d8d55c7ffb226f040899c	ok	4d1ff71de3bf0f7a1a1b7e476b8aed7ff17d4283fbc208eb557e989abfeaab29
1d6859e956ec7fe62cb1b1acba77dc0043788a5445421197ce6c1afbee3c2e09	ok	4d707776f04d3be49cfa01e921d6bdb551617b1630d382fc3d843d768eb444f5
1d687d182a8d8ffc2875a870ad877ea19e7e5cb09a1ca55ced0b2a3b8259176f	ok	6c9ffe77270db0252ac308bcc03eb94a649d019cbb1bdab19f222f66dde86578
1d886eaa6204430294798c9276d02c03285210b99317e4ab81ef79639b9eb7e9	ok	90e670b969356f794f770432ccc802ac5615d59e2ef2de1f75672bedb3109457
1d8b843bd2a603479818c28cbf90b8f292a4419299eb1402817d5deb4b5e3950	ok	b39e5b8404466efb0449df4d0ec3bed64c0f98e7f8b7cec29bc701572d0d9ca5
1d9c48a16cd255ee4ae09b3783fa885d5b61df71df51ac4a3eab0ce12f4fb88e	ok	7453dc22347fc95ab0d55998d1a2d97542829ad4fa170b2b196224f1e1bd7fa4
1dcfeb4764390d00967b290c7cb5b90eb5c83342997b3bae23cb046e4b8eab02	ok	03569458772fc43ab682e418e9e0bae656ce86ce01ca1097838bac9431f25aeb
1dd36396ae8e3926f536e8c867388a5e58d62ae6c7d00b9b57c45196234ca1f1	ok	8f73135bd1f6268c501037e5305a305afd1a6653b00c579996d7607992053b11
1e00d14d642c05be97c571ef22f4956c81e63e751e1578ad5b2697656d489498	ok	52d9199dd09043c357df8e6f6158516c546630ac14664826e388150ca87f6981
1e074f4d39a128a41346ed4a8b170ca2cb1bc7bfaaac352eb7681db87ed604bc	ok	e92f816643bbd92805193c0ebf4dc730b2d6b02b021ae559368b227e54de2655
1e0ade8d4a32f0a655e266de382290fbbdc597fb6d7921e4d1c0b845039fc75d	ok	06ce3701e329692f7bb09c86715829ec4f2b2dff352ec5be805383879286568e
1e11b7f9c180802f307368bb456ac4eb293cddc285a6d91ee12ae935efe36b37	ok	bb41ec1e88e182b08f38d9fbacc7c21cff9f465d6caceece8cfb1b2c030263df
1e149dc5ca2366cf479e42ffcf37116c8697dc14546c23317b1ba7076dd0ec89	ok	87cc28a8c2f520d5b9d390550ef62c85ce995cb1ad1f919ac345e0a06cc2d20a
1e149fb286e37c2daaa67bf712550f314f34f93f9a5e6b71576725f129fe3d6d	ok	46f6ad910706449073f3dc595cec2f199a179f7d3fc1f14131a85043f657b57c
1e3d54ddc0c34a89115e044be8a1af568e447b50f4946d0007579fb7a323f98f	ok	f3a4f1eb7d54333ab504dae7b15b239f6c63a274b861929ba7e142069d5f5b91
1e86e39293e897e7bf2ea55b3f5f3a0ac4ffb12a467380e431f5a280b6fb1930	ok	8ad0c4f8d67cda8463240af4bd1edcc22ddc6de8f0239f9086e6479987156f5e
1e8fe220532c7720a7f97674c79092f1607b2c6e380217201d3bd0e59ae3d045	ok	691fd29083088af3c792ed74719854f43e545a9860113782b4637aabcd5f662e
1e994674a99443b052bd84670162047ae71b12eb4798a559504a51cef13bfec8	ok	4c2dbff839deb8a76c5e1aeac3ec2bd78379db4af25e3ae4cff7c775fbebaa82
1eb1438fff6e309be5ba5b9d50a4fe3c0a974001784f153e31f7ed88ec19b98b	ok	5f8c664f5cca651dc9373af13ac07005398c6363c146d15dd9be4ea693afe895
1eb75ddfb8a673c106ff3e56a46b01aa755aeabec85411fcf025b5d971cc621e	ok	548de253e1798ec5bca6e59327d4b155d3b19e5df1e09352781f6667513ff6ed
1ef859f905235c3fbe3155dea8d3a0da79a29f5fcb34826a638c20dc97c7fe06	ok	9dbd4496f63f59e04598ff1da917db76b46dfbe87f078dc65c92db40dc874b71
1efa1f98e73ca5b8d35332b982cab15a9f2e5b4fa4dd473ddf94353cba85f887	ok	de08514717eb5260f5035c5a69cd404ac2dcf5a67cdc3216607f03c542da5141
1f3190ca062cbde14b33e4e0bb14d3a5cd436dcd43907ec1657fe361cd64993f	ok	34adf5f0bf89fe4feb811a3f6641494525d697560f7cf7315d3a56b417db8c88
1f42bc314bd3012a7ca07983a3347f450ebf3fad2367b4ecf16087599559db53	ok	f1bc64cf9815bad0b6d8f585c1c13e7e10dea3f0dbb4353b9f469f9cdc05ec21
1f633725dbd0963abc9dd7f45461a5f2cbbb8935b293b39e509ae2c74335c164	ok	b48544a9ab76e8e9d28307fc75d1a54641ffdf987c03f8e545f7b65f5ccdbbe6
1f74d12aa5522c5a379782d8156b53b0cf58749e892a09a0408b82848a5d4edc	ok	5d08ddbc5d30a2fcf40ddafb71ed64770d582cec85e4e3cbe335aabb7ecf121f
1f79fa098e874e7aa3f37277bcb4465ca42a403a5394ec19bc04d47267f433bf	ok	aad2b474a37c559fe7a4970d1ed2a42c1155300ebaef8840627077fa8676d7e6
1fa0fa43cb48e290e3038bbed6f89da8d5d722df0d2b9ffb24187fd14ebae029	ok	245272f92a68aa9e429935bfe4087364fb48efa1c76d82bfd0834fd24c345fba
1fcf0f4a89597f8921dd9851855f360054958a7592f4c04eaeed2746c29a644e	ok	5480b6fab553e4d25085db252f7c91e827ff043bd4bc10ea0b6ece2e11cc5d80
1ffccac8586240a54a9e028fd67b50fd67ea66618528d4e3a9d4381ee7bdb23b	ok	f4521f4617a5e3630f6627870519c18c8d5cfa5de3a47eeb2355b4f14b1e7999
2019b9499d027da3f1d1097cdc0f5757e435ceebdc8f3d8a16b27d7ac1b65ddc	ok	5f65e7cea59e204bf5813a8e23fac7881fdcd28a57e51b55afb33b6613c01295
203a294ea1576401e83d8698865520d531a82782e9ff3f7b5cda4f84c93503ff	ok	c34f665793b1a17093c875d7d9733e4f0e127b1ce647830025f498630659d8dc
207f66f20d20748249ce7fce6644eae119ac6a76ede4e5da9d19f79c4d89fe32	ok	4ea74483bd4f242c9326a4447b7800f7080e7c4294e616dce7742c33e73623ab
2087cdcfa45c54609b62f5140fd748a3a6200dead8396be13086164cfed98e80	ok	dd9396336cfd5e2ba0df00efd4c7f27252af655323a500438b0e0a7eb22cc816
20a17a3fe9bec2e18c47be0ce7ca04833a029ab7b7db14c427134f4be5603040	ok	9a56e25cb3b91ed553f7110c25506f7beae996415540276d49cf724984f7893f
20beec0827d69a9505f359cc44e126670b81b6a79afbaa9f071673d1aa7d2882	ok	86383ddb66ff42e81fb8354ca3f03e45450afe0b2269f2959a575f1023d93478
20ee467ae3bf4228b23517f296ecf9943f408c39443e80c16de675d02114a844	ok	24e9fad44360387059859c4cd0e162d4e3703b6d28f2549f5fbd9d9bae5a3440
210a97d1b3a89a581425e5b93f4a99ce731b19e74be68b6a1a99b14ac3e3272f	ok	48623e5e3d5f6b0514eda7a4a98b56be51bb9852dccdea594b7a387dfc8fa00f
210edc7a188bcabf4bbf52a338b122ec661d29c5dd4ed64dbfc7c96195567930	ok	2535978e65b51e8b631dca4d17e0ea2cda71c42631949c112ec8c04a96cd7236
2125ae87cb007538f8c14454d2722c6247713cfa8e3e534d23f27f5c2dd7d7e4	ok	130e91261a8e1c748c0047082e25af17302134e287c782651aec061d63676f8c
21518c694c3734cf1fe3fb24f2be365a3b88437193b8f4a0f6fb16520676ce6c	ok	8c0bed64f0f3dd4e54432f4d419047473a4da760d31e1df934edb2b37edd9387
2152aba246765217c60f5391ba5ee61f2ea1d5226e5a91a212c17072f967f739	ok	870e804a0b4bab7fa55957c38f2528d21b508dd5ea294aeb56e3e5745cfaa0b6
216867a953aea67bb89935212531e7a98c1b0e03573b3cd21c877ab982e250d5	ok	d0088ab8daa82913007a03666b06a49a25d607cf37bc30feb045c2fcaf8d79e2
216d519bdd318eb2a6769347a0b1811da90b2f32f0ca27ed33dcca097a13f7e6	unsupported_shape	-
219a3720e32067b9811f6312c1011481f9c3db2ace2b6459b59540b0641cc5dd	ok	df68004bd1d961adb12e325e09a8415bff4d5fa54adad80e60ccaa503a090dae
21f1b93dcb8ada7676cda5f0fefab5236ebd6ad54d6ffb2b01f4af6ec30ea395	ok	2ce395e2ff34f3f1c4e376ff04a131bd71d16581c03dc40023a7b8809dc5135e
21fad2f8ce22c987fcf019db054593cfbe176f857d5699e5ea76c7b8521cefad	ok	1d045ad43b448386982f3d8b6b0bfa5b47041c3a889d85d50c0c33dc3873c302
22005c068c1b1c0cf9d9bb7dd9444023889b045c1a4ede9f73d720c9b1fce36b	ok	ba44ce8a414d2005c4d7d3d9d702f00e1106360e0a4bbd21802f0d6402abd3b5
22493d8249f5edba9159651d924479632d121857c61ffe68de0924ca576094e6	ok	06848752d35e0c96696d9b3654e921ac02cfba1cfa4f3ce1e3371ea30f7cc80e
225b755c01cd692b4a2366b7ad39908af56bb27bcf9a4029bcb79eb475c73262	ok	94540023b040b5fff21f5360bbf5c09b14236ade912ae427817b1cf56b3d51c2
22933be90b197ad64ef8c8d6e93d7f7e595f4c3e8fbf3bf66c7a893d9f2427ca	ok	2a1081dd1f1ceb337a265179bee388581d17c22c75569d212713024c834edfba
22b832b6d7a4a40cfc6d10068c3a3c3c087119b6a80f015ff8ec86eb03cfd4e3	ok	7465ff20098ed3eff7744ce0465c09ec72e725ccf7a486a6bf99579e1cd5111b
22c13c512dcdbe14f12cbdca1e806d286cfec5b6997234d414abbdcebb33b4a8	ok	1f1b075f515acb41f4055c3b3effa41223410c6a83108f1c7a9740fb9bf05ad1
2310d2640d243d5d3963eb5d8b6764c902b1af5dfb70233ff8593bf6ea6c70ab	unsupported_shape	-
23178215949efcd50183f0884f18c82aedd28b98b20de9d4e8f32579bc858a14	ok	0acd92e074f1efae24e85cdeaa70b0964cad8c3c9274d438549dc3dfa8e21917
231f2c30dffc33863e9d697ed4ede8c380e4dfb362b08e8307326d583d4effb8	ok	202fd78a3ee5b587e0577c3ed39ddb9816ca93c34e90f98ede321674016a7d8f
233067a16a5175bd619dfa38603e3d5a2ddfeeb7cc1613b4f8f79e51d14b611a	ok	8c80573513c50f43d9ad6019cd19a00931db662eab3ebc23a6b01f831f3306e3
2339a65fad89158f440531d19c6c25e213524056f08c06995525443376213a01	ok	f4872bd3e83861033cea93a0fe966d61ba7bcc729471617a688f2fcfcaf473c8
23500988b86f8a9cf718cfe7a10b1c4a9731af93a673f0b4c09b7e38a8056008	ok	091d694be14cd85b9c0e0ca5b64e62dd5ad8cb8c1be7e3a8bd8fc553186e89ea
2362b9d01294160d31466b4da385f7919233d549931da33558f10ebce5176324	unsupported_shape	-
2375a8c76360b5924ba5c75fdcdb8fb541ab63dba6d0029261e60e7f86caeee1	ok	4c98fe31263917efd0d6ca98893fd802c6336b1c509816cbdc951d5575d2f526
238adf896002a59551ac240bd90c5c929efab694ab2992d427d0da80895faec2	ok	c633ee3293fab452df99ffb4b39967517caee76248964d467e658a8b54c6b368
239813beb96a1277e825b83ae599907754f98fff50fcd519bffb7ba01d6019c4	ok	d7958bdc090e3a02bc555a5b219386091bac04a094b8449e2193682002a3dc63
2399554319d712edda6b35ccc334857387c53c53c1f3b71fae5af01b63a5d9d1	ok	d1baf01204a7f9eb9e95fd40dbe1e8766254ebe6bcd170afe1b5afba336dea52
23f2f878b75a1f7120696e0d38cd37f05c54c346c8d25fb1e915e63dff6227ac	ok	6d5e7c251167a950be99e5158833a6136a6f0150604199faae930349dfa58821
2408a63add6fb3669c7ae000f99154a05fa77bfcf5e342362b596f2e86989c53	ok	03858bf43e3eb220304ffc34f672c4984e1b03d4318b8d62c5606fb6ba252b9c
241168dfa0bc75759db1b6bc5ec5fb299617447e8a4a21649ab66bf6c4ed5212	ok	77d5e6064259cc4a344e4acac6c98a5df36e83d7603aa5cfd800d0b20848d220
245382b66cf85a889e43aea548121196bdc4e8288b343a9e9d69c68113bef35c	ok	374155faacee2352611c1b2b0ad8e6ac2250054d3785d99491670f6827c1d765
246ebea9f64da5be0be7665d8049dc13334b6a138b5f0b3917e3aa66b2cabf4c	ok	3ae35c7049b03ebc7e2a001e09ff847f3496b5a341c5c67cd6be6d9925ff7e93
24bcc741ce2db6ac6a91313665b63879dba5021ac12634663ba94de60630c2d4	ok	2b37175ba63e6d78536a0fd6fd309a64c443c2b6d0cdabf56cad20186547e851
24cb6d5a07bf8637437e3a7e8265fdfd856cf3e05188acdc1861bb9a0fc4a29a	ok	2e377e16342412677e3992d09a1b6b5f4863be6c3565294e18cec985648726c7
24d260fe7e376664304f87424225afec668d865f3cb1e93f4620391d78736a19	ok	aed8a5d17811c0b778e6474538cb5c75c28250ca071bb16aa46ad8fcd0eb58c0
2512fa48deda6ce14d4083e1a388915dd39af2531b8d7d1b7de581eb57a717bf	ok	ec75e0fa4c8c85d4ad4a485e0cd31f0dbdb5a5e30208f57a7aee230ffce86cae
251937552d8731dc2959e7a9ce2175dc29506495c24c0600cf638818a15c211a	ok	60527f314ec4ae28598eb41821125607602ea3640f7bd4f5f24c85e2f42ad83e
2522e11c1828f30e79e7c789c0ed1101af9addfa6cf7b9a0566e10668105758f	ok	be87b5f55fe12486a680deac27abf40332fec0a6380fa98f59528178d01806d7
252c4b0f71558779102133d113569d463d4bf9fd2259092c03a8c76476983c8d	ok	5d188c96927c29c8742efd9c97969e993d50eef7b3d54d388261ff6eb5b8c731
2538854eabdc8a11b93190af36872565faf03a78d8935118ccb24f6db98b1a5f	ok	caaa33cbf2fa91e9f7d78b4a20567b9f62725868c410ac321426a54713862b6c
257a4cdcf103e02668cedb7a8a01e2bb73b1f196c4c05476dbcb87cf5a227675	ok	ea56e01c45d41dd6776c9ecdaf9fe75f414cb07f806ead308f2973705aff6631
25869b189a9582e31efc493b8c197c76f52de53464d10c6795574105735be437	ok	04a042fa2ccff4a0dc9256b5de45cc396c24dd8ba2dbc4aaa8b185f3fded001d
25a23754f021532b21ca5a43fd64a50ae5b937c3e0e3d240717300f97b9b07b8	ok	25c1de1b17ef43f49d0c3bb8586a33a3edb4b63824708f4be0785d552f97bfbf
25b05646fe4e6a43934422116a86c19cac6cfbc58661a66699135873cea82c1e	ok	7c8b3889340f510f337da25cbdf3714a27ff154de997fe7918cf90d31da76586
25b21ff139b3af61c17ef9e9a9ee036fa53f1e2f1bd05348d75b6e57c8b8ca74	ok	eeb1c4817c859eb511e7814a377d8f969a8cc3adc0138f861ee1ae775c3a310e
25c5e3b558e931088909ff1174079458f6283f22196cac1509a00c57631e060a	ok	57daa34e2d229f56955e1e9c962510055852f808f68e4890f337fc051701a282
25d3d0e2d91c0122c317f3922c52507327f402d40cc25107703a8f69e5c9cda8	ok	ebedc037a648dc67e4ba0cc0031367cc7bfb293aeae44df987bc1505bd8ea890
25e14e883fe7c6245bf68654d3e74768b911abf8d6e9efdb449c2595dc7e37cf	ok	64304619b62088f97446b8644d3fe43ef40cdb0a99d8b3df2ad012a4087ee818
25f3e79b08f184a61dfe5063891f741c3cb2eccc6a6ba4c26cccbbbde294d3fe	ok	7ce9c373258aeee60b32c6a4b6c66f7371e8ae0f2ab81d7e9658814da7164fd6
25f88dad72b9bbf603cb5d96a7f72dd516726e472def9b19622a74f676fa6d03	ok	b76a1c94b9f4122953307e282b4beef6c6753e4dc98bd7166c99fb84ce98a276
2663acf739d77769372252cd4f8b8f2f7cd9608826058e14ff733c6f9a93ed95	ok	38c8309da5cc68d4e8f45946fa98a467a3d4271af9238a01072ce179803f785b
267b7fab0a4f91f7c4966c6379bfa927aec856d3db4efa1db5b718db4b5cd813	ok	5889011b15d1b80b294f284373441722a4eccd3a2d90942ea7d9bc510b42fb6f
268eb50481eb39cf93972b0e2a82b023c34b8cd3b4bf71a2c0a27fa58b2c3d1c	ok	bbcffadf36eac32d46441b4a6275507df80c0be25bd26dffa8226fd96ebe5dc1
26c6cd59beaee4fcf27d32469b2227fb1babaf655803a8f6afaac574b20af5d4	ok	1f1ef8fd6e42a94e9e502d203ba858e9b7782e31505bebddea4b4d7fedc5fc23
26e2ea4fdde6c2a4818e032d3208f2f111f9de38bb12c649466226acffdbf23e	ok	f5222201be2c36433a4130eb670f434bae37743070950cf87d900da34e757739
2701a477c842ac5e7369ab9d3c2753e94d5c5407659c0ea051e922e3016b0809	ok	f0be721996e12891d37694dcaeffb5e352e4816964c03c4fa40b84b921f4f69d
275d298e0b8e90e631d69d062cefe63bb7e5378bf06961f87548033e60388a1f	ok	9794f94a506b69fd09ff49a4bae6723803c8614a28f03dfc0612a3a7261c75ff
2763e567fff0f5be2542ea125bc8dc32d17f428c69e4aa58017809d2bae66ce9	ok	0a3ee0d63d403b91138439f223cdb0c6fb655a2f39d5c50a56927d6a6d5e2539
2773b3208ae1d5bc5fcf7ecce040a906092a6927ba7bfa34863c6f43709cf4f6	ok	50239b22ee22567d093310b3f473bf2f26531a89b80618f3dfe943eda1f60e08
278cd934b84d2311ec77e73a3788f3b44b71d6e8db93b8afe27e04e076ed5483	ok	ea683366c03e07dc9b992ff0850110312aaa1dc8aa85162fe1b7a429bfa265ba
27cbc35058cf5467421b0f59c0aa284391b5589a9834b3b38506b8338fb06f40	ok	426b974a037ec2914785ef0537940b48ecaa921da619b19ccb0e32748d8acac9
27d755cdd5019a0c441c4f2cbd49bdba212bd45b946a10a60f912ccc08e100b9	ok	aad2b474a37c559fe7a4970d1ed2a42c1155300ebaef8840627077fa8676d7e6
27ec3114c54cfd76455e153adb70baa513402983615ded9fcf25019e14631b8e	ok	791fdb052e1f1d3d53e9d5cb8662a71f3c6438253b335c7ddfb3b3b3a15d5db4
2806a83a27b8eb9e5fcf6db704f9ad8e07299b59a7410646c37292a9492020c8	ok	643e4008da257630fb7ff987fb6469e3ace36a64570befb262d0edc23afd6551
2822a2b60cb73dd2b21443c17e65e283b01468d5def63f21346821dd1ec091da	ok	94290e50b46c7417400b589487f427c2f468b7cd4345801065287f4cde75cb9c
284d6ace48d374c85c3e0fdf0eaa0d80c0427a91d64c5ab5309095e9edf6b9c6	ok	9ef99e76883ecb53dbac10195d59c01368cc5188863a1da954007fd5c3e25d08
2851ff35348aa0e53888756cf1237b17913f95149973cba23f838b45d3498cf5	ok	097d3827ef5add8f170ffb0e1da76815775d222be38df52c5d46472328285259
285843fed96b9f2a29221f6567714ab566ebe7cf668885d14c2b8143c633c82b	ok	18e0a255a1daeeb80321186680a058dfe895781507951e726df315e54752a659
287bd715b234cfc8bbb2f6521a66990f1fd9006c71e11d5630aab3ea5e71ca72	ok	5d903552914aa54581d4b8a1bf64554fd005fa0dd0fdcfaa57738a4a767a8bbf
2883123659f0e6b425a24c1ac9a5de0e30c1de54f7141f097c3f836bdbce66ae	ok	934da6cdbbcc6b3589fa8c0943c8abc6ec38b6519f22d4e4c2eb01b168830807
288db3d1842acb5bba5eb088198fa5572320a06430bd6dad8de6ae5113145431	ok	8610f77465c98c0ea945ebd21fc1d6c12d9b612d2b7c745cee3746ff23e32803
289b15c1805f091f7454ed6288d431a9035a77097de53e7c69bdc6a5e2afa965	ok	da6d51a519b61454a1c8fe1fa164106ae553da0f3e621d1f531ab99eaa953bde
28ac1345f1f365a39bf741f73b05f61a0f9a5950abf07d3c7ac3ceeef88e5893	ok	bd53834d7d5a455cdeb2e87d6884329af6745f1d32133acca84adfacfa712690
28b792f808e0af2e30151e41edef5da5295bae4df3c135e89841d95e49546d19	ok	b51c086f62e03c42549d4e0a9cabb69921f518d184b406590bfb9327c002bd40
28c4272a6f91dacbe175df9db93454fff24661e1265f70f12fddee8ef51d53d5	ok	17dfa13ff3aaaf317f8dc2222102c69e0f7fa429401d6092a0915c45f58d2d43
29035af8d19e59348242fa9df46aade3194f6448c11246cc779627a3ec496a99	ok	4466685fea5785a2a2d7cc68922300a5848c743bea3c9658ac9e1fbd9054d713
290de686273b8461d262681b5a857cb86ba66631842ae0175cd4c35144032495	ok	290dffeb21125fd2bebce53bf8b0d6992017ca6aa42691383be86eb53eaf8036
2919c7701a1db646de1dda99af42568af2d9eddad6caceadeb39ed508217b657	ok	8ca30bc42826aebfefc800abd46a7102953174234c8a61127edf31904ff92671
2927595a3f0077c3c86c329b71ee1b1f795d5264df28daccfc52a15916ce2703	ok	da936a0bb9633d05aefe0a094c3d41491373bcbe04b8ec99d056ae8bd1605e6d
2940a5e86368c06f65ecf2646ed007371a5562791eb494c53ebd686d75bf49d8	ok	25bccb411559454df285791d232fa0574f7d35089083c1fd83eb94720c0e2c0e
294f1bb3de5e9c8980bee04af2aba11cd832f148b320ae2712ef4690a5433b7d	ok	6246ab69a8d6dedb0db4f455507aa016ec412a93690ee4d87c8f238a5496c034
299a5f81eca95850c1aad141a77792dc9d83c0711b2c01e9c611a10609862ce9	ok	06848752d35e0c96696d9b3654e921ac02cfba1cfa4f3ce1e3371ea30f7cc80e
29cabaec8f0d885b7823567d737d5a0e9bd45ec6aced8554abe372195dfa38e7	ok	e749fa0bbc306837802f3f320a4b5b578e70d0dd77e3b4f7c376db46c154a747
29cfb604871975684518cf7913a17dbc572240d21f3090261e61ed8677936748	ok	21efc28540414dc89a5b1b7b9a04d6750e96a689d4613437f4ab9b914156e9b1
29d8addd077721ad066619e937022b0539d04aa8dbbe853e902f3e60ba459b30	ok	c6997464cb394b1de3bb113576ba3016b3a9c4cb7ac85bd046fce48f5041c481
29dc6daacb256ba49028c02e1d83d53d897aaa3075a83769efe35e78989899af	ok	6942bd767cc0cb6e8cc7bfb3d3eebda5c14ada0e7c3cfe83ce3ec01a63dd7ca9
29f61fbf0f6b2f8cd6d03d17e0092a958d2d870e1cd313f99f649e6f15a5818a	ok	885e03fb4cc2c24ff9c92bb8df8efce75280a6650e7dad3924a83817152dafd0
2a0e49d67cafe0c685cfae70e7cadd823dd308ccdf52ac029cbf7adca7890e0f	ok	c74fe0a3aa41d86d803d4703574c9383ad8a898c2577e755b32f0ab796fe0049
2a22fc2705fea7ea78b021d34770c8489a0d79134f2c78f38fc0fa533984c767	ok	317b24671518001fd32f96bec9570fcecefba31b5d95779949cf477e60dfe92f
2a39c411ae9c7c9118144a38aea8b2a90679ef1df191f4ca94f5d584638a49e0	ok	947c9d16544c7153192ff68643ea0099ae92d9dfdb2e31f549c0d57e5b5ecf14
2a7f5796b32ab4fd935d018a241c6058f49d833b7aff2e836bcc03e675464779	ok	7d0d460d15856a02ddf277b0cf52bbec13d7e0fd4466a1fa9922443b6ba79e8a
2a81eb22ec36319242e2e622b6c579bf912599c52acb9dc6f27388d2108b7531	ok	6d5e7c251167a950be99e5158833a6136a6f0150604199faae930349dfa58821
2a94e97966a47f57df39f7996bdf142fc6f4a144ff87793bbf3d6417e56c0d67	ok	c3b0c948ba7bedad8cb089ce83ecb79dd02c5f6397a1b670572bcde124759399
2a9624ec7acc0f83d199eab6719bbeed3e6f2a26c4a1e642f77d1b093945af1a	ok	35302eaa62ae4f1c8aae1579da4667a1ca5cf3fc17e1e22e67ed7f7768ce74ab
2aa403cdf752a4e52fc770e2d2388503e4bcd331f1f6da0df057db82bf48dd48	ok	8aa0dc94d7248e6918d35238485ac691d1d6717752f4fb6695e2fae3e2415edb
2aa5ed49cf2e27c262652cdbad00bc95ef3a0d2dac3eed1c9585f89629140854	ok	94290e50b46c7417400b589487f427c2f468b7cd4345801065287f4cde75cb9c
2ac27207aa3484d42f5ac76512ea6719381bb77be100d14d0bc4b9f49f765e48	ok	36b439baeb976360865bf2f3349823b30bc20cc79c572de9fcb8f73103fa17ae
2acb4e2789226f5da3a21e12681878fc4dde5a312eb20361b5531b31531b1606	ok	a381e1ca13957d78edcda82387b22ff5ddc684479499ba993a19e408800cc5b8
2ad3c5ffb32d7eac889865299e39444972e6fa799004127b7ff38b3573a42ea7	ok	880e184bad0c4f13847406fcdc5fe5221fbeaf186717c9019c956063a9d22587
2ae18d5fd913e697fb8e49808e99a18cba91e3f8d402d88b0817f008ab50ec95	ok	6cd88c2deb3290d61eba079a98c47a4125bf8094b6a9f9a91672a7378448df78
2b32603db15afb84026cb265deb3e17731708f5870a70f147aff4d32ce5e42a6	ok	7995f0554396c0d4afa236f9f663c50e69b20d01dcd5a4a70ce3e998525e3f1f
2b57efe7275c580becfd987e05dd86511292a767fbc461c167828920de2cb72c	ok	23a5e366ba94e6bc2714586700f787fec2aadbbcd65f4589fff59aec5babbe57
2b617a27dd0471307963b9f6993b2de2399c451919dfec2f6935bd5143bc95e6	ok	9f94b54c8b01931009917d035d53afbbe53380aaea545b8f4c6f09bc3755f38e
2b775dc0ac86a0c9b4760adf090a7fa69482a5a292868d562dc9bb4b333c6fc2	ok	0ed6a23fd82400d2b93eeacaa1b1bf6b1ba0c4ae0ad2b70cddf753b42d718a6f
2b97dd1930d80e02aba64ff666918121e4f082f8f4fb75ff7c2b8c9ff6a0d0b8	ok	36db01216156f2ec6697e65a3be9a33ca91c6e2ec66b9e5ac99b2b542692fd30
2b9927ec57fe488b2a2e19daf7e8b4dff581da29372b195135da33c4403f32a2	ok	92f658d7919f5fcb7bcba796e6f4eaf268107d4518e8ff7a76ed36c3bbb2b6b8
2b9cfa7b75985b30d1048974a8a3e609a7732eff9f7c4a0555037ad283a9d35c	ok	b6a27de913a77b7f7facc8c79add9903d87be8f3b17fec07b4e0d4daae8bd1bb
2ba5d51f2fad2bb822759f0d0416aaa7d4dcc619e74d8cb3ca3191eb4e3d31a0	ok	0bb4ba0aca4bf73c0b7ce3d24e0006765a2dd076c4c83f8dbf71c7feb98dcc9e
2bacababd74db5447ca3d86f68df709f0afc49330ec558305a166e9b39980569	ok	a8a63165b0ac63ec3618dfe2adf8bc3573b58cebbf232129469b3ab8201d4aac
2bc479358ec7cd98e499239f80dc1b10dbcf5c8bd92ab6d489f44611c3cef2fc	ok	5526b3e28d748e08757b1bd8ff871f69433e1a7f16adf711e7e0d1fdd9596b64
2bd90e876116d6de90548d428fee149c0d2eb64c5f0a391ab654af52e77dd5f1	ok	dd9396336cfd5e2ba0df00efd4c7f27252af655323a500438b0e0a7eb22cc816
2bde76f057bc3fac1cb54d069527e71d39c916b7e927bf2f919711323babed57	ok	6514fb2bb371be3bf1bfea5ae85950f66039afe79e7f7a25463b4b7ecece0f41
2be0b6c65095494409c1abbe00d4b57a67acd1ef6b2fb9c8fc48ff474a057145	ok	2dda7d9fd3e49573c304071293176155337e46914639807e5c138ff6a33c12a4
2be7e6f5cdd01827d49808912138829907f58e92fd641a312f45e6a5225ba5b7	ok	3ca4b83d6121c0069b9f626bb95d929bf8200d5ed6140e6282fb1c82f656172d
2c06bf89d3bf6c2c7eca7912aab6a25f16e01458c91da4c24dfe596c40bc6a5e	ok	110db25d978e9cb6020c191643d6d166ac0f41e5093e9db5ea12151a4c24d7eb
2c1cbb7e0972dcc683104e8b4d7ebc4a7c9f7ae5d36791ab5a414f160c6c793d	ok	6905e7beec49d66b140e5c43a56682fcdeb30dbad4cc069f9eeb71ffc05f09fc
2c2f9834a0f8195a313393a8041fde2ac37ce9f0bffd31f8ea7e0d6ad2e4f86b	ok	356665c29c4d3dc0da76dd22746e6e3bfd8e0eb872d0477435ac562ff2f6dfa9
2c444d8641b30db14b2742347e6714fb9515b5c1583126797fc67973e0d810ad	ok	7beeb83dbc4337fe31d1c7bc847c7fce9f85ab32c6f3e2e8f1cb69e430a2198f
2c54e0c5cc9e86212f800f519121aca1858d14be9688877ad6c2c927bc72eac4	ok	f419e66e7fd2682fe82605a7f39646b01f8b4de117c4fc7b91e3d97c34230e78
2c635e51e8ddf4302443295d2599e61b3f2fdb765ed960a2fb43ea30ae2f2a08	ok	c64c13d752bbfcecc8c5f4986f9d42f5c1fd5e80a77940154b9849ea4d3dcf08
2c75624bddc2e04fbbe25e8c48af632a15c173b0df8841553667bedf8ada135c	ok	aceaeef8194a03fe8e56ec6fbc65883e6d753a846fae8e0057218aa6c688df99
2c8d4ff0d5ddf88e76382f547daba85307c138a20e87479afd4055c68978d67e	ok	f74f9cf88b51a90405425c0ee1e11d7d3f4cb8fe63127264fd2a53a797c4b837
2c8ef663e6c117973e68ee82c580968812d851a179da17ace5ff0a4e452ad388	ok	cb62430e57de7bfc2546455496d6681f87c601e9396cc545f9bab9ee411fd1ac
2ca1e6f764b22246eda93c23a30fc34fe7e2e106252a5c048a64387cc0399aa7	ok	b2ba2daf307d1344c4ed3b806f5abbc9d62181748d8eed322f431d309de8c09b
2cb6a1dd5985dc49c18e9aef3525d4ca60a989e1331a339edbe8fd58b787d726	ok	e29c4a124b4aac46f8d385182eb1e6607bb32f800bb1f877807dfaec5cf96645
2ccacc2be28acbe87dfec2372a148e4edcbf45331215b41d4f4d6ce88a6d610a	ok	f8940c2c3d5015fc5429d02d1290104264ac523090e52d5b461b84b9f51925d4
2ce81a312957a37793f34cdf258bc829d1be366b5c0fd0dc807db383745cdb31	ok	87b2343f5d2afb6551ec2c4e8e54053f7208a7d75bc1c13b75aa4fcd2e9a4d1d
2ce9937433ac2c24e6454291d72e44915f51e41ebd964df0a50f24dfc418639e	ok	fcd7e99f161ab7018c08392fb53bf1d9e1577dfe3044f589d0ab5d0031be50cb
2d1610b87dea47f420abf43b081df9e7d345d11c6b5f9ca3dee081561c828b85	ok	9501c1af286b04018c590b6fe29c9fa892871e02d6758ee75a3d90a324c5ad98
2d16779375803f7557eec829550a564ac207c07ca9484edf8082ea8319b8709e	ok	2c45c3794d33d163680754ebeaabf9d6cc2190b9a319f077b0c55bf6db069d03
2d7ddcdb7944c7886a8aa8d257cb2aa710d063159e3420f48132790b87b169f2	ok	f5e679b3b79d94c9a392720bb245f936d583dccadd04df256296f285ccd6b41e
2d8c5976419ab39ef815d55ed5562dd06ac1bfecf5c4360e323a53e00d737880	ok	6c19f55472aeecd8fc67d006e5ce29f27a51b184bd425702bd55c584357044c5
2d8f0572b056296284b8d940a6896b27083128aaab2492c25ccb806450c664f9	ok	b4452339000a9f3b4d337c864fc647cd94e2193da88c7d5dba3714ac7c873d82
2d9276fcbc5384aa301f514028fb29c5e3437d11602897ced481350f66803cb0	ok	641b2a6e1ad17e78e6abe7d7c53612c93b633a9a752c8b7dd367efc47fef82a1
2da9476b447b509dcfdabf3e2ae4d99891596707432c814cc47462b61edbfade	ok	fb77eb99d4e29ae1b00bee0ddfa96ca21a7a37f1609e80f9a4690451ef74d1ed
2db6bcad5b73c82c77404c7b4043177b784cc8deff92e329fcb24979979d2916	ok	d7131faa01b5c0fb9cd69029e90f0ee00a2cda05eb495e052ddff47dd494f68b
2de4a9c956786ea2bd8bed828f8971c4359426d27e31acd395121590ade8994f	ok	e2739cad32573b84f0adac47e5be07c080ce1165dbe12c8152752df52f7e6bd3
2e3e12fe6cbe17fa721fbbe64bf0c0802e3d884c16df2a7b14e5930a2fa00f2f	ok	d4060dca06e81ae7fc51930e27111e8d4388fd11f17577125974ba71ef1e3d7d
2e44eab1bf2627d15bc9acbd7406499e039fda149bce2c3dcad4456c90f06bdc	ok	7a7f896b70429df173e1cf99bb59b60c881b19a808376264b05b8f5d6996e6c3
2e5d7524474470474e19a792180f6a7fbcfdc7e5d0f101e3338af8a8de5a4487	ok	376c24d1326975b8f7c13df135ee34aea7a3b3d0e212cf120296dcd50afc0f0e
2e62b491325675fdfee8f015d892c5b4b836244c57dd3de52bd9cbdb2ad1d561	ok	d53d1c3f72e19977a6418d368cf8d2508b03c10b31f52703bc4c827d3b79ec80
2e6e5127294ab098dbcd393c846a8a5ec4d46aae0c848b925634f09546b4371a	ok	f8275592340605ca3d6b822dbeed7e97ebf9ad3e1ce085101a883f17e0c1fe69
2e98688f389499d2ad7f64e5531774a62c28434d31bf6cc49d73ef69630a4b60	ok	d0bf16a1f4a08b21cce8d8a64272c3e0367f10ee5887cabddaf88d7abe5793b5
2eac7ff4543b42ea06e3d48206624e1ff244ef98bffe6d2d149ecdefc5afa26d	ok	ab283c2f47d1b9ae6d48655d200e4ca5eea189cb3c41aa13db40e575b6aaba63
2eb1bac28b30c47f2b2450ded17457dd449866cee0f1a00b00b102ada9780edc	ok	ddadd6bf1567ea71614f65569cdeb20880b252388e68105d7d434e52c2630478
2ec5eab72750d38e06740777c432b00d66376cd7f0bc2df399b98b86cd4e4e29	ok	2de275badc6cb50e82a05486b8212ad682434ae53ea3d482dc33f91695316c4e
2edc8ad5d64b8eee243a69a0a8dcbffbd2e7e3cd07b632c05343fbdc0a9fdce2	ok	b5ff6ba3173ae2a1c43b089aa2ab6473a0a6aa413dc89f8c88f42ebc04c8153a
2ee3fe65f618691e60a527ad4e1e8c2dcc037c7a96e16d04a35a91fc95e6ffaa	unsupported_shape	-
2f000658eecb92d62b2e5f305dce6c8f81c3e77471e6ced29ecf34d342740321	ok	15aef2b53f66f7cd56c9ea5dc8002c63ea99dc5e6b96bf6f5e14dedb708d16a1
2f270207ff9238b6e03a2e86c57d4bf69a1c54226968be3c7771098a5fd70198	ok	0ddac2adcb9e799c213d9fa3ff5573fdb93f2a63e8cc66a3f20e756d91f5e42d
2f293d5b8f53fee05f4ecc8a8b1f0ea30917deb61a71ee22ef993b51d9b1d3b3	ok	a81ae0fcbbb65e2cd4ced3de08a94a80081c0b5d924163cb8cf3a9ca670857f8
2f3ce045f0098d8ed1a23663d09c5be66e8aa0d82f1316f520b6d21bb979c189	unsupported_shape	-
2f4cc5f301a733326df17b6d14d0a39587d4866bbe0fc98e5efe24721f5f327e	ok	50eca6a75be4e482717fce2282d1ed8fd52633118867cc3fcc355e23e94a29fa
2f79e0dc4a046e7d211a01cfd264a37205444d44a245fb602c1af829c53561e2	ok	f1bc64cf9815bad0b6d8f585c1c13e7e10dea3f0dbb4353b9f469f9cdc05ec21
2f8a20cde5dd6ace852396cc689e233c0d44ad1a6fcd2e1bca82ccb2349f575f	ok	1679c2eb29c6a3cdd7a7b5068ec9f2381f4d6032b830b50a1ab9f6d8fc2e5369
2fb58d4dfb584098b919dfff4b6afee3d496d7ece9d08b19b28767d56accf0e1	ok	1de29f14578ebc06f1bdfa188762ce3f2c131c0e32198e418ebbf2dfa49e742d
2fe3fd67da02e5fbfff5f26f681a5ef441c06df687ed44085f439c492f2e9771	ok	285fc549ef3d9e092c9fd3cf9d72bc72de14783e67c590d24c77e62315d95023
2fea1fda7928b80a5cc28bedc5f79cdd951d3db4218ab095cd8f046cd9ef559b	ok	54e305e07cfa33beda049d0115074e5ad3e624b645da2931e8d081cc384e6a16
2ff3d13e184f059f7810f80f72d1bf702746cd43cb9199d0ae2b5a5c3d6a041d	ok	5f65e7cea59e204bf5813a8e23fac7881fdcd28a57e51b55afb33b6613c01295
2ff7a9913be464af4f673782a9daa4c097a77fb9c4213c9c6b895a7d3eda41d1	ok	a73165ec34ae7f3e388b56ef35bd4bd91b07ee080e88de3c78070955589a9eb5
3033c20762a0c85bca11d6342d9b891de1178a61f48a3cdf1f26688391fde1f6	ok	a96ab12af5abdf1ec5fd312c60d07fd1a600526d065eb1e19649a387c4ca5416
3058a5093ec40a3644ab93e2d2ff6a56c69915323c06c28ada4eb4f8a770acaf	ok	d5e092aae435b2a3d1bf9bb666b31aa730d73bc197883558cbdd76cec7b8a762
308ce2d53c085442b3225ea898546983e1d8651da0008a33540dbe1146319c10	ok	390706ef106bad6e332a9416ea129bfc5799a262e18236438b771b39a1bc7379
30a47de8707f30ec86f72647a87c85c8f432d5ea79e79dbd628eedaa1dfdd903	ok	21cbfb9a41cf7ea6e02663bfba6749455cda7e145db85ee4b6f79a962d703146
30ab818cb9ac4ce56f292323c249c753d98a6789f8ab1113b557cbb757e1e6ed	ok	4bca9f8186aa5514abde5788b4daf2024de103d1be7404d7c31e191465f13042
30bcefcbb586c2d41de1cc87d1209597245c8226cdf1840c0ca41f41ed781d7d	ok	d53d1c3f72e19977a6418d368cf8d2508b03c10b31f52703bc4c827d3b79ec80
30d23f287da84155d21fdf78c10fcd323f7923ccef4dac626d90144bafb1fd3e	ok	22d3f24727812db2c0da74f9a4c2a3a651670802a8198281399a0f3257327d8d
30dc4c8ab842c96a22690932c644e9d0fde922cc488096ebe796d2a9234016dc	ok	72a5511a0353f9cf5d9b08f4c1e88f8af5d6f72a6ecfb2125808ba9295089a84
30f85b492308633e110131711fb25303a733599b111134df9f3d10282c1a1278	ok	0f64b99908783c3f1d551f19b1cf35a2c2cd4a1cf12cf93ae0d1689100228bae
31127054a7039eee5fbf6aa27d6e65850825c591b4fa125e1a7c27316d16d74f	ok	33275de06bf04938e18e90fd777b08775eb9eeebf7930d2f1486a3d3c38675d6
311ad9c1b15bc027dd34886df05d4de6024500c328dcbf9b61f4b2056a02e705	ok	63827bf67693388d2b863845946b772143a74833a4a75af4cbdfdd8e64d91507
3121741658c7c02950b205348a4b3482ffdcbe1383a3ccb610fd06d2d37c1eb9	ok	c321841adb09dad6376bf926d2f30e91dc64868d68f42769f06cf41f872bfb31
314a3067d6988276849665ed3eff38149de8e4990423b04ec5dab05f44191985	ok	9806d22a8a3aa4ff048c29e8e2b6f82cbad28f291f248d7b3c49a2a42545509c
315c95eb6b2b2b95d7285269afb664aeaecbbf6ac23e590913bec7e92b8bd1c5	ok	b0550ccd312370f2abafc88478ce8619e8032a231981d8bc470ee49356aa94f7
3164363f4e32d0504da01a6ed6b822788602234bbb60de91a5661c6ed20d7020	ok	c6a72f7baced0e03bc7bfc53e30fa3aa3452184caf7f8803bb377c07a705f852
318a3631ff55f5da02a583922fd55f9a1a02832e27a9032a298ac23df049c8d3	ok	9f36c631747f27ca7d535c2c3e532de08a03af282651985a9971ffa673e4d613
31a4e056217cde373415ba0f3eb0a0b05b8f0e850d380e258c422d210f6489b1	ok	8fa13d6d94c21f40661886bf6d5d75ab8147c6589e00ad65409941addd10016e
31aa805d0748fbc6734a48097387ab98fa78b5c40a8a940d466d3ce438bd5a55	ok	ae917b0946634d5df5679fefa77d423420c4e9c9c054658e2a128f0835906d42
31cdf2d4357166c5d3a14bdfcd77ffafe0812d5bbb851ef399ba0276f59b9036	ok	1adc25382fd536149bd8ba70354923d456395d0f1c076f8d7c7a607dbdaa0b6d
31e9c7df471705da3c6389ddf764c511e67c146adfdf0c0ba926bc006d305c80	ok	ab7c7e744ea8b2ac9405547f29c36e0bfd4dc306187d2768298352b7dc54941f
31f0b8dfcf20d74545a66eb7be8f53f08c1b8cd6b26e5d11e3c1d28cee5a2566	ok	39711dd5e8882c2b53a3e23d2a457cf95e29a2c87c0dce1314e7a8fa02df8262
31febb6a2632c41b8756c6930fc2c8fbf7877e034149fadc9117055b05276354	ok	ac01abc41848730be4756043d674b149dbf103a33584de2d1c15ba56f2e23fbc
321e9b14f2a91e484a542e14407ac9756c80285143feef66fa3fa9f809fbfd0b	ok	3d65bfd9a1872036e608663b3e2f89c44f0a58764faaa0e4ac180e42563c175a
3237e1dda540b101f7094670e174e06f5657b572c1cdd6b1de0cbcbabed320cb	ok	2a42ec42a39599dadb113220ad5d63a096acbf821a70d45361ea75384a161cf5
325222d631bf2131990586529fc1683a2db4dde9c78d98cb02c9d6e46fa97e15	ok	1a071ab1fd14c97663984be6e7c2ce03bc183316250f230d306ea0e6bc625e15
32ad4492b2185ca1773afd2401f79863773faab2d13be9e09f85fb675e305af4	ok	4c3e0139f5dd91ac3e99028b3367c96d5d21e322d1c7b64632ba482b01752eb4
32c21faa2a2f58a0883db6758743c3066840e056d737ce18ae66085d04e4dc36	ok	30859acdefb5b95e5027bdbe2f3de3e783b1c3469bec2c5dea833f3765c6d4a9
32e477d473b10645711dd7ca06f31b3c85655c0682b44015df6c05e56bfd5055	ok	160e40889ed1e43ed191a2e6029456d4d15bd39790c1f138d4172c3d7e113954
3349e5c3d65cbafe980e93e1ffd05d631ecde4b8d92c42206f31f6b0ac841588	ok	c9e4da0ae3e5d4e8512eb34557e1201e6b58aa1a9d9f38318282e9a80a52d7a6
334cd9c530e22beb037195a31e2afef1d08732cbe2de224cfff4698e6bd98971	ok	9ec85df791c44085b777066ae6d05907ce31b2a720fa4cb5841f070fd2c2c5a1
334d938c89f178650ec5541473120ce404bfe67fbf3babca9b0de9a0a933a42b	ok	55df36c991171a542ed27804169a8deb7684d850e90a0637b8cc76137820e4ec
33703d731f851fa70c975f105353e6f0aa3c606c5589d3f0b861302f6b671216	ok	18a147cb285178a7e7490f14774bf3949cfe733fe5d5b583be5c9bb8a6f93c96
337e66bf8ce0a535875eee1a75ca798041baa31d25cc1ccaa8550d81367e032c	ok	4caf577ae79829c2fbbbe80cd395c184eb2943a9413a1e55854aa436136c0a29
339d479ac62456b5deb3011c75c1b489acf72b39a5cf10043dfa24725538ebe2	ok	0cc39a206551e8b9edec901c08362f5c72dad994137bbc1610bde0d45711982f
33aa899f4c1cd977bccd38a78b89ed4aaea146ddc924ebeb4d8a8548f0597a4e	ok	ac01abc41848730be4756043d674b149dbf103a33584de2d1c15ba56f2e23fbc
33ec8debfa29c420131f0ae1f0fafa35b0b698119f10d7f112184529a26e8720	ok	f9e6ae56e4bc27e40b44ecd0c3dda653e1984941f3a66418401b019fc1009401
3407c7b90b353145b92cd5b865a6194dd274549d882da4a7b9871c7e5c5545fa	ok	32cd786e85fbd95d9f979a1fc23e7c7f7804cb858e0346c2a51988be6716d110
3421c2bd03f688916e541580d7f0539a4a80bbfdba5c9c38efb5b00886241fee	ok	d53d1c3f72e19977a6418d368cf8d2508b03c10b31f52703bc4c827d3b79ec80
34256c951d7d723fd8fcf1a39e47db15817876d9bc0903c03a635b1807164ec5	ok	855b97c1d75dd1ac98a6db447ee3f1310d198c0292a8d053bf1513b4dde3f3a4
342b5e602e4cf9c4ef422ba7d85ec9e9cb4422c4343abda0532f2d19746796ac	ok	536f029f9323a99b318035b0037eba45034165d23492740dbe077ac223ad34fa
342bac768ac20b1e85ef9eef4f5effb51fac12f93eb6df1fb256a517b198441e	ok	6330e2ca81b90648dbea0e1e2d0ef0d0245a5791cc1e2fc2c84ef1b9747e57f8
34397305b9f8142a31ca856f2c288712c7731022b729930970a6e1300bec7473	ok	20c1bda51422abf38b615b548834d9fa66aacd45264580b0a0ce6f1862444523
3462be2a53984ac4a464fb0d819ff6fdba5d129ee9612f4c026682aebfa3f220	ok	752174b1e87d1af3c0d1258f878daed3966ee060b13395b5a07481adcd72127b
34727fd9daf3baed4da3d50248fd6a27868067a8cc34017e13f8b9eba19be9c3	ok	cc2504e630b7193e3c1154c5573a47ee0ca5540351f02e191f96fbf5ccecddf6
34a46818aa2747969e370afe967eb5dcae4e6a412f97205f502c69ff2c82e8d6	ok	f880db6b9ce6698b98e5779fbfd03ce9034e33c844d0e721733c227d28fd3ab9
34b3989b2e31572521d2c4f932a2904a7919b9d4729465d6f14646710a362a64	parse_error	-
34c6ef409ea8ccacf25851c64c84b5f43644632b0ef1d3f156841c462964bd9b	ok	dc0fcce02f30be6fab7c7b6f246a0b95f5b72ba64684e8820fbf8994fb5cec71
34d1f702f405aab66a4c4a9574a422c647978f1e21b5059a94618acf30be3357	ok	1cb7318dec2dc308a67bb26d0893fc2043009d97a5f5d2a3ffe4212b001eede0
34f11385c85b1708dda838cac5c5e53f77c49608a650c0c420de83976fd747e9	ok	4bca9f8186aa5514abde5788b4daf2024de103d1be7404d7c31e191465f13042
34f3eae1f02e56cb50a927c67aa795421cb05cab667301e7a59c1bc5c68b9ca7	ok	df35798b4a9e45bd88baf6764d40642ec27d1736eeeda9334571ee12297d8ea0
350713914bea7f29cc3d6b674cbb41727c6f7c3e778c3866bcb13894a13591e4	ok	f5551ea42793f948a2e7c2036a2060af25845f297a8b810f049f041cf193cdb5
353eecebf30d8d976692aca994f226ae06a53b42dadc4a7b59fb3e22c9fd799b	ok	41b8cd5b4f756c6090bc95ba445f41f3849c7845c322ac6d5638050b02707ffd
3559ce28f1e95e506690dad8eaa944d20e007b03652ff53c809ba47b07608603	ok	18a147cb285178a7e7490f14774bf3949cfe733fe5d5b583be5c9bb8a6f93c96
356bdca6e5cc1c0dc3d000d50db97a67b37a6cc5fcb30ae9a7fbdd1cee23f51f	ok	07b2e3873427dafbce58dd6d371d19b9eba7e229a700ec1ce2d9aafe84bae36b
356f90076ae478668ca0842c51b7cf032b9ee78c2feb5b407d62095a3afbc260	ok	fe70a5301b9ddcf8e6885f34bfcddb155c7e159c53f2470e211c4e98e3a73998
3582208c24b98afc06555e01d2745adf0c8bb0ad0b0c0017bb7dda7b689b00f0	ok	69d513fdd5f99bba3a8944c5f0641c7ff2a14298c4bb901e811ebf94b50aee30
35959d632b0769895ada2ef2235e7f0b458eb9a7dd72ce50e5ef03d0d9ff1fb2	ok	099d523a539b2055008fce58e404a8bbf6806690f66ed3a082fd68471cfbdc7b
359a193442d1dabd50b4436da88596ed8cc7600d364fc0d7399c0b2650bd5545	ok	82971cc626cb02d18a282cc4409cae1684a53e4a03ee22ed34014afaaf9ec2b9
35b660bf58f316ba6ffef9bbebabf558d03055125280db20369c9df82359e040	ok	d715413f8151359568bfc3d991392a514fb0f459a95938ab9d98761172b99b1b
35eb2fda1bc941de1c66960eb854cdaf921614e46a76e41f2b7cd534baaf6cc0	ok	87227c7832fb52f0d512d42f5377bf29cc9f27377cb4a2661c33c534db4b2312
360f09bf099042595ba1f3456f0f0dce00b54170be5b3715636a360875677e2a	ok	704a8dca26ec238594291d1226d0ee26e41e3c82a8ba90111c6ed7ba84acd887
361ffce670e27afff2654f10a048fdd48121a4a85a27717167594dc46fe128d0	ok	282457be9cad3f6520ddb71b1bd225635b853ea769ada8575f9fb3980db5d574
36438102bc7823340e80600354e19a5a2051b6ddb96cdfffefeac2690f0979ba	ok	0313b6fc2c28cbb0c893a28fe1eb3cd2f9a78e02a5934d205c400b328f5cb2d6
3669a82e180e8eca16e8b95d80e2fc4fa1da59983e81636746e9be4638bb00bf	ok	799518c1fbea1bd1aa2381cb855cee7d374345ce87b609134d8faaef44a5df3e
36a7c9cc76b32580fc9e3d39aa9e414f2865887a1387fdd02170dfaca2b16f08	ok	c7b6d8fc3dfa4118662bd559fdaf9f5960e8bb9aac24f31bceb2f4752b3d0634
36ac69e17733bd74c144b5cabe1c12085317fd0bf1c7679ed09affa65a6cf1f0	ok	c6c93f1babacc1afc0f91f88083337f55dcabdd4814d9b6eb4d9a20fc0bcacb6
36bffb7f16dcf327afcb1dd684830f9637a1c21d3da28e87ef5f9d944d8379b9	ok	d1d96146933574890c9239a65cec5c28be59d35c7c558927aeee145b76e753d7
36cfdfc8cd899fb0fb391e0441fad7713220ceb462cef7086be6f1d2ab0398b7	ok	44696869c3b580d4a6f7c8ffbd3c9c4887bd2e29595e5293c0a0a4419f248450
36d017ae2faffe3415b9d0ac13ad03d96cf70ec477791df8f3ba60db04064ccd	ok	3b487a6addb6a2edafb5ce27ca154917d55062d7a140a33d9435b3f1cb9a97f7
36f682e7d927077e5e5e40e3aa0b31ef5918861c6201607fa117fce6e040efe2	ok	c1eae900ba685fbe462caf9b4d60d47fca38f872cc183d410e07feadbad97b30
3749c1bc3985bf53f87a5353267194db403ce55cb90ec749727b68327c840b37	ok	ea2dcb4776bd255e8ab6b584808adc6a87945886803e8ae73a51db792be513b6
37545bab58aabfc9de06bb63d0d8a65ceafdb47887ce3334128196dbe4ab0cec	ok	8ce39a2e163304d210a903fde6a6b26f4f5183a7ee932bbd43cf853e99ef0a43
375a83356cc83cf722230df0b3948f8c72844e5a20a7aa5e054878080d30509f	ok	21efc28540414dc89a5b1b7b9a04d6750e96a689d4613437f4ab9b914156e9b1
376a1d1c609a78da3de1d79e451d8e80652059e76f6a5730aae10c87fbfd35fe	ok	427b6809c31cc92ff2eed41f037d1587136b050458140a5a05e7abc5119ae221
37790f84630bf72771e7ede9d8830e5faf450c2923e50606ac2b58fbe0a822d5	ok	59fa18edb8fad584ba50fcd6da2a50bf855c0addc25d7cd645dedd5a926527ac
37cbc8e1df3099017829bafe7e6b5bb16fdd6d3061fb0e131ee88e86e61906c8	ok	2a56f63f63c2fd172d01707e921d7991bfd6a75a215a4b53b47bb28a972c08a0
37e2393ef3f257b8cc95dfa49592e349e5e31961ef01264968ff1f0bab2edda7	ok	726264b49047220c89a67ce0efa2126a09143ea7c2cf455c7dc2d4753bae4a43
380516b84a4e6fdfb2b6a169d6c120ad89a06ccdc9b542d25f131465e6655a3e	ok	7c92285be38e8dd3abde6148b64fcd5cb074f8ae3bba34dc9c9ebb0b379567dc
3817e71e5616c0fd7c15027b5c7e6a82f6bc4519c9a534b474465ccff0fea624	ok	3bdc8073349060566c9870d2ea9dae67e6ee1d25e07faffd7c761722a64389ee
382458acaccf0d6ef2f207a4a9c905f923f9876294603d013e84874d96c26925	ok	e29c4a124b4aac46f8d385182eb1e6607bb32f800bb1f877807dfaec5cf96645
382a99e4b0cc4aeea4f97757cbbc50c47fa858987680647302b1b98c21ab20b2	ok	b87031f61d21b60f57275c59b4bbd48e12b895ca444a1b1f3cd29fc6dcfe9b74
3830297df18a232ff286c07c45e495cc92c3a080b59b532ddeab71337e47f66a	ok	ae7ec196afe2a1162ef51acda3a7bf240289dabb10257949ee4aba1dc56aab2c
3841f998d9995d2bcfdebfa4d86202b88f5c232c3ddabb53edc45d4ad13a1aef	ok	2e201b074321ac2568ed6dcb93b772d6facc1a4398c057aa1b55ad28d824372d
385c0699a8a1a317177748dcd0e1ead860febc87cc378db1901994083163e8e0	ok	e38951979c8d1e1fc77beace978d72ed31865df25cd5cee8885c43e741948668
385ea721d57fc1e0d5d82fca232c328a789d28537c8d3bc0eb77db46da1e0e1e	ok	abd09df8919d7608851337a19d61e03abc898a4faba1ae24b8cee40d61191651
3862f9cd02e10f2d83730cb68015572b7d751a3b220d2029dd6e3222bb0516bb	ok	30e5d8003b916a64599d54663e3874fd76eae80087f91c7e8ea73d613966022f
386d2a5006ef9d131b7b305a220f2b93f4e03ca0857f1ed47970c736b8cecf9a	ok	b7f86111594cc4943eec57ae487b5c9a91051df36917fe96a910bf7f8d6b7e87
386f3e4bee67b66febd85f21168fea2cbe82994f965aab9a2e02d4e76fc23616	ok	5e819c7371763b5fd5e64408f835078485da3a67f8964a41601484a7a18f17fd
3880d845e5f7ecdaaa3868f5b1630079fd1a73dcc8e2d0ffb54fa407ba09ff32	ok	d6d152b486a8e4d5fbba75411b9c7ab32dcf04009b9cdc8ec38a62c88784e0ba
38813f1a768edc8b71d4210b38863793a9a4da33a1a8e03f84bba0c312d57945	ok	26ebde6b099b4d30468f3975a04752b6e26bfb53303865d8a05abf47a84ba82b
38b5b99fa8cd6ccc28807e07203aacfba967c61ff080fe1dcc3cf35555a995c1	ok	49954e84f2b16b1fbf187e0822e0da48832fed760e312f8ab23e1b58770087bb
38c726abd5dc308936ca8369c49e4eb02d33fe8cabd122268cec350eec21edcf	ok	e2ae53960a92795eca7093d0561695a1f660f9cc5e11131ba95095f347242cf3
38d1d8b779668e1f23c63d475298c5fcc862c72f2780feb8fcadb1d521c1a5f8	ok	d8c3b5b7f4716fa32c140d008862c577217ddc6bb491631e3199fac75f6c4522
38e1cca0fd7572640d8ed3391c09b11c3613776d511d51fe0e2473391efe8f47	ok	01480324bfb77d0f311f8d32b7fc9839bee81d2c6c6ee91a1e1bf084d82b0252
38ef5afb435e160d52458d0aacfb5af282892432932ec0fb3d236acd2e158602	ok	00af5793631c5f3486b68d3f09bec5531c13b797bdc4cfbccdeb79ded37f3d18
38fab3d45f521ee92058cdd1ca164efc8166fa2611e30cdf6d6a380e3ca4e797	ok	ba44ce8a414d2005c4d7d3d9d702f00e1106360e0a4bbd21802f0d6402abd3b5
391e8439f103eafcc2c41dd1bb51c5f92bef77f9c6f37ef4a3e5202355ae9534	ok	84800103d400bfa0223796baf2ff5439ba46f313c66fa50a956dea039a05e6a4
3957e8a0259c87ebe420f8e71f6e471b570be23008c43c47fb7345f7bba2c4be	ok	e630be8edef1953c4d2cd893d7d6424fe0cca4939eed0d52b5512a45e0c395a9
395cc2cf3925cb65d7f0405679205afd041483931ad5a3c6e562de1bf928525f	ok	578ea25e2a2fcacad743fb12a955cdc6239166e28ea76dd69eb8fdff53b4af0e
39bea77583d22f717ea22bda148607f712f40edb7c12aa8e3669d67a4cae1dff	ok	a56043484176415f253f46ee595f065a194233224d7eafb5a5efabb2a170b575
39d7f3f77af59c72ec7315bca4583b37416468c742e6cf3dc8c32ee9b1a03e4e	ok	cb62430e57de7bfc2546455496d6681f87c601e9396cc545f9bab9ee411fd1ac
3a0b6f3386e71847935673723f998bccb50f789c867af74ade1bb13f2778650c	ok	81ec5f80297b3da41563166da11ea9d51d7bb3bf47ce52a5b497c32c7ba893e2
3a0f71f4b54c9a7e8b84af307a00796fc386517b49713dca82c9e8b17499d984	ok	94d49343ad1de90378305d8598880cf516c13223c8b5fceb66e7f10a6d04898b
3a38e5532a1d707e77e2f8da9e806505d3b17deb86bbe1eb6f19c4f5e0aad3f5	ok	878d3004e0dbf3c4cef847040ff50b0bcfda8dca49175caace5c2ecc32fca519
3a5cf775fec2c0764a5a8196e2b837ae6f9d6b5c30d5fc170d2723921b5f755b	ok	9267c626a83ed0e823225cc539c5b980608b87f4852847a1ab0f72d2ea539797
3a5fa54ab428ed542cd8d463706a169a19fa0324ab614bafabe7435a6e17669e	ok	b83e14ef78481ce168b019fc0cf6b9042f2908937341528723132b743d566e8b
3a65969fcece80c29dbcbd7817340c74d061fffa3e7ac7c4d38b4586d6f276a5	parse_error	-
3a7512fcac639d5bcdd362c9e36e85c6b993fe2f989f96f41d359cba2c125168	ok	e83f24cdccfb0980a03cb6e1ab81f2953610295437e8a21a644255bd8db39de0
3a7d8b39ec10632d70b6b4a70f08bd140f18a674b4b5c959602777a835891b27	ok	9fa749729233b6c276b3e557fafa13863ca7b0d55d7b4cb94ff579cc3a21c4da
3a85b4338181d49e8703c5d35b4f565fc745c7d1e343c4e167577571af6d5702	ok	dc00958c248f391d6b8c330ba961dee32700d25a2513c30244bd3f9250fa79be
3aba826b5e7e1dff5a793969c1fc2936a7b574a3a50257e89a7920d7420ca88b	ok	4688c6164c359e493172def0b8a7cbc31dc0530a291650854a193fae2c25a1a1
3acefa7222d8712311835ca38eaeddb351fffdfddaa69a5aac83a93c097742d3	ok	5e5eff87c9562aabed5ec78780586b7dbfc9b0be92396dafdf52332ea9744814
3ae872f5bc4f4bd6fe19b456342e9c93e1e9125c0cdbf241fdb02a3597ff88c2	ok	8b01ca943a0424b8974fafcb286b21ae1f790837e95fa3f4479a495c2ec8dfb7
3af349aaaf97e22beb6ab35026739496cc8cfbd97f8a5622576edfa18d077ebb	unsupported_shape	-
3b3308c696f5406888abd0a32f4a9f4d8864337159909017c6774ec1a05d59de	ok	02d2f761702b5ec0aac1d6ca60018c5409c6fc378fdbe739a2038b275d6a6424
3b3eacbaba350775fbba4116f4ac314e1660654c4135b2a2f8f0c994a2aa2a46	ok	4c3e0139f5dd91ac3e99028b3367c96d5d21e322d1c7b64632ba482b01752eb4
3b75ce124e4a87f03f1904194acb420832efaeeb215f7fb0aa105c1e644d135c	ok	7f83e0d74110885125679d2d357a241b943fc6e3e20cb4f4a025bad08615ec0f
3b7be8c85aa1e5e669d1ecc012e17025ea21dd4465a4b53368c280b267388a9d	ok	1de29f14578ebc06f1bdfa188762ce3f2c131c0e32198e418ebbf2dfa49e742d
3b8a270d4daf7b4304c9d854d7d8f0b89e02f68b6a914d0ec5e9623826f20288	ok	9509cd4c9372f4079d7293a90c8da828223387ea1827705ec18e9c543bda27d5
3b966bd934fa5b80028e055cdc498da2dcd906a24f863b558cbf994377caead7	ok	12202f5018ae2ae353f9d876f1a1d4a65b5ac93caf6f3582e581bc42b09faafa
3bb23570948ea1571796e2e207b6f85339e32ce497e94e139e7b8373477333fa	ok	7cd57b247ca23866f2eb280fe3939740b2b1f47adb601b8e5d3dca4abbabaa36
3bd51022418fc5284eb1de3024e0b511eb0229346f1a3337ad508b50cff8fbc6	ok	1da0910fbcc7786b404ddc93709ba1a814455183da397e69360809bfe2f2879c
3be83e98c6c7dfd009afc8269eadeeb41bd2529d2d80658b61365441eca3f768	ok	e29c4a124b4aac46f8d385182eb1e6607bb32f800bb1f877807dfaec5cf96645
3bedec3c29a27792703cf1ec86fd0377022caefc6a98e8994454320b7e0baa35	ok	4466685fea5785a2a2d7cc68922300a5848c743bea3c9658ac9e1fbd9054d713
3c00551f177fb356ea6d6274ec3b3e35cef0aaf143cef291b769e33e3fd68764	ok	1aedb46eaa061bccabfac3ba1be0c115a9add4277f3ec787a4782e40c8563290
3c097de9482524132c9759e335e490bc1545ec5c1eed1ddb20daa98454dcb414	ok	1c7b85a83c579889295bb05ca67e6910765ed29ce198a43945688661fa4d057f
3c0babb332affd22abc3d72a73740fd41f01ae91f835485c1b47a1d79991d148	ok	9806d22a8a3aa4ff048c29e8e2b6f82cbad28f291f248d7b3c49a2a42545509c
3c0e451527e0696e1515632615d57e8f465b31c5a48f958bb08c42e54ed9ee4a	parse_error	-
3c29a595cfb693531277d2a0ceb362bb6ec3578f0946bb67499f05308e83141a	ok	5a32e65057b0fa59bcd134cd7cde1fc20ad803b22105909bf47741be194e6688
3c375ed2888e01a4ecdc4867cc79368cbaabca762eeed8cabf99d96bf6b82dd5	ok	ee0a5a408c887e678b14a508922fee4735c7c8fdf956fe334f7cbeebd94ec036
3c4bd43a34c4cf2893fd398b983d6cbf1cfd57463ebec2df32761af28d4fe0b2	ok	ea7254afd7f01c727ed69c56f5c34d5253b74a613274b01805b254a4bf28411d
3c66f9852e1e6b01772ebd2c4eeda9faf38deead1647a0c277b3c9e5eaeb1559	ok	06848752d35e0c96696d9b3654e921ac02cfba1cfa4f3ce1e3371ea30f7cc80e
3c6cdb6e0db43c66ca2ca5a92882aaf29d2f4bd7388e76228bf6aa0b78a91d1e	ok	6caaa19c8952e6cfdbfe331aad9b1b451ccd2fe7f011df7610e23869d0e151f0
3c6df0b71782970a2d52b3670640c4ed979ba5b0c9733a4c2f634b613bdf19c3	ok	17ff0c31f190be7274a3693675fd5c0a5f274f9227854763349ac35c860e2a1b
3c8321bbd6f7b4d978c5fe8970e1355ce41a2c56ad1da5edb790bc482751ca62	ok	67043311c12a2fd92077ddaedee286b062f7d71814094d6032043819fe4fc2e8
3c9d56f13f4625c7678ec3d5098df4dd9541f237ee04f527e0c01c17252d9523	ok	cb62430e57de7bfc2546455496d6681f87c601e9396cc545f9bab9ee411fd1ac
3ca899d81618021b89dee986c7c4738c686b9bfcdabb335e8968c40946b030df	ok	94540023b040b5fff21f5360bbf5c09b14236ade912ae427817b1cf56b3d51c2
3cce5560d27a381a299ab06a2d3dda6237d985c59a1e7f03f0d92dda403f9620	ok	097d3827ef5add8f170ffb0e1da76815775d222be38df52c5d46472328285259
3d1f51dd80dddd25050d524edbe86ffa7ff6d5325c5f3b01a18c9625434e2f19	ok	735a915a2e4d451cd5882f6b5815e9555f6afbae6da343ac5d3a65a17c215596
3d3c226f38719ec7a9569a0b989e103542cfda2e8d08bc03d699d60dca885695	ok	2eb3de4fef878eaeaaf222c6a941be88afde810db3c77d23dda64f58747c3f6d
3d7e7e9cc43fe634a00a6f21bd20bbd70823ca6dd5437607a110ec9aa1d75281	ok	96a13fd383c0fffb8209cc0e93c408632735854a68f639a6b181d151b8d35897
3dbc7ad6e6b08dfb7a8390f1c94ac843cc8f31ccfa12055abbf4da82f454a6ef	ok	ec75e0fa4c8c85d4ad4a485e0cd31f0dbdb5a5e30208f57a7aee230ffce86cae
3dd797772ffddaa34cc2ddde3d43dd9ddfb044e875d46e66963c45d15324f896	ok	07d13383f37e82c25a2da7e17dc96be0722fb34578b69d4974169e6e211df997
3dfc14416bd8437bfe68d2dfa140b20cac50272833c97255e396b743c1905768	ok	4b530ef433b2dfcd377d59b687e58e3e3d7b7f726b9d2b480364a8e50bab4360
3e16794fd4ef6f20d6cca77d8ad344b367b726aedf50bfb909e5bcaa2fbe5238	ok	68752351efabb3d9e539c714f9e50d1751ae2df3d1f916a03da6f495cc6c50f9
3e23247549826a81ec3867228e702a5e8aaa5644b473b85e4a0a1865cf409b3a	ok	125cb6c17a0dff1fd385675014718e1f4f38fa0e4f22e06495dadf06cf73a9f3
3e32312f734c3faab7c0973b356e3150c709ca4b11ce2310e400eedac0894ca0	ok	4e737769f11bed9cbc791bf872e129be2a7a84f1d804c772eed448623fa71574
3e492e67bf302c0f6db24aab3f4cbd986583d6bebdc8877fc8f3bb52fb808d06	ok	068e5dbf62d96c0c814f9b3ad37585330112421095d390d644c47c0100bf9967
3e84fb192a5279dc44cc0cf20b8d4c74dc1413aa0367549e2039327ce83ec436	ok	7a1f19f7856c75d265152c6f5448dd5cb2543f5bd071852e0a89b2a76a092d5d
3eae27843638c914a98cc87395b7103797409112975581fba2139deb9c4982fc	ok	04e0f526aebc3516cffe91b988458bc5912f7d869b9770a026beafadce3c7c85
3ed217111e527b925336b3b05745377f46e393b531fc05432185551645f16ef7	ok	0cabcbeccb946e2cac7c6835396db341cd7d49e42bd77b602f982d25839ebea2
3ef41cf75c21c7925cffee65a41d08c242acad92ec790c7cb9660fabfd952914	ok	b23ecd06a29d52b01688b9ae92f8712c0afd3c4baae0f5828074d5d9ae0756f3
3f21a31636b1dd82db2effab3b4338b638be79166dd86bb896ce98573ac4335c	ok	b43ee5e98b33848266a7601825a3bea70117bc011fb451665a6aeb9fed62582f
3f2593efaa13d5f4a7d4c37bdaad1d574611773ac40e6bf8cb6a372d27047225	ok	ee2fb6b382d8bf78bc8a0c22aca08458b0a20590e95db90e9480f4d0c8401243
3f2e40be0f7b2935c06b69e4c4ef96d611a24ae7cbd82ce70bc6106d87d5e384	ok	6a05f2c365e941df2c2e97b3a783b3650008a5d36058d53cc17a403482cabebf
3f67d8c34312452804081d642adf7872e4567eca0fd994048e5c4a6249d57e2b	ok	36089e2bda7fe936460d8f645d237ab09c836e86865de3078663a7c9562f1d33
3f72a6c80fdcd28aa53cc8196c1f4fb4da0d2ca862bc59da907abc0757c32bb8	ok	747cbe9c96c550fa7949efb8909f32ee6ff819ee417c736598e40c6833c9613b
3f8f3e6c787772ceec4c464bc5bc7cce6e2b55de6d27e25c051f5ee436da96b0	ok	12a769c01456d530ac2095ca5cdcb3a8e773740139324df18b9412c2e5945f5b
3f9c51987f9498fb297f6964194237785da93a95aba7b6aad3b6fc33fb43071d	unsupported_shape	-
3fa3281a356a329778c011a418856ef0cf12fa96c2f91e0ea69b9ccf46f0c73b	ok	fe35b1c70e3d5081c140339afaf7e9bd83adc9dcd28c5195986564422444a1c7
3fb56cdfce38fb4f8ddab99c2cecc71ba1c26ae61db3ce0918a6bc4fff0e1a9f	ok	38ea61a607426e3a0a3f8f61b64671cb58a65e985a33d8e9d7d5167af521245d
3fb57c1bffe5ef5e9e73b783a9e2eb0bd6136874d2853ac094ddc9c28ab701df	ok	afc7a5b944b69246b59c4454714708b0bb36812c1e1c8e53d5b42d6cb74654c9
3fc9261c2d816a6f13f082c9a62d9b4e535c842f2196f646989b1351a77c813d	ok	3aa9980c2eaa27eac64c1b7db907cdd6930a503d2863f117312021234dec7897
3fd28b70408a3f025349c1edc0ad3af6191a7c1c44d1319b6d031d42c768600f	ok	018f06992cc7447547db352a17bc150897a01eac5db350f92da56f2d07f974cd
3fdaf8573719153a4c8247a4974c4c8b88ab5d79c3d3bf06fc82ff66fbd99040	ok	f0bd82046b60f6f0a57a60d9d1b59fe6ce4107bdb3cd904dceca749899f5817a
3fdf6187e82a17be5db14b57a5913c3c6a176554b9567b29d34094720aebf3c7	ok	4f8472fc900f6fd3940bf3c6901caf4246ffe62523ecc81dde267ef6a1719486
402a0f97c6bf546d3551987eaf84055f72db408289016e31e961e706ab15c4d7	unsupported_shape	-
4032841257e164bdfd4828cd127fe09576853c7d0103571ec944bb808af780b1	ok	719f9c20331baf3730dcf22485bed5c42bb4e744b9726bb2d71b0b0ce55a44ab
403e8cdfa17e46265a7cd01ad96bbb27020f936e8276ee0c82c566ea665c95cb	ok	77028d93ac8e310c028c8a3ddd520603426f02babb1837c13b6ccda5bf8e5f22
40511aaed713e0a637377125d17b8e6a4a5fe7aa82391017d0655af9b2f5ee6c	ok	235d469922a3630d24563d22b2c7d57a71aa92d81a85df9ed6aaaaf2ec8494b2
406951c3bc8dc29b40d5eb08de9866d6971b9ec8d1e775e139409dd5c1b68b19	ok	5a32e65057b0fa59bcd134cd7cde1fc20ad803b22105909bf47741be194e6688
406ceb1a6ab7138acbe5bb351cdbbffa44e1a9e60aba56130ca76b2df7f7f3d9	ok	3c2c934f1d2df2a33ae661399a33e112dc8c6b4ca762af244f0ae5a0b742f68f
40a9d52c383213093c8395480bbef446f24757dddc514144ecf59106bda5bd89	ok	a73165ec34ae7f3e388b56ef35bd4bd91b07ee080e88de3c78070955589a9eb5
40b2a7c13886aaca4275154e563ec55a163166a2cd421ab60fc66849f85981ea	ok	fb05ef36bed6b3d06871a37ed125afc13b802f6777a7da65d6fa507e2c8bebf3
40d20035c8b3d0fa2ea01f34f08d60bd1e385c75cf6789192faf90867368afed	ok	457c1cc00504ba6e42569b5aec9b45f48d0b77bfd923c6d24f001d37d88b164d
40dd90650a6bed47881363679c0eca67a3873842ef43dead8ddad7c6eed31e85	ok	542d7390cdfc82add87ab5ab50d525b501a710ec37180ff7fd0f9900c1e3e38b
40f63756d53b811a86b777a1d92f5804929b25a808ba86cc0fa98266f3b99cb1	ok	5a32e65057b0fa59bcd134cd7cde1fc20ad803b22105909bf47741be194e6688
40fedf06cd06ac0d38569b9730f6b0f4239dea5105da431bd0639ebfb350c161	ok	44bda7efd820cfa03e7fea25326e9f1b3896d27ca0d1288744b3093c6e582bf4
41071537565be832fc0bbf1154df482c2aecd86d9b4b73eeb4ab04fa1d7e26e1	ok	a9336f2becbc0ab553242f5cdf50517dfd48c40acbfbb22278bb8a598df0de31
411c2676b06abf3f4b0c982dafe8b87a86766689e6179cef46107d45984f064c	ok	273d7079f679981589e3497e9aa9ae7f8706b01eeb4d6bb99264ba49b3401175
4143fb8ad5c48f153730c0b145972ca9614c8690522dd3e19c551aa2169fab22	ok	b13c2bec598347b00a2a1236c38baba7c78387d333ccfbb6c6c672d47acae319
414c37da03ee47330017a3c4a901d748299d07454226be98bb7b78d6cef37e92	ok	0c83e7ac10483384edf377aa0d627b34b737b44444d634935025e397ee90e606
415634b633f01cd286af6ec5ad59b2b7012fac8723b7a78424f35d1eddbdf19a	ok	ff7e5508b96ab378532ab4a29e558dcdd03196a0cd39d9edefbe85aa60bead92
4198d30809ddec59863f67e67db2c3b1a7a4de2daad1b8f6c12c8fb490430ef6	ok	071d3e94083fec81c518c8fd29c1263451b188c273daceebd15844a3b7db32e3
41d5386344f6fb1de42004429e0e9a98d6c4a52ee24bd2f5e85d0cdea4654480	ok	e8c870afc52bf4a68e91b0152f2f5554c08d4308dfcc66ffc95e8bb04ebdf5cb
41e65aa4fa11850b808498329d8abaec70ed683d7ae1cf6b06ce9c613c3ee7e2	ok	862ee3ed5d1ec6c467b99f30b0b0328b1e8e8422d55bf1b4cf83fd92cd37fabc
422722c5ddeebf33c943f439f881ed9507ea9eccbcb956c6a5b449c6bace0909	ok	53b0281eda5d690630e87e032b3acbc57c82ad5a841ed822c68a2336905cb5de
423ae2e4f4c1c996a0269efeac2e62aad85163c50fcc806b673802f2f5f5b0bf	ok	086bf8154a9e08bc1cfdd502229fda7fde1d0ffc635a7af4aeacff8cf136d784
423dd31dbcd2b381106047b40784790b2a6b5e7c52305c3ea577c94450d5188f	ok	955326eae636c3a3694fcafb771e0f829c702a5c6a809052c4bef06bc9e10c36
4256a8144382963767c106d1fb9624598016e95ad427dca9b371c7dc8b78983d	ok	1a2a36fe5efa0f5628a9ef64620fc7f38155d47a1629bf7bbf2b95e738910e4d
4259ddb850bbbd77865938d6ea370a663824cb99215fc048154ecfe2ab95f338	ok	6ddb490574a46f904e2896e05582beabe9ddc4f17b589f6b9b9532791e67fc62
425ad3cb963117f6704d0be96adf453c6c4d980d449b378db9b6a0d83faa9468	ok	81889ddf43ccf8d8304fbf3a70e588564ae1edf1f313e98aa78b48fde6a53c7a
427b73e444e81a4c15752e028ec8166d29f5b29daebfdf5f349fa89afbe2d6cb	ok	ccab233328ea5d6b730007fac6fa307372ded47e0912316c7850709e954500d7
428e57370d6c82b7b842102c4cdff3d5d8c928a4acdfab7fd948f9eeb1f566b9	ok	1393c7d2efba21ad029e56a49b56ca9a4fe86ca2d9e51774eb5f5ec878c2b8e3
42f93a822a13f2e2437fcd22ea9786c6f3fc779fd8372c386bb9e593b986fd2f	ok	2f4d6da73a06ac9ec25a782e78091aada0a0f9c462d821a9ec316154721e1911
430feb788ba94278fcd94fff1526d16e0983f71d94f301d17c65555a113890ee	ok	25a2084a5b4cc777af4708ec67a109fb4dd185fcbceb8066da4fea9afb894ac5
432ec85441ba1aeebfd75377b2384ff2370b226d78d03a9640895c1a61d84506	ok	1d76b8db15c7202e93503cd870064cc830a5f3def87cd2cd59d908d359737785
433a0b6a1d54722921a4857fc4fc351a01437571f8fa8faebdaf6fca3d4af33b	ok	95a1b8f1933234a35d9e96c26b870132f82a630d8f2543ec45d51de6e2ffe87b
434c4807ab91e08a1c0142623f2b45acf05c84ad2c0ad5384d84b5bb0bad37ee	ok	664b265abcd039e84b7b0b9515fbceecff3d00c26c2010b343bccfe019e9f147
435cd3009d4d86b12202362a62a7d02d1a722ed6e6fff013bd86a442573faf19	ok	bc7b1116263ace5a0f2912a22280397754d7011f317f8d847d2296ef8ce5366a
4369d6a1166ea9f97e9a102dfc82620e55e4d28f602c5d9b0af3a9ee87d9cdd6	ok	884f198c610ab9ca1348922c17f86db0dab0c125407d1a7ca72336ffcea90632
4370575a0707f7073e54e74a3eec32bf8cb40258a32b77fd6cc22ae1951cc027	ok	4cd477cba093c77e6b49d9af213c79f57126d8fb8333fb39bdab109b4dca10e2
439feebdf02b54664df7cd670e72958e7777c984f83c6830463c29b141ff6877	ok	7681d921d57a5be445196a256bf9ba56df7196931175e37aff9d640b841b4fdc
43ed09468696b8d388aad36f12fbdfe594bc21c65fab6e38f348d8b58df8e721	ok	bfe295c497e6d35f8533fa7e6e8c7b77352dff6836e3e02e613ac9daef8c249e
43eee2944068b8652a174e7954c501b70e8151e16ce5f433c0ec86257c9a4fc9	ok	ee24a28f0b100d034ddcaf162bcc7aa321a186cec39888ea2ae13c10d5495e2f
44031fd0c1826544fad877e1b3cc9c38ecffc51971d27b7c56b71b204cb21c27	ok	95759f368f3cc8e753548fb85aadebd36b03fc08773c684946478021768a1285
44428b6e62df2eaa4c62bdb47186b132b600c489b507b29af4955d9e3370daad	ok	c536fcc7076c3f487e4c09e245f05b6fbbc663687b2dd5fec48d1213d5cca3c9
44717604a4b36e59fc380f32ecb98aa544f9a7157350d4139800ac3eaa8cec58	ok	f4521f4617a5e3630f6627870519c18c8d5cfa5de3a47eeb2355b4f14b1e7999
4488eb0b9546ed934e85e3087b61b01ac4789090cc762bef573dc371a6a5c301	ok	f5342ae81a7090f03dae3ee3bade759657c8a1d5900641c880f770f83e3c5a41
44b7425ae6d6874d727bcb548629807a696c348a7883ad88a7b3ad7b2bc96e6a	ok	b6a99241112fc7753cf70a5c363d1aa2b840dc1bfaede78419b812c4484dd79a
44c10d1a102cae4702f284de8f12dab7e36e3b2130fe2032514f18c80189ab45	ok	e37f63720fa77333eff942978a91f24c868b80430ec663abb663ecdbff1d6730
44eb38a1936cf7688688dfae4c5efafa678dc7d88df45e45096f7f022bc87e45	ok	c321841adb09dad6376bf926d2f30e91dc64868d68f42769f06cf41f872bfb31
45192446c025010b56e3fdbd84b6f898eabaa609de74d028455e7d4f404ca458	ok	3bcb663ba83d6bdecc0585da5b920568fc62c6441ef7c27d2c80e749a6d46d3f
455db7e87611c05de736aa8c8125d17ef84ca3e82bdf990765702aa3d0650235	ok	10f29d4b02593b7e6f8b335c0e5344d3f91a4e8cb7766ab6ab3008173dca7240
4580a65846dba4e74ddd97675396055558b873dce8d4f58d08eda50eef6181f1	ok	417d8a8c894f304fb262e8a0309bfdf50a2e4fd551d03185af668e726d321fdc
4593a0f0ab838793cd6096aaba66175a767397886a1f223287f8783b9edfc764	ok	fb80abfa7bde2f5f3511a23e0fad180e99babd0bc019e132877de3ab64ce0889
45a0cdc437ca0c5dd7c8093abc27f9a16a4374b557e8676b7ee4ebabf6596a18	ok	cbb32defe003b435624165a5c6a1ee815d979982d30881d70aea859ebc713c6c
45ba56baa977d3ace3c1e68cafb53b01738ee44137090b914d42e0d18c187c51	ok	491aaad71d13f77fe0b0a68084a8e9667ac41a408b41036a82e99dff68fe820a
45bf042cac74bd31ca1e0999135fda6bfd4043215bc9cbc8b33ae71177e73624	ok	6c566b8709c0f3c878b0a1f1ea508530529d8c7513f4dd249f0fae6fd0b78d7c
45c124b756b1e56857cecf2a4fabe7592def56465821176a8d9b06d5262a8e34	ok	b84884d692399ae1c9ff556c45271204791d36a2c64a5318cf5154213ce971af
45f9a0a7ad01434d025283b12609569cdbffbb8cb1976cdd52240d46f6e7ef94	ok	f76baae9f7bfdbca037322991487f0760bc5a365b968c48fe1a8e8bf5b3438e9
464503859a8330f67cbb996f5e88d88fdf514d201e6d35765c3f6c6f3065b284	ok	f1954a6aaca09eb76547a4c38a923b67ea870bbf3dfa82c1d86bdec7fb8c6811
46584139e97e4ee7d52b7f6f81db8b89fdf812f84e536594839de1729f7cb124	ok	7d2a2021f84f1246e54a465c8f71a18a7e1b2a176df0eacbbb056e96379e411c
466b244bf0dfa31033228966bf0c889f74993f46c383e432512104de0a1329f2	ok	6eded5727e4a770d1afcc8855378cb44689c70f75803bf2dfd419053488f4e9a
467dc0ecda753e16492e86a7fcefcac06021b8df01c42a444fad18a02cd5bc03	ok	36017a6666bd2b2357272a1cebb5e0d6a9a8197baf8f1fb63e1bca9667bc5231
468ea5b7c69ca590852061a23fb7b1cd2f0b4cffcaf0fae23209eb6ca7e3f4cc	ok	2c8de676a37a002d9645ca53759d617a66cf4f659e292d705ca303c77d138797
46a4686414e97e31240736689960d960411e3a2912da127dabef371d160663a2	ok	f1b95be77a2a0b62a95c85078821d22e61e0481bbb1c8b11cd27265d5b28b7e3
46ba0c1f01c740e076a5675c5b9df30804398090a6e264ec1247f6555f7fe39f	ok	371b2e75b40c083c0f97c2aa7ce40d1a4630a8f77411debc6cbe34f59e0df950
46cc835a2766ad3ec944838d726ae26ab904b9692fa5cc5a8ac3222e2c1d97ff	ok	d01c5c8d45522f4bb4aaa6459125a7c6a55e487892a84dd7f2d18bae463dc3f9
47528dfdf5af9a71946b9a470775ad7b926a0524a4b247b2994ee4b0efe0a3b7	ok	0bcaf052200cbf8b32b5d4c859afb27a3d4b940221e94e2adbca261b443c91e2
477110a18018b8cd42f00940e63adb98b84d84dda3e62cdbba326a34eb607db5	ok	ae7ec196afe2a1162ef51acda3a7bf240289dabb10257949ee4aba1dc56aab2c
47725ed63502fbb79ed09c6cfc2901b9e720d440184e63a8f4eab4835600e21f	ok	ddf4a2e3733f116bdc11291064b93778dcaaa556987bfe052c60040fb27c8c92
479180cc002c2a149545eb4eb0344d45cfb66ffff37911874ed69fd6b8442760	ok	029ac59d9d65626340d78a94c0b44694e99a4f1c4b223ddff400cb938bf8c7af
47a086a9bc4ce19e98a1467feeb70afb0e55dca73a8701dc9d77cb5da37c4769	ok	386e719a279f6680e59ec41fee061e1b3d4ab9f9e080bca8a6d82d939fc59a1d
47c5a36e714aaccfd55bc115d21ab9136745acce79b3121c7c28f67eadc614c2	ok	06234391b0128cef45373a37abc758db8ad0f58d636cbe0a89b370da7287a4d3
47ed07c92cf0710a16ff07171e85e48e2d164aa22afc60116aa8ae654d79a537	ok	6caaa19c8952e6cfdbfe331aad9b1b451ccd2fe7f011df7610e23869d0e151f0
47ffa12b82cd579b4dbb6588c70c942b6545215a3dd9f1cfc97ee3fd698f3e2d	ok	05c9e4043e79419ebd7bb5fa73cc7c884b78ab27fc68421868a2e0efc8e63243
480d4bda5c61d73a8882cdc20b3f40fab9e1ddc914255b15b6a255b13a1aac2f	unsupported_shape	-
482b66ec999999e01ae2022fc407a7bd5ff1709f9620525a07bfbf28e30f5cb6	ok	2bd6db81e3e49b7576ce9e4f478bc5e2e4e402cdcb8e146bf751a060085bc326
48473be6cabf9022512cdb17c02fcba63b7e8cfedc1997b18583ad057b410042	ok	8f3bd5151b71e424fd2924339f643697409f9b1b9f232ed9a8b476f14ac10777
4859ad06d38d490210517bae09c763f8cff592bed3b7e2a794a9dd00a67f6347	ok	bd53834d7d5a455cdeb2e87d6884329af6745f1d32133acca84adfacfa712690
485cbdca59fb38e993311ed681502ad9ec7e11067a4b75fbdd7e2923dcc43eec	ok	b6af8699452ce09803ee7bf3f784c70d3ac8b4067a26209085b5b74f2a900cc6
4866f880f223ef30c25cb0b920765f29887c34574ba88ee56b4c7f7e805538bf	ok	5da881318921eaa682ef53f2f2d2e9758fe1e25e7836b62e20e227126d726b96
4869bf49b38524420e0067850184ad34fabc4422f3084c1dccfaebe6f3e557b4	ok	24ffa115ef1152dc48702cd79ad7f9a73299893b5aab27ea2425abc758cd047f
486b3f6503f9d784ed0fbdf1fa04fa8a00db7d2ecec06e0217dbb81064e4d91b	ok	1303f095d83d0e6a88d68461a664f0021397a8971b58eeeb81531d02b38e48a7
488f9fb6681c9cbedb0f05cf28b6d0715181bcf8edef68875bc0d6d73d89e0ff	ok	0790f13e68c050432ea38153ac8274987cae8d034737602a0a9ab4b4c4cc08e6
48a82d44dedc599a4cd4b86cd409662369acb1afea9dce2c143a512459dcc682	ok	3d65bfd9a1872036e608663b3e2f89c44f0a58764faaa0e4ac180e42563c175a
48aacc032e0b7e113588bae0be3b79e641ca8aa2b9e474bfc5c34f14e8205250	ok	43c38ffb38daeff5441224f15e144421710cde70b72b979bd2b431000d92440b
48c38a9de2040ee8156818b10e5701c11d2bb5ad60a07104d0db95c66f336702	ok	5bbaf71c208b510bc2a75a04ef8d9c2f16a0dc7d523b41fca38ae23dce5c2503
48dddec2d2a5d5b0384e0c476cf4e636727554e650f8b1a8eca0f934424ba3ee	ok	9fdb5d44a97d97e7844a7130a88ea18eca6da460caefc158043987c1aad9288e
48e22126efb05dd6129c8b8263182ddb1c815d9a034dcb1a4867b2dac003c138	unsupported_shape	-
48e6cf0da4a2782d03419b877cc4b4a059df32b9d1768330866c8b6af64f7d5f	ok	1ff0e4cb81517aeddeb30884b03438ecda96ca962fef735982ab0e068c8fb0bf
48e92382c3b70afc0411540fb747a3c346b1c5c1c7185b0ffcde974d6cc4e368	ok	57b48a27d35068c38726be68eed01003d4fb460598e86e5ba4b445ee03b74ae9
49031e2d1a39bb0826800ddcb615f519b714bc1ba3d548ad395e6cc64d81db99	ok	86543a01fbd4401151dc133da8062ead799ddea068ce0bb594be51a54d0dc2a0
49131c41955850f0f70fecb3bcce227f076c5cfd9989258b780ba31b6b0e2ffe	ok	714d248a1e8f41066309b6deb1663039185f47c359f3554e32d8a17769472d0e
491e2beab1af147c66108ffb1b741735f6e4d8645b33518fa85747c0621aa885	ok	7b60bc14568de28f728c17392aecb952ee3996176615c8cea2af31a171369bcd
4952259131086f52470839ca033a9b039bf927fa09ab9d6f02b39b7ca2149f14	ok	6d5e7c251167a950be99e5158833a6136a6f0150604199faae930349dfa58821
49572a4f9f85173636c44877c62c0b5dc8958097c57d47edf3356cbb3b317d60	ok	673838deed98eaf5b2f3a42432f6b087a63d2138c74e6f99c7ad9adfbd678434
4958baaff3501e749a993e564dcc6d12577e7f930684b0f5762b60a7729bf648	ok	c9d74d25a2067f9d2428be7ba0e200a9238a202632a86f3b74d40a9a628210d3
495ebbd8d0d89ba855f6c4f42dcddae18cade942fff4d3e649c353e9da950167	ok	7ec578e32238af4fb36d06eb737440c827ffba8599c9c88848517361c6943d37
4961b5a5f6d9362cecf59ab1a800668532f3a8ae3c7912de0401a04d59a3f860	ok	84800103d400bfa0223796baf2ff5439ba46f313c66fa50a956dea039a05e6a4
497267a142c0a17218373f5aee14eedc25107146e882f8eb4a91e0ffc64f4099	ok	1d63259a41cbe57a070c5e84ea60105fb80bebe4f69c6ed80d64658675230f04
4986962cc4bdf4521933fd4b0b66186e81813dc298c285e759e1dfd421af1efa	ok	aa279f7791bc796c34cfcf7c32ec4d1c59597a4d02ca3ff0d15db3eb05890f4a
498a9e8ea3aa0b7791ef5e9d8eba7f055b7a5ede5d24f44388e971b5e48c9139	ok	14814ac9504e8eb02f7464673ee918488ecebbfc1304d9c7ff31766ad187ff67
499b6d89b946ef33b51d50648d2731cc9ec2843114a31b7f9d01c20bdaf1f413	ok	98d0c2e5fbfaea6aab04b92da98268efa26faea2f1c943a4411fe946ac22e358
49fd67ac66c5ad30644b23f84c95c85cf5d4acc4c882171cad502a2bd80c2ba0	ok	1c7196327056f1d7a6fbcaf697a951e488ef5f3d2d6771b7698f8b6f38d4ccf7
4a02701a2eefb57debba9207dec19ded09d3588f8b55be3e5cd52388d67bd721	ok	af17439aa0a0a167bf4fff3a0fcc9de2d6ae10c18de88178600a4ff404b1c122
4a2879ca59e92e1bf9c83ddb6d376872dfbf3e82012d73ed450107bc89f94542	ok	1cc22ba3ca555b8deaa6c4696db58165d6091c05c1c9884268b12ee80583019d
4a3b64c1747c138535473347c53db3bb40b15516bb249af5a20fd99efe435ea0	ok	f549c96649b5ef287e050d7292e3d20a65fd0263ee79eb4684281ea82d353548
4a3bab0d16f42efe8785ea21155e5a76dee5f0d1d43339e1cb087924413a0a25	ok	c35de5f64f26d85e8ab33673bee2296e90f500dd174d97495f7d02dca07d503f
4a60236117e3220e1050b4bbd4ed5201d4667a9605954cbc1a54b9cde0f9c1af	ok	384771ae15fd70d01db9c8b64e742ae9c90368a8394d73028da2ea0d01d93404
4a78c6c17ba0f0d93a4ec31a3238e0d4edf4a82347ec392477801558fc19c0d6	ok	c7de5725e394760f6883c8ed5dbd5188a54e897e419e8dcbc87d02dd6c007a48
4a7ee2d20f5d5f84d1d0671f0f17392e20f1bf6221855579fca5ed693e49a6d7	ok	e747ec2a19facd2a5415ff666a44c44b6efddf6ea25c9f815a3e994871eade8a
4a852d2332e12a6b727654ca6338eefe4d8f55cb87ea2c249ac6658b40ddcf99	ok	72677c2a104583af9136f84aa9c90059da0057379bc267d74eead3d8a2a4edd1
4aaa399075421b5ceb6029e26fe95e9de53e84b345e837d9d146965d4a3d9279	ok	6530227b6e5d608a57d0c555014730aecd8b46ea8f8824666347cb5934784326
4ae057130e5ae979f2fa3669727d9e3ecc27f52a87b61c2018d186169239a653	ok	e16657d6d43cc075df96eb102db349f3c135563333aac34a9bb9658578eaba48
4af552c4d2950a33299c607060c536c39f61845fac72be739a5bf1d9508d65ef	ok	48929b8e9bda16862ca150e70f45f7b3ce80f8e8ebace6818304e31b03648ab3
4b0ad5031b56a6a618e87fb206cc9fd131d6056747ed246d5548bb881db3ed1e	unsupported_shape	-
4b2841ae2d2df7b1f16d1ac6664a88f2a03931b84f1bcb8a2567a1453e941ae7	ok	1b28dcfd82279fcea5a10c326b7d77473c461de51b3811286484481afd33fc14
4b3240c24ef233a09e8b4ab63ad26c075708161d187bcc3252a0e3203dbd0995	ok	36f1dbe4d071ed809c4ef7f957d01b47f4227aae9d847c48ee5e35e2033bf617
4b3b64db8c1c9d160df211fb93f3b58a1e9bdb98bf3e52b8b45cbfbc6d80d398	ok	b02a47f7b4ef135060952b35904add3da4578ba1dd7be61861151ec75aa640b5
4b6d5617a30abe098f64af753503636c4b8d81f9de1c57fcbd7125f07c80ee75	ok	eb46c7cb69beff711e2b55c26f7049b7346000aa453eaa89dfd229f2a732f45f
4b9869b006e3f4a9a5c5bc1b4130514b67dce5b5f2033dfdcc2aca8feeb83c33	ok	c2c97a4bcb151d5e498d0ea8c069fda25e1577b37b9703452b5e1acd0399bdce
4b9c2d7f315bbd6a664062caa5248cbbc8bd2ed566012bfac5a9d1db0e627526	ok	7d78125e6a465694b9ed8056f118d26ebb837bed21406339380c820e7df64843
4ba402d8819f7aeac13dab9dfea095d42b34eecad6c161f396afc5b8d1564fab	ok	ee2f5d8ad98280bb359ba0cb6172133480ce6ec4d5211696f5702e83e9206437
4ba42f116600d6096e4d4442003b09c35039cb505579d935ac8f73d2b2252dbf	ok	8f5d93be63889af772bdd1e1b371aa10daacfb78fbe5bc4f7384f8c454dc118a
4ba776d27c422785c411265bbbeab5075a8fd4ae6e027f9d9b84a63d59acce47	ok	1d5ab9e4d54157ccde0ab9b1fe9cd80f89f03637651cc9fd9ed3eb228e01c5bf
4bbff690627ef75277af11cc4c2389e19f47db01eabbf051e78b36ec3441acca	ok	e08cc6aa0ed34d9e8a437d880581ea799ead05982ee8cc5600ef51843d966c48
4c19215c6ef4c5136001b4e84af5e9789e1942f3ae4f7cb156012c5546e744a9	ok	11c5dd846f99b8b0e495313fa4c51037c0881cfc459a331aff6f78651fe7f477
4c1f91b8467df9372f1c6a10ca9a38c515e9867aef0752c98bdfe79f622d9029	ok	d53d1c3f72e19977a6418d368cf8d2508b03c10b31f52703bc4c827d3b79ec80
4c628df01078706e532d1fe7dccf92f5633f374d31f0f162d86c0642b858cae8	ok	5a128aa262e2198ea6dbe8ffc85c903b55879d3b1bf8f2ed7012823a55d1b511
4c6986893af6c6c78389ef48b6da2dcc2bbfbcf0c5f63a98d993609f884d051a	ok	a8ac6d2054e84095c8725a75fb9eb9d1a05a33a0eab37cbef3b07ff4e4894b29
4c72c473af391a9188d7756eb667a29cef59c1e36cadcd894e53a8f16f2a2597	ok	9ed299003b9cc2c6cd8ab3cbe42bf95a2db1d5e879d0d807f855b97fb5b45c51
4c8f8e8069c7278e404eac86ae0ccf7ee912d33d0b480b5f3a7c9849ff682006	ok	7c62ac9308ec1199d394090f74cfd8092400817912d7b0d4b151d1c73525301e
4cb51ada13c4ac00b2613affffda22aee6c1739f648d2dad1b622776f64370fd	ok	c29ce3fc8643768fe9f3e21bf99be810ebf1fc92f686889a999ea936438e932a
4cd2e4cca1e548c383da50aead90c738ce857d4e791721e2f76688d50c18adbe	ok	c6c93f1babacc1afc0f91f88083337f55dcabdd4814d9b6eb4d9a20fc0bcacb6
4cdcc41c3b449d2fc8ec33ac1c29ec06e90f6be2b9b5359bc26c07129bc6b965	ok	77a693d4b50fb26b560ead3de0cfc8758586dd8aaf7660df374e9b1e214b4918
4ce3e16ddc6cbd04bd2a0a7d6a447a513ec16727e3aa3827b582317fafbb6ccc	ok	311591f9b71eb2fbd17966f80ad8a2872ffc0660a58eb0dbc62fc20b4ff55f7a
4ce5cf6f7b4cd02428426ca429bdaabaaf782e63c8b9edc7ef747d905697feae	ok	1946f2576613c42da6bc55ef56921361b471e338aaf56cc4475124b817e4eb1b
4cf11060494f7f7c9d51a56e85354e91359a47e9a3e40720da77e6cbe950ef75	ok	aed3fb549b0e0c3251f1a1d2e0fe5c6cca7fb3672d4319c0bcc450e2452607b7
4d0830431063cb4baa749af962c05c41df07fab8d6224ef52793e8c054d21aa4	ok	5431249a9aaf55ae8b97d4a341ae9b75c2e23d0b47b6d1c37ce960a8f445c2e8
4d11135820c72a82954573767e7eb21ecd207974bddc8bc76826c3fec82b4ab6	ok	b225e760e3f70a1a992602917373fde2489440e73bc40342c51f1db278cefce5
4d2b25dc29c02df0900ce31be212f44bb4e8a0e14a9cb772e6aa646da6b61aa5	ok	21efc28540414dc89a5b1b7b9a04d6750e96a689d4613437f4ab9b914156e9b1
4d37ba0e1c507fd9521e3bbad9b46bf56a549c0b7d5c44a73a405ee299bd2318	ok	5b7e1d0e0036da8aa33d19bca49436bb6eeac74abd7c35d45783859c1569c77d
4d3f583283adeda00cfc415dcc51b5a057710d66ad40c1ceca1f3209e06064d5	ok	ca0cca883141381368c536738d5827c722f8d87913579c4d69a932c3be656bf5
4d4892e2e7999a92cbdc77cdced90d61e54e5e216f37a825ce34cd93381a1833	ok	82febff5da130dfd537e5b17938f8b764e9bf272fc01a683801fbfc3a60fd559
4d514784090c66e22a803077b9dc44d34a45c18a4363794d39734cd05ac8668a	ok	dac29715d891601f9a8e6a7ec82de073690e5047b952780a0d76aeec1211625b
4d5e92c5d351e3ea9ffee699d06daaba8796d0005e07afb778f110375ca275c7	ok	58208c9c906a310f651cf3cf3dc27a227287e7e81831059dca4c54ee18685251
4d631d45dbfdc753f0503390ec92c1c2b8f9eb1d96faa24c6d09b96a4bd0188a	ok	190a45c7f2869e9ac53d52712f8984a200e771f9c4cbd9b91e6e60d3caf78105
4d96c505da1f562f32e20139b1732bfcf9dc728723343c30eacb1637d06ad45b	ok	8f04f75b912f7fff9b1545a9109ee8b540e91d2d2b9115d00c3cfb05dc29f38d
4dc603e9e815d78b0b7149e7138a80574018d3c5f9bfa515f3ec4399cda717f8	ok	a575a485611525e5642432073453565a43a21fa5f6e82ad5c3a7589e3d4e857a
4dce9682240f654b0bc6d146bb8b1679216897abf7ee873abc8ab065671db374	ok	d93dbf0b173b55a3bc35a5877df0cc2800e16e79c2bc8d72d0961605cd978cc6
4e2e0af72eadcebe2bac5959b0b37b0a5bbf856e3fe6e0f4a06c85cc48d1d982	ok	982f04a1173c96a4043000ca63d0ab52197731fe686b56714ee7b1ef3622e4ab
4e548afc8e9c0448d926b309e8c3cf3202eb3480b9be11c5b1046550f6a7a8da	ok	b5cf4900fa8f47afb3c42ab11c747aff303193646f490a1dc5fec326fb8d211f
4e560f9f492a2b59f66430c48fd6fbd8cb4feeae1ba982cdefcbff328ba77eba	ok	a82e6c3358349435a23539187d218b808cce3f2ee33cf3c36412aa5476fe4c02
4e9128cebe5547bf5fe962bba967e434ef17ad342b9bf726a7c0245c438e3eed	ok	491aaad71d13f77fe0b0a68084a8e9667ac41a408b41036a82e99dff68fe820a
4ef3b5188e8ee0d31265868c1172832e69aa660a2d7dfd092a31c51a9c96813d	ok	1f4752174c7bf7e29b90ddd3f2cac1a6cfdc49f68f65d44b87f92b4f08e852a5
4f07035c8fde1ef80d52dffd451441c637a6bea61a086d7d6cdbfc78e9d1baed	ok	f9050dd18e77e09a2ec8d5b8106da2d73f04061336b0fac2227e2a6fcc3e58f5
4f253a85ad70af3ff5dd1c3870fc35b01aa1def9b826151430f79001cd0bb68e	ok	69e6b84724c99e0e6f9e3ddad1a0a2d4d7b5bd70b689cf6a8719ba0a8c4f0793
4f26fdc4c10ca6af46577c72acbb7ef9230ac76b9a5550da363badba5b296f13	ok	45cb1a2e3ae76299b644798a7e83ad083e8097780a87f3f70758e94303687099
4f299f5ea6b0ce4eea9921f4faa0c38b7aabb01401912465d4f226a5bd74449d	ok	ed8526f1531008af8bcb21b4d4fa309c438548a14f377b63601ccb45fa3a7f6a
4f2ddc0bd2f94484f559cd2eb2911569b32e13e027d42996ea8d246d6f9970cb	ok	3a70e0a472e08fce442cf7eb7ffb82bd3ce8f66b02364f9755df0c05a8ae1029
4f3c27a2b16b832305d92b7631392f9767172d1223bdf725db7fb944c5d6389c	ok	0d103539001b7a008738524d5473bdbfea5164b52a2786b4cc941e2519174d4a
4f458835b93d9c077bec17bb3efb48396632d45979ec86302abecd058c207c69	ok	99b018dc7223412a9a3df05200a641c4a040ade859fa16fc78375d23f773b217
4f67f992998bf8a1df2228563f84afa1b7b876d8eb61994246c84126cdf1aef3	ok	1912f49996b8d453c2e4fa4420c867ac604615eb87fdefc838298a23a8f80a82
4f6e1673258cf64019eeefb98903b45482356c128830fbe4c70a810f88a758e9	ok	be87b5f55fe12486a680deac27abf40332fec0a6380fa98f59528178d01806d7
4f90d5c17152744c7b710f6639c80fcb06acbf61697ecc34e179a81132f0baf3	ok	ae7d3276992deac9251879eb3b92427d16db533bb971a81e8729f22986f68959
4fb4f0a4b091e903254a86ec4b63e11cda9dc5b06c805987de9af1a760b83033	ok	0c37a6d299bba3da79b493d84c635789a9cd25b9558966d6dde58be36fdcca27
4fe82a81571c58ff8163341cd0e42d2503c2b72ab4ac9b62d391b3310d938643	ok	f9a5aa0fe493969c79cf911afa41b154c905862397bdedd9f8b0d1678259c56b
4ff1ff73859a53e8946e1cfce24e16e6ed0dfc41681f5b8b5831ad40fcdd6e3b	ok	1de29f14578ebc06f1bdfa188762ce3f2c131c0e32198e418ebbf2dfa49e742d
4ff78867744f855e30c34d07db1952dfb92e9961cd51f122321e7baf86938bfa	ok	621149f152d000637bc17990c44e047635a2512fb36ccfad404f6b9b87c19408
4ff8eabbd38d5dbf3045809e33151db20cc053af9b76365b699fa5974be63cb1	ok	625669b6e5f94b66b5aae686b1079a22510ad8a548631e3c212872222a2a9464
501e40dc37755f43f99746432491daf55b986d33dfe9eba768b78bd67966ac6d	ok	012101af4ee0ca8086671280d1abf0d3ab94d5b3f5d30b298be1d93e4ae505eb
503fe7d92c054878d6baff8efc106c3cf585147965d5c6c251ae9fa68f679dd3	ok	7c13df6761e1124c06de129cc5fcbb8a4625c890d585efbd9d3d1b8372524f87
50460bb20b82ec2fff791c5649b2eaf8b677b50316a4c5e4cc2e23718f44ea49	ok	a1053e4eb17ad1e3469e105e4e8655ace537ffa7faabdfbb6b9360c09c97c9da
504a490039e7d3db6d17607e803850024d5d2bb7d65c47c70d6c0dd453d23283	ok	c1eae900ba685fbe462caf9b4d60d47fca38f872cc183d410e07feadbad97b30
506350e211c3d8c961af2d95d49be556b594da1a4c450e471d1d07014e649d25	ok	a7717ba4d902b64fb37bb2b50f1abfd6498ea11a58eceb6174f5f8bc3da8ccf3
507ca3d0c64dcb1f18f6966f8c350258a35bad638ea7184a1cf45e76b03e0ec2	ok	6905e7beec49d66b140e5c43a56682fcdeb30dbad4cc069f9eeb71ffc05f09fc
507fdad771ce9fc47967a6ade163f9262e2684156c1ed5afdd3be5b9d1c5ae7e	ok	e069a2ca00dd5f840598ab792e014a709d28b5bba19a4b2307042e9dd6002819
5095dc612fe57f02ba1d4d37fdb6ef463ce8e094043d9348a62ecb89979ab7b6	ok	b7e853d989d7103da5ecac370c31011ce71c11884a0f3e8557671d7e8b936d7f
50ad54eb61afb18d7aa104dc69c527140c9f2b7bb10309e82c3e8b7e206742e9	ok	a63fac63328f2c5817c6b1ff5de4e7799bde2da78c395b6e635f056569c5cbf1
50bda10b80cae323bdafb2a22d18d8d4a64ad866f89acb6e7a30d2e3ca523526	ok	94540023b040b5fff21f5360bbf5c09b14236ade912ae427817b1cf56b3d51c2
50bfab63202ecdcfcf72c2d698396104129d79e8bc5b2cf2d7f3dd4641e1ff33	ok	76d3db54831be5608d4263c69d03d6759771ddac7ef2752253d70a736e868685
51282aa6228e8f279ec43e705b315eaa4eb7c6b30c13b4c6df66fc43b6a0ef37	ok	692a0cced66531294d8c5ad970de1903b4f801d2a4bb947f2e067f7ca5c42ff9
512c70ac827e801ab10f6f84f09427c7bb1c59a212d7fcaaf66a391f9204cf91	ok	d4060dca06e81ae7fc51930e27111e8d4388fd11f17577125974ba71ef1e3d7d
51347018abee0be1d2c2d60809e92b7c8907f803ff67e6797fae488e16275c34	ok	7d6329010c9db0444302b19dbd1547d7fcd39f5186bc0cd10784c5dffb0d0b20
5134ec9cf7e04a91470d37d06f1f68418a1630a6721eb018241786d9a0cf6f51	ok	b7cd2ffdaa27f3d37bf57fe3500fbdb2a58c6155427b9960e274f6b90738d947
5197dd05cb5f2e0b8b177accf6bc5411f9bcb08fb941f7db33805dea29674ac9	ok	2c21f5a1fd58ad33f27aa6992df68a541ae2ce72d1a6866190fb53fa8cfaee6b
519ada827952947b5919399e3479626bde950e8b858e8c856ece7decf71d71d8	ok	92bcb80e53fb91457a00955e3db4d723f3155cf5b2fe0ffebc789403853d30e1
519b0b3a99dae0404bac274cda24bd5e595ab46f508a63c0cc32d3652f016007	ok	90248021e7fd5e230b60dbc1485e686bd61e8807372b7d8f8c956ffd1fe98097
519e43595c5c30cfe347a5546312eeeb1cdde5bc0255bbc5f97a9624e0bec381	ok	7fc245911c149bae3d87dc28754a9062105f6b6093a4f8663bc0075a5587e065
51b212bf062547d242fb768bc41a8957b0dc72f8793a0b60e9bb59c27936cfed	parse_error	-
51c5c3d4548cee75ea7df1e38d184b9186ce1d7d25183d0e5937285a1a6eee86	ok	35a35bdd044f3f4ae9262bc9cc9977bf461c9329762df2931601743326a04707
5223eac0c9da9cb42155bf34a48855835d26ec90bf6a619589fbf593154ea636	ok	c1eae900ba685fbe462caf9b4d60d47fca38f872cc183d410e07feadbad97b30
5276d6f593212fd6485e244193d69c6336989dac8a4c95e516bdec77c6a09d35	ok	1946f2576613c42da6bc55ef56921361b471e338aaf56cc4475124b817e4eb1b
52c3cadba6316a43d89437ec5f3b61e44af38a43ba2e75847dcf7783d2a1d26e	ok	07d145a0cad212bea619e288647ad297c8d54b35467c7073c083436323ead642
52e3ce4d29046438b138e6f6982559ee09b091d4db9397d048116d807ba9736c	ok	7fa3786f6178a0e8657f9c85078adfba0a09f12a822ee85353458604c28dd4f9
52ebaeac47f8740e51249455a10381391d8bf766f26bff001da76f25b05830b3	ok	07d3e0b976fd5da80357407f70e52930d7786d48e4f9c72430eedefd02c8a5ff
52f29e106c4c5eb98560a86b5691a446e541c9fcb8e80c7b3e82d3c52d356038	ok	c5451cb6a3572f0818f26c21a7246057657c7e8c8d1a172c8636533ed31af79c
5308d198782c2c838c40c23d360247d8d1aea5271d1013436e252dd4e3c75fd7	ok	4034f0feecb293dfb37653e6bf9775a3a792f8036410e188a759d4f85dc52182
536c8e6d17953ce8b0b50fc032ef279a0d690a987dfb93b04b2a8808347cc3eb	ok	22d3f24727812db2c0da74f9a4c2a3a651670802a8198281399a0f3257327d8d
53800852aa9d1b4498320ab8ad3a662f4918ec12624ad4e353efa35526fc5ca6	ok	8c2a6944e6931af290ea045781e0858fac860757a683285ebe2df0ac13285ec2
53caf50a7757fb8381b508027d409a32150715c153fa893171595ef307cdea27	ok	ec60dceeaabae8c72fa272d8e808e88056c8f96a55ae97a4fc2931196f4dfc7e
53d0907fad0d2300090127e330b964db7db3905098e1733749b72f5489c9ebdc	ok	dc2166ef92b403b8929b012f054c94eb99e07ef770851cc2faa94a3fef91f007
53e3f1e8b778d89c7b531ced73e891370e7489e9675ff6c0d2765b07e1db8444	ok	c9bfb550c243eb7d7dbc9de026208a2fafc12cb2b4c61f03b127ae9e87212873
53eaa8c16d42c3884abe0410ea22b8ab1bbd07c3c6c666b236300b187970a90f	ok	09f44a9bd37922a6b849c09fb7fc011992f7f415247265271e5d5967b665d7b9
53f17933c22bb2f5bd4b1c2f2228173984cf1b21728e53c6ca7dd8bd319b9115	ok	eefc7bb8b9668e14cd917e2cc583f1774b6eee1eb5fcedc31a762f2c47c87fb6
540f72322fcc4384e7c317463be213471ac3921dcfbc0dcbd4c7fc490403193c	ok	aea59714fdff4972daa103342541b1fc4360bf0e20e244ee8d6a9ca0080be404
5426ae4bf39f7669431acea0760a329ae9a29cf476c2eb6a0479e74fd2c58399	ok	97e44f12d0d88b4b5daccc39a72a36c5e4ef589d33b9313a2be174616a1a4f1c
5429201a399f12f0505c4abde2664a0fa59abbbbe29c288e4e0449e901a8d6ad	ok	460a32322696155041b59aeff07af1ada7f6ec6cd08bdb0763bda521f9ded04a
543b3bfeb94c4d7e3a1108464abf93f0e477d18fdf8fcee1afe9b204631820d9	ok	0dd79de1237a686b4daef32fdd97f27d9212125624d236560bd315a7e7c300d6
5471c49cc9cc0d0c3d8faa6011c2ff1b69c313dfaaa1d1edcfbc29a9194e3840	ok	92bcb80e53fb91457a00955e3db4d723f3155cf5b2fe0ffebc789403853d30e1
54724684a5699bb05b18c35389e235045f7b7727de9433983f58c42351677fef	ok	9811dbf49cb2acb0596bca35fddb39c046704e3db643cb2937071c6ac52fb23f
5480074c58e908d3aea927cce6759bd6c7b783018b62a1d2636f79ed2ebb69c5	ok	9806d22a8a3aa4ff048c29e8e2b6f82cbad28f291f248d7b3c49a2a42545509c
548b4c1d6399b75bd0abf0711a05ba9d8dfc7ebbc5986dacadb3ffe7d0da810d	ok	35302eaa62ae4f1c8aae1579da4667a1ca5cf3fc17e1e22e67ed7f7768ce74ab
549ba144345eb8d0f5169ee19b82583b34c60c8cea8c21fe9e0856dd7a82fa6c	ok	35302eaa62ae4f1c8aae1579da4667a1ca5cf3fc17e1e22e67ed7f7768ce74ab
54ba431ff0a5c29d0066f842f43e9eaf2a836b70b6d3b7c7f48e279c3ec0a945	ok	880e184bad0c4f13847406fcdc5fe5221fbeaf186717c9019c956063a9d22587
54bd4324c55f6d54bc84bdd01bae54f589ffe7c5103aca803adffb242e268d90	ok	018b8cf5c576f8c5d634fad5d525697b28c96cd26e1bbb5791d094da2d4c1163
54c1356977a38a8071397b8b8c4b40dbd31f497c6e1cf92cd7ce290f08b265a5	ok	eddca935bfa559170541ea780e0e7becf3aee04bb4ae64e16eec4a134f5db379
5501747b3069b623639d988cf4717e73f58faf9cd8d345b8b85c1becf764635e	ok	06848752d35e0c96696d9b3654e921ac02cfba1cfa4f3ce1e3371ea30f7cc80e
55019eb095382cc1e683da600cab7923bc7f4e6063bad020fe9ad87196cc34a8	unsupported_shape	-
55056d1f964874f9103c2e1893df808b662ef5d76d4d6fdbbdf0d2c4f050d322	ok	b6123c11d975e22ab0e0748daadb86628a997fd0b6b3b7a2d9e21ee2f20f69c7
5520bf81a6ab84955852b9d94da220fbf47cc577d012f53c8688fa4fbc722530	ok	e069a2ca00dd5f840598ab792e014a709d28b5bba19a4b2307042e9dd6002819
5529be9b6329012d987ac1186d9257e61dcc05e22a277dc6a916745b791bcc38	ok	8ff2dddd8cbbcf61b3ece7ccacb19b7a5f4c67d0b9d382f6e09a7dc9d52e1513
553d205bccbc96a2447c8ef30c91caa814acf7f54e45d6524fc8b2493208e6ef	ok	c056a2d6290f1fc4ae743565fcee06fb916a09cf1b6b547fe365cbb530f85520
557d47c617704aa28cef44dcb6a773834f3cfb8d6be735dc6dc1cfe55dc3f2cf	ok	a4d9f48d5afc9dd58c09f09749787b58660631b00dbf30feb388a5e557d35f29
5613f98f6a0186ec358369793257c29f4940220f6d03b289b3a626736a0dfb77	ok	b352f22ac947902b9f0eab7ab5ccf59559f413113136e24426767b820d3c9452
564297f72d6cdeb321016adf949d6e1b69235afeb6ee98bd867c3ec11a2ecc85	ok	fa3245383eb5f1684509c4adc8bb57ac904727ffd503250795476590d99623e6
564f07f81a9ebb111cfa7aad16617bb236b29bccdea935d600efb8b117d6c7cc	ok	384771ae15fd70d01db9c8b64e742ae9c90368a8394d73028da2ea0d01d93404
566072a4eb4d220a1fb15fdea838ad4cf1cccd849ef1798c77efde32c2ed260e	ok	4575bc223e74ab29e710ce66c8a599d7eb957b2ce0ee3e767b919f2b8cc0dae9
566a8232d786258b138934e1fb0bc34e438c2c87bda77cde06aeda4537b2d645	ok	fde230693dc83f05599109ce8f396f6bcc4e7fb25558237c86a4853054e94753
567158650fb4e29a29b76fdc4f5263ea9d9e66cd9caab41b38fb29021d80f7aa	ok	73c327738cd4a1ce7cd06e8aeaf9115473bb78293257a35fd3fd3fbeda7e46bc
56721cf943d4227df34394d4619e8fe4e0b39666e92526f0c79ffc098044fda2	ok	ed0aa3995435d7c13d65fc599c4980d5fc35ba49342e589d67fd6c8804e02133
56a3bcdab3f106680faad9e29f22ca76e52a6788a73633f428578d9526adf2c3	ok	2b5417f94a347b3b36680feab35104fcff0f42ced4014b79719500572e6b0730
56cd7e4b475b6ab7b763bdcdfe43380c8bcc750965887877c97749ede747d3d5	ok	c23fd974cd2bafd4eabf7908d37024dbddefec2977114c1a0e61c8364af08fea
56e0d04eef28d8e1de8c2d357fa4a8ae073729fbdec0befaeaa2cdf63842fafe	ok	56db2448d76c0a99608d28edd38ca499e0f0eb1dfb9dde1d7f3d22717bc36a9c
56e3313f4b645b10ff742d2c9d792d4bcb2fd38a1ebd9b083deea9e6f44d610f	ok	79d784aab0744118131fafbef6633723392152df0fdc0a1fee1d9dfad18d6437
56eec24ff5a962dca2e08e733281823edb2d382cfc9c051c7228ff0c92a7fee5	ok	a5c05f62fdf347ba37a06985ac250c4f9969dd796b66aa3a3061fcc845116118
56fa8fb13100871750cc84b7f593ab0b090d8ac40a824669fcae88cf3cbbe376	ok	0f40001e334c24f5b7c09fd1efdc73d48779cb7d87be4d7369811d24ce5da80a
570281118e8f55dc5e0331df8154f8883eb85d5048aab578e8ea6c474fd9bf71	ok	4a95739475adfa4bda95f9a340fa558cd4d7e55b0981ea6dc9a391bc33c8d62d
572287ce71f58e44d8a1b573ddd6f62cdd54562fac0efb5b8d2bf6160a0d675d	ok	ac01abc41848730be4756043d674b149dbf103a33584de2d1c15ba56f2e23fbc
57228d05784513b95fbf7ce7792264f3f1a25b966234220bb9ed1ba711225881	ok	80c14e48ee4dd10eb6271cf2b1abc5c05ee85b13968c9b2a7d42beff6163fdcd
5731bb8307795ddeea6cbfccee897919a00f168cfe6051485f8f60c050d2665b	ok	1a09b137fb679550b6babe7a01366b05acb0a55c46625174068db35535366556
57578576677810c7ebc4a59795945598a9f599145bed9026c221835249781143	ok	291620e44a8f0751d141dc2bffc0c9a1723794e2baa676e2e3aab12d7863b15a
575c98c4e06c88ddb2ab288e884034e70fc9d29445ca31ca738f3422138f7813	ok	89176617d82688800e5ec9173b1f15a1f5df763cab4cf7f35063107836073f82
5762399f5a2cd403052ef6ceab84becfba3bd12de09dd0bcd0ddde39ae993463	ok	465a49768e4a7ea6b9c3d929f8fa2ffa7dca71a3590e30f8e611a7fa008b858d
5764541a6a1c00b5ae9087cdfe171de42b15b576e1867a4d55b8fa0f1d861b2e	ok	7dc0e8e00ef9495f5783b25fe41effe08527bffb803e268a863959f0f4427c63
577ed74ca09183dc34fadae606f32790f63070892d81a94771faf6ad4ea16b7a	ok	3a22a7bccc289e2a8970d781c682ee1d3f0a7e31d00858a054efdca83a03661d
57ae44df2cbd2671ede17e3463081b0c1afb17bc734f9c5e43956df7d2101780	ok	5caebaf72df6f5f80e573de663be69ad4ff656811359c1427f60fdacde9d309e
5819e1935c8ac2f0629ae3e3223c5324d3e3cffe4018c3594eeb9a88022c513b	ok	d8eadb383a05a0a88fe4e122858a96ac1989b9cf26c8b097069dc915bdadbb05
585e88cdaf0b48ebb859890c0e3a4c8635451ea8bf36db49b1cda5fe9d3dfdac	ok	1a071ab1fd14c97663984be6e7c2ce03bc183316250f230d306ea0e6bc625e15
587a34b9d18c3dc1016923f44bace394a582e8bb5b7ba19324806cd892e31fff	ok	2e6633b631850a7a90e726c04709161741c544894892109f452be837f9322066
5893ebf6aafb71b4f9305df36be34a510006d98cd9596cdc45ed3be988d4cd33	ok	8ae7e08f0bd57815d77b57e4f8aa5d7dc3be72a99f7f597a3d991ca68f36d35c
589c75bae6320f61a52acd13bd7901c6732db5dc49cb977758bd6390be3e1007	ok	4ec5b94d64eda6bbd53b4e2b5cc41b81f7dc6c6dd62af9b3fbcb003bf1e5b121
58a6cde2c0e757acf1248af34605689865bfa9fa300ccc2ab062a561d056da72	ok	8ab71840e30d110b8a4078219c0b6393c0b92df94337c93596ae6ebbb1227622
58a808e9bdd08e541074b958cc5e7507a35027aaa3ba371c59a35a5c28af8776	ok	dc29f90c0c65a586dfac25da85176c06e79eba2e94255cd1883f77fddb005232
58c0812778682dee2dd1e0a760207cdeb826f2bb8d62c5a48d0baea1ccdea1dd	ok	06848752d35e0c96696d9b3654e921ac02cfba1cfa4f3ce1e3371ea30f7cc80e
58c92542dde16a75e023f6f364fb8d9ad5999481700df102244ac2436858a3ed	ok	6b8527014a05442de2876c0d0fefc2ab1f12b096145e91cbb3f50c6f8fa5a151
58e1fc4e54b1ca0a26f78d4806e04d45ba6ca3d17318a6d042ef87bd0f9f2d80	ok	5cd2be31e367b8bbc9f07f81bdffdb55114f90cd114266f8f781e041fe3631ac
58fc4f13911133a7fe22078c508c2286ea956f98bbbfb207e768ef0e710f009c	ok	b72311924ac63b072e1bcd9f86d4f5af1774bb242403387d51f5c664f2282545
5901ac263357515e41baf6f70eb405e7904db542f110695a59d2c1f1a474934b	ok	ac9d4133ab21399cc975fc4cedadfdafe801b20db5b84abeba38371f17c53646
591cccb12b7b268bf314bc0ad3356cf0b020df764859020e4762aa29367752a6	ok	2d1d5a949fc8bbd87670f34777ae989305d4751530957134667143d04f88d9d1
595b5c5a46b3d2b29cd5c489351830b0b5c1ecf1116999b2e642a2bb58d5e558	ok	dc836b6432e4d155c25dd66122d349f16d121ed965bbfada796fc80b3039f99f
5964ec74aeb29a9b9d3d1e24476a6edd07861bd010f19e7f2a68b4314244bfc2	ok	8d0489d764e1725a24e8ea2cd366465aa06ebfbb643f19f809abc8e6dd5af2f1
5964ef30f217171260c58c6bbdaf0034cfcf84e987e1ea8c0351877e2bda6ddb	ok	0e02c18d8cbd24e3efda5d856d717727432abd16738d6ab3185c830df0d938f9
598399681108185c74304ef7dd71a825193bf255c952cd44b72a1639407c9bf5	ok	21efc28540414dc89a5b1b7b9a04d6750e96a689d4613437f4ab9b914156e9b1
598df748da532ef36b6bba40092b7daedea45ef264141ffc2fe233b60e932aad	ok	19a068b01f5fc35973020f361c6e2c1775fb154c21f34a98344c89efea59a871
59ac72adfcd0150798e0ddcd51ea35c64ed36273fce02f5e1d56b995555a707d	ok	92e5449b67c5700ec04eb5e1bbb0ea3b9c9a42cb2746deace268c49533e6b1da
59b264b7bcea8cf3294e383829fc35c63aa5ece6caeb1315bcb3c1bf1878fcc1	ok	1aa5cdd138dc6b0036ace2f8eebe3a73bb76b45144e420118935bf3e222235da
59c745d4c835b299e9cdbffe5a4ff25cf4fdaf618614a8620d9cfc4a2473b6c9	parse_error	-
59d08d1adbe9ed3c23f897df324da17de3978ce22a729e184d613a01443d34da	ok	8445f5b8ff1b258cfa9b06b37d32ad4c66e2fc921bca6f265c606c913c4988d1
5a00da7642532e20c6018f6b549b31943fc68aa3173d5cf084f8685846e6d699	ok	1946f2576613c42da6bc55ef56921361b471e338aaf56cc4475124b817e4eb1b
5a12266ae63ce05f4871eeb7f5c4792e3df9b6aefb696b16623fa4781855b244	ok	a7717ba4d902b64fb37bb2b50f1abfd6498ea11a58eceb6174f5f8bc3da8ccf3
5a20f05015648c573a22f15e9f063db7ca9354fd03dcdd21d87c52b3ca093f66	ok	675ee0ff9b91197f24fd3b8821dea6f3573e06e4063f6d0a40df71e5904e4aa9
5a2a5be6d5759fcf89b0415cd9142c870c53ffd66abf7b0ff4bdfc30423c1f3b	ok	8f734f53361e3fe3514b34aa52438a70313aaf3a96f5740b647f27ed817d7cf5
5a36bafb9f49e69e3711a2a551ad2190a028a8c592fe221704c30e95ffc2c1cd	ok	9b2906a742e82744dc94ad011de5733b90b8ae176d123983ab2fa7e55f816d09
5a3bb0160085bdbb661bfd75dc3759d74b897f2dd00086931867f2c24c604bdc	ok	88f3d4a8eab001c62c0147befd345f70ace8252c83c64e4a84b20d96d495460f
5a3d09a9ac382091aab84101e79a94636e52de3ca99ceb948a7a629aa011fb2b	ok	a76211f7376aad35284a03f42c5e07f19d645db92867ff550e537da8c3d3525c
5a605ec06eb0bf6157690457029875185b75b11f62bcb84745370dfc6899bbd1	ok	00c613930380c9c5387b98d8fb21994e6e7e187101da53e6beae122325408bbf
5a79f4f4b85281bb6e862f5e7422d788d2b9b3f2d3e65e0324cc123e81f855ef	ok	6ffca42647979dcfc73c5d97cb81a3895cbcd2bbdaf34b37cfd6fc3f4734d9d3
5a853672343a5f4dd58b37f566315a8a7db35fe056bdd8b8746e2a2087c67e83	ok	e5cec8898759c806ff8c145e28e63d6852298b2c28cb8874ef7ff4b8c3772ac8
5af46e97340ee42e9989b1759981f51db2b9aaa1003e9e4feac0f4b50e37c865	ok	dddeef7eb07152819e057667b91e954fecf15e0733ec0af8c8e5e3f69329b20d
5b06b6a900e22a327b21c9df0aa34ac569d2f875d0bf1008e77a2c5f56991446	ok	e258172423370823816e1d3690b8704c28cfb1ee3d8cedf1035ca82044b79fbc
5b6322ac0857b8cda60a25ba49f6e268736d8c1619212086852e645dbc58e76d	ok	c9bfb550c243eb7d7dbc9de026208a2fafc12cb2b4c61f03b127ae9e87212873
5b6776310da39ecbb61bd6f71d1c777b4da26c77903b2bcbd81d1152c2326832	ok	ace97dc1c56a0a0187b3fdb9b26abb097f7c600d393ddfc1ff2b9f452b31a09e
5b6dd5aeb32a99061e7927561d2fa1bea203b45029b2acf8a5cb6b476f54b64f	ok	aad2b474a37c559fe7a4970d1ed2a42c1155300ebaef8840627077fa8676d7e6
5b6ffd64cadd0a27b4116bd71edba0d5f95170c09427cea2b875b65dc7a8e4ab	ok	c83c38b0f27ead3c75e0cfcb9731812f7ce5fcdc705523a8cf1457c74db56416
5b73cf277cd38c4222326eabb6f938027d6f899c6ee82c63c5f6a65e921423d0	ok	bd9acc4c6349e19ab1a4a296352dbe2a3385c59abecc8c73143a62b0a8a17185
5b7da9ea5f3f50f192c5c72babdcbba5f3f51a9111548fd2503c3c81f327159c	ok	3d514bce23fa0f5e19dcccf9569459397e962964b2fb509780674f14073851c2
5b8f9bfded4643f2ac44aad850fad4c8c4dd39cac1f0517e83d4a7ea0879a35c	ok	bfa530607e8c3e12f997ce7366d1916252b2576ec0182dcf1441f8ae5842d265
5b99d83d609e86863a8f626f49d3862177c196703e05ff8cc1c32d32033491fd	ok	cd2a091d7a830d9aa493d1af760481583698fc50ab40f1d214c24c0006ef3b5a
5bce858ce3bcd21a2f8330503c23771ff2f59cec2c444aab76f39b78a72d1e41	ok	13860701fdccb6f06924be0d3aa10a7206a00c5a9236116391d9fcb2bf75567d
5c0e5fae409af66bc8ea78871e6ae6b3863bdc38cd5e4ac328f05edb2404ec6e	ok	7eb716fb8e73257fb98bbdfbcdef8c1a36e0671fa7bc04e492ba35edc2417c4f
5c1ee187fd149694a5c509203073b112f3cb530243c507133c5def49a949d218	ok	8700deaeed1fdbcc209c6a215d7588c489a2e42fdfec7e51b517fd1f1ad075b2
5c259415c87bc75841fc70c5f7a1d9577e7df46ae7c0342d8631ce83ec4bf197	ok	6834e44200a5bea6cf24731979b9d3eb0ff97dc029b5a668cab00722b3a69c1a
5c47914541eeffbe07cbbaefeedcfd2a4e9e7f70c2c44c82b098e6b96a568d49	ok	c7b54c59715ab8de5b4a2993dcb308595e0d1a15dfc9af2b43690ca958a37fdd
5c917f0699c18caa92da5fe1cfdf276844faf08fe67384d8102cb136fdb5bad1	ok	099d523a539b2055008fce58e404a8bbf6806690f66ed3a082fd68471cfbdc7b
5c9b45b8a625371fe0e1e51b50de18ac9febf2affec350c8d6c675135d36b2ee	ok	2a56f63f63c2fd172d01707e921d7991bfd6a75a215a4b53b47bb28a972c08a0
5cb3f1ada32c05f1c7e1490ebdd11139cd8526db7b1f7b4e9bea04880fdcde15	ok	435e2cd6fbaff2336292475071dcda09fc265bcd37df7105c68a16a6ec2c2d69
5cba3c9970f543d25b47f81317c72cae1adf127fceaadf576da9f0f00afdefe1	ok	c5969c39f448a69111f9f5e0f66977da61877bdae34a81be53b50876d76c8e9f
5cc0a67d8505f4bc585b05383fca95377a734740a263799ebf1052bec205c118	ok	e6279867aab211c307de6f834219d56e097c1cf46c1d900fcff0ae50f8271b86
5ce92039389afbed33091db96593eaa244bfc7f66e191a2cdadd0281f88cd6cc	ok	2e7a58d3404241b3bef25ed4e50221a5ded0491c417a827cee116a83ce6ee951
5cf5beb8c6cd7e24d473344a7d882f2dbec8b423b6dc5a6b1ab3fb617e182ae5	ok	c9bbd8b907b71f34df714204cb6b12455002abb2eeae71586538a82cc4261c23
5cf86a751de73470499cdbe7d63c944e9098805d140c9c8852ff447ba986f618	ok	b1ece2373d9df97e70edb6cba19e9620877fc6e10fa073dbb9d38079afafe2b3
5d08fcab236943e4634615182339dc7041b43c1e4e447f951d42518cbbad9c01	ok	81322eb29d3f8882dda169efa91e0f2619579bcaac58ac22bc2a2f132f99b603
5d16af97fe31aaed9bb52aef5cb3b097ca98f00c40e977cdaccaf96d0dc87ff2	ok	a109f38bff1b4d4a2facf040b1c463ffb38558db09801de4a3969da926c55ac5
5d8a0d22b642cafb779af36effcdcad1f3a5ccbc654c91a09b5387254eeb6209	ok	06848752d35e0c96696d9b3654e921ac02cfba1cfa4f3ce1e3371ea30f7cc80e
5d8bfbd796a934fd8baed2176fc15258d43515607093eaa55c39f6a19ec25096	ok	68c24506d949fcc20d1b35b547efe0a8ce2f3d3b1c2550d68a1143f040c27603
5d977263867e9378961ffae959c60b7cdc225e55efd02faa62b5f6412760aa37	ok	46af5703511dbabd1d643818ddc82dbe18f72500ff9dae8f47bee7dde1f33539
5da33a6fde72ae08c0a6c98201f0f858912f1650bab2942b02bc4571d359b9be	ok	1a071ab1fd14c97663984be6e7c2ce03bc183316250f230d306ea0e6bc625e15
5dd0124d7aa79c1d47c3aef9bd722f58bba008ce84747c7d278d82f854412412	ok	8dc1a96e91b1f0ef7fa09e0b50d73a47a61d407332bfaccf7f49b059e8aa5521
5e048597a6ea06324419d5b9163ce2626cc4e2fea3e4248cbe32a05b2988a1b2	ok	be2bd11445b0c07019b2232526c23d12c0ad7aff4ce95feb8fd52dac96b3d541
5e0945b6c31a6179fbec485d79a8090764d5503fa3d3f91bed40ad92655a086a	ok	e28c4b53af31e4b7e94c91268bcdea2305e48d94005c15dbd579afd64ed406bb
5e1453a4d6d5931117c29c11ad40e91498aee61e12ff4ddcf288fa91060605f1	ok	24668461c9bd28d7478e1d0017b58ccae762ebced0661e2c384448a7a017adee
5e15ca4ead89400ce8c98f50412fca6766727ad3bf7fc1de0970f7ce803ea2e2	ok	a0ca367fcabc295fc396532c457ebf7ef595590ece23f34e28ead5e939343bf3
5e1e4746d9adca832c3490fd9197abd6a2cf744b4f25465ebbdd01327a1a5234	ok	2a3b672e158d61872640bbfd252382bf4cbc0ecf87e106debc24b78e6529b4a3
5e2bc5806de60775f776574290b351f3acd9c76e3aed02d90c75e919b866b1a2	parse_error	-
5e319599d34dd87d2fa3d7fbf737cefb051ab503835e586dba248e9546536025	ok	381aedcc8980dbb50c2cc33138dccc4614e2d11b878bdbc925a9e987e9ee9d12
5e4506a9ad1eb8b32a1cf285405f3055a4019de362e96527b8316fe96b438ea6	ok	681f645dd72eee95c38d3160a0738b24b5e6d02953d1996d3096991bccadb63b
5e473f133090a64148de9c82ba21c9bf277afba004ca6ac2d1a0575a7b578034	ok	d4803a0eeac4c90612b53389c389afdcc2b747731ea37b5631d0c029e7850288
5e550fc48cc56a572fd855f4de33ba7c5e8d54a134a596ed2961466cf1e25964	ok	13132e62aa2e90ffd9d0701f1d7085bc7ab6bf22e8c760a82096116fd0806eca
5e66149a1a5849ae68fdc37b85ae5e5cc89857d92e3fe8925552f56b11aa8c17	ok	0f6748f4851bf6ed1c3b476bcbb88bcbd26cf741759382ac4eb6a1964a770933
5e95a12cf01215b7245889aef43bb9664ddfe72edc162a145034f86acddb7ddd	ok	7c92285be38e8dd3abde6148b64fcd5cb074f8ae3bba34dc9c9ebb0b379567dc
5eb76d7124f9dce7a992ab1fe34c2bb35895b257e083b081a630d73a5d27e965	ok	c4457bb1321990daa412b72412ce8bd336fa567cd52e0ddc768454eebb45d026
5f12326fb5b34b4aaec829c140552b5dd1dfe7e97ec25b5811b08faf40e9aec2	ok	4688c6164c359e493172def0b8a7cbc31dc0530a291650854a193fae2c25a1a1
5f271557a17c83a469148f311cfb015c91d39038192b473280b8509392f41fc8	ok	c73d1b1fda96591398db0a7831b1bfe7781a2d1a659e6188a98ed8e0bdd03818
5f350d2195339053d9a0539371416cecb0e81b7fe974aa93909eda205babf0d5	ok	5660a64b33b379763b6d9c7d1ff04444a0e52197ae1522128a42220d98abbcb0
5f421cf9c95de517dac8db6535100488e406bca44644e2f22f5eb223758ebc73	ok	4db1de10eb370cf39f8694f36ddcc311b320dcc65f0f302cc54ec39b5d19fa32
5f5c652ad2e24f23c4a6885e66c9049f23c5111e542830362074da022802fb8c	ok	66ca7c22c6d934d9422036e85f205acdaba7d3c35f9213f06a79e93b9325ae07
5f6e2b8fc601bac2f8f2886b04079ecf46502ceffb1bcaf5752eb5bbac3ab506	ok	d0cbffe2c73810e249d3a5b2309b2876486ddcc4e30c4e85024c462ddf4d8347
5f6f9ac54cc9a4dd069f22dc8e2365bb1585a60697e6cfc03ad5c141599169cb	ok	b0e0382b5455bd8bba6b473dce109c9276aea18fdadc6e9cfbbc9a26121fbf59
5f76305a1acd0f0308a15ccd74d943090c208168330c6b17550795a6284961ae	ok	03ea46aa4916c32370c37c6bcc57e07507545eafce0acf860f054c2c8da175e6
5f8fc90d8f0f5f31859ed3d92e47290aa3f45fad7b17c5d15a00130d3d5a96da	ok	90b81711a4ee7484092684f18ac3719ba3e7e5592af8658e2737a4c2dfc649e6
5fb96f750ccf18ec690493ff8eeeed0eef7519ba7992ecb619ed396dcd081aa4	ok	22d3f24727812db2c0da74f9a4c2a3a651670802a8198281399a0f3257327d8d
5fe4dbec47e42395f28b6f7858502b32bd8eddc44af1595e99ac13754e075d98	ok	a7717ba4d902b64fb37bb2b50f1abfd6498ea11a58eceb6174f5f8bc3da8ccf3
6012534ade64f5267240f2381e1d145e706ba2845ed37416cc8d7c809073155b	ok	9779cd3598bb0e28ee6a8d5928b9b9101595d29e58fcb874072686e432051b97
601870ab56816522793c0d75e9e7ec9b3f5323323ae970083e1d28c7ff69ff87	ok	a0e2472455f6f5a5dd69c2f4eea57772ebfa31ce6617f83102206e2a113c2759
6025134e43114f846029a9f751269765e1bbfa1a74179bfa1d3bfa0a6fcaf0e8	ok	514d9cd0c328ff523838d7193820ce9346cae0ad35b575d95a6f6600ddfe8785
60290c6eadc5df342a1d7990d8792274b6ad80e7dce33cd09642d50ac6cd711e	ok	aad2b474a37c559fe7a4970d1ed2a42c1155300ebaef8840627077fa8676d7e6
603291d9c239e12cf6c6015fdd1b846cc1a0afc31424027e039e77b791b092ad	ok	6bb729071767fd205f65d1dd461b78a0ae1811485df0ac9d467cae702d7a3ab7
6054851e437232ee74ddc3e448e949ba3ed359ead754ce0219aac0411648455f	ok	be2bd11445b0c07019b2232526c23d12c0ad7aff4ce95feb8fd52dac96b3d541
606dabeab7aa425ce65e28941faa18b2be54660ef13473fa61f19e0ea1686fba	ok	33f4be8f730b5d8990ead1fbddc6fd83c5475d39c244d558b27f5277fd4adc4a
6089035cd0873e095d2602556b7d57b5e94a73202e6c31e15872ea620dde3c35	ok	a0a67d44d358524c6e84453eb306a070b10c3da4512ba763c3742aa5f2a0c033
60984c9eb9c5cc5ff66effec13e0d36fbbe9dcc346fe6e1a25399906db3a8690	ok	6e2010552c060d9cf3f829c658fb753d5f26678a23e1c48618256c656c897d4e
60a239061cac719e1278200d4caf5074df7f29a6145d3e395fe8cd5e65a4b332	ok	b0f16af682e43917807756d5ab6b02a52e24723c385243644a55b8c7c98d5f04
60a750d24dac63dff5b24203e55f42b8e12f87f21d23c8cbafdd39b30d7c95e0	ok	9f5093bafa1a6b0a1b460b94e17d33139f74219755332b4b2c5397d9c9fb950d
60b5689455627e8923784f93737201ae3a4aa02707086f371ae420192cb2081c	ok	93d9fc42e2c6506b3e944bc0ed0b43cbfd44396fbbf7f2085ee2aa99b88b0db3
60b8324fc33157ad88be9697e0c727d86271116373f147c179fd86441bb485f5	ok	244f6def2c70f436793d9db01251b6059f3ae0854d9f5bede9a5f2e46425b071
60c0802b8c32a137ed6a8f5c6fd75aa5125d4b7c42b47f247a1cea2285950f23	ok	d8eadb383a05a0a88fe4e122858a96ac1989b9cf26c8b097069dc915bdadbb05
60ecd3b953f69c11a0300172bbfac49b23757e1df806c2a80890a655e8893a7d	ok	5d9f1c53cc0458b675d860e7f91c70b142a3f67b389f68ff52df16b695177963
60ed9d66297313df047c5ae9aac5b1970e7e9de27e6b0a8ac81c4d3cad732468	ok	2543dddaf6369dc7ce32c80b4144d0c0ad355e4d2f23755085879cda0c9197c1
613c509a2bc477e1678f3af6f6cc04212ef552ae5145ca496d7b0d151040e132	ok	68d83ba7e135d7f0fbeccefc4aa630917d06e1e138cbfa6a76f0d32c9f3e4b21
614a08ddc47251fde9cf563446fb78097ee6f26649826d86e5391c0a19dd2c0f	ok	4c688a28203d4ac57d9930d775cd8ec7f71bbe0749bfd641bb7ff1cf7a3ea60b
614a5eb391ab82f32004c6a096cdab94d79ddc7928b8b21427e28c970654de41	ok	a5eee72af1d06ce380d4a1eb462fc9bebd2662457683f1a8596e194b29eb9c42
6180c8f3e7e44a57a75416cc822ae1c7bcc01eaa6adcec9521f34f30e47d3bac	ok	d5e092aae435b2a3d1bf9bb666b31aa730d73bc197883558cbdd76cec7b8a762
6191891a3eacbcc551fb7c7848ad8e29be6b9b8c7a2ed7461a32b061598b6e49	ok	dbbf541a6dba6fcc430d764a3d55fecaa527db8fd35e78839c599e6d1fb9a644
61bd5c5c7a9fe66ec9a81b16e2e4712c5269115a673185e5a81ee3f5e721b331	ok	60a4215fe4e23d573307b170bb15e16b16532d0a3d4a59cd7e674948812d9f80
61c7d772c10c5ccaeaefb8d1463849b8e8a6a1d62f9abe3a8b6aa1bb42069dbf	ok	b48544a9ab76e8e9d28307fc75d1a54641ffdf987c03f8e545f7b65f5ccdbbe6
61e8559e9f1df30df296bb9dc0f4d4ac3138a09dc49b559105c0e31038f8f76b	ok	ef6dea10dfbfab50545dc9d9afbde23450cc2935c245fb4d13610f84d3961dd7
61f02c52caf0a6391f464814f661f0762c475de738dd5e37c46a18454453fc9e	ok	158b3b5ad37293a97acec17f25f0133d5f3d7f393af5f8219886f6d46cd422b3
62010f971aac722a9267320b2e870176afa301fab82d4ec2f7da20fa7b727fab	ok	d7266921859b19ca6f25223ef1cfbeef0867760b61370ae2c416edd56cfa9cb7
621089caf5887748557406e52e20e161e333e628ca7d29854fe17bd56f39ed76	ok	c392467e1450881e1475d5db84e20827cb2b46d3f6fbf1e523a0b14cadbb1966
628281d5df6c939226415667cf39c4b15f679d72316b74640c34407a4d82b0ec	ok	2a753789d0f446e72d4617ea5b0180477d3e49653691c1a4a32e88a1d9eb02ca
6288e109ec947a82d764c09ffe40e111469064aa5c2082c5333478bbce100010	ok	ae0af15bb35d2189fb95c9e04cfcac4e53509ea39ba838c2db85e8e85135fae7
628b8fce38030ae4db435b2d9b54f06f9232a94b0949fa9b0f884673283e0d83	ok	d11464f6c90be9145a1369ea192a1fe2804da543a00fe1c4166333a05db3a828
6297d809705ad16bbd9a21324faa7890ced19518f62430ef78cf0e8358e63462	ok	99001b9648c1bdc1ecd9bf18763725787132a4b40550fe9934bc2b8f0dff4bd8
62a64fdef4a22f612f4347bfaed7835e116605ecbe5ef3110dd06c0d9a4dbf0d	ok	34118119cf191fccb7f7439406562ea9298f32176386e5eef1ba080482922b85
62ad9f542de170f6eef818d09922db9e0286f3652ff7edc415d130d33d50d83e	ok	d8eadb383a05a0a88fe4e122858a96ac1989b9cf26c8b097069dc915bdadbb05
62c2bc58e62436fa730cc0237b36f69e97693d52d9e0f9c1851741fe05374b09	ok	08950cf627d20af858f9d2273aa96e3b1844e7049a218eaf7705ed5ec51af78b
62c93a81a4e9e60ee6b44be81a224fc97a4d0ab7bde38ff52a60d50eaa817509	ok	e6742c38aa5db32c71bf1ec614e1541a2089457d4c24250cb0197508b362ee05
62ca8319702f51bf4d8dac149d94b4662b06c926e56078dbaa540d48a711c8ee	ok	d4060dca06e81ae7fc51930e27111e8d4388fd11f17577125974ba71ef1e3d7d
62e77fa49b807933c321c2395283be9d27d144cf293f2950096a214bc9671e79	ok	56ffd999e5062166bc79128694b5f6b91b5f1ae732a9626e8250dcb6b5a6fa52
630238db0133fb70444c5c1ab6cf828d4a76a01e109ac7a856427740f46d1191	ok	84800103d400bfa0223796baf2ff5439ba46f313c66fa50a956dea039a05e6a4
633323f385e4796e5af0c73d9a984ce33e0134dc94a0012b0fd42d43a5d53027	ok	d93dbf0b173b55a3bc35a5877df0cc2800e16e79c2bc8d72d0961605cd978cc6
6353e1ac58176204ca699c85746540599ebe36f70841e6f23a31363dccb3bf98	ok	ed2fc6766e5019241601635201e30f9dc6a839fe6e420a3c1c76d39084d7e508
635fbeb8b97460b9fbb90a33a636c805ee20bff826a49dc4f10b61b58f2092fb	ok	a389cb55bab2fc13b19bc86d804f5b027bde32a7ec41c3cd8e307225e5d388db
6365b5b8b8ad1a3507e8d922cd4d494d15c21df7d196275eb105f55c555cb52c	ok	187deced8870b6548eb4bd416c37210058ae72e96b6d9476b92543a9338414dd
636dd50441a826e2d5667528f046ecd41edb8d14f343b6acc144ca39465ebb40	ok	2de275badc6cb50e82a05486b8212ad682434ae53ea3d482dc33f91695316c4e
6372898e42a80291888366d06acfb6a1f5c32bb52c8dcca64a8a26395a1ef337	ok	d1670e1f38ec8a60ec9e5996003a06f7ae5794092ef43573cb4628128b144880
6380e27eaa65d8f42cdfa8f91e89baf76cf5e42edce834e9d50c0c7abebab08f	ok	720e27d135bb15f4ed353c8c185f20cabc01d95d7f842c3777dc5a25b8e57232
639f521090e7bc3b67d0f13d1bca7f56ae0fb22c536169bbbf5759d9802628fd	ok	3228d9d32be7c8b6d0a320d7e4f1ba3da7a501ecf0d606c0ba938684e957faf5
63a7696e3346f1a2f2857e880185bda282467dca4bbe5c50febeacfcb52c4742	ok	b32f0316f95d9d257f62c3ff6f4aeab7dace710acd12a8e2297fa716524df907
63bcc75f9599af315a58dc94219d3be6e293ec6cf59ed719da8e39fa82b03769	ok	ac6143083f800773be6d8db1942d7e9162cc997d916c70d66b967dd671294109
63bf6544f6857fe6f9bf7470a7a695aa1bfdd963b2fbc490631de83a004bfbfd	ok	34801c7caa0bebee0a035ca516478993a8dbe6daf4c6bcb3f4c9773a99570fcf
63d4751372e4426cb8e6dd927570dde50f46ca63577c205561980a68246087a7	ok	79ebe1613d0ea1f8409592e692d8fcd33b1ca47b2a793e68b617687c4e7633d8
63df0bd6dade4f81b904b280a85a786130b6a4e8adeb4fb429f88b5eef69d59b	ok	2dda7d9fd3e49573c304071293176155337e46914639807e5c138ff6a33c12a4
640459e540b05d0a2307322ae3fe410be9c97349104b7c30673de4ee1f237a16	ok	08950cf627d20af858f9d2273aa96e3b1844e7049a218eaf7705ed5ec51af78b
6405256c9d9708ddad0e6daaa084a685a1e1b166a87b90362e0ceea216ec7c1d	ok	01342721a8275243b83193855b2104f0e4228f4a3a3bb8cedb309587822d322a
6405cb0f920788b2aa39cb66cbc19a4a6ac348550fcd6ae49f68f3fc8ee90be7	ok	ae0929bad21c280edb69f9f13ec3285e65a99351870c6c490d5abfab5af25dc0
644129c9292e03cc15ce2c89175e78acdf3bfd3267fb3242f9fa8f4bffadbc38	ok	3a5da5f06cd06ec9cf407150031176fc7b9aecf2de730ca048868e8cd5c643af
644ec8d1a831d009027d522c2ee56ceadf952c611782bf3c24cddb337be23839	ok	274d8e5af7152cecde101220d0b03c6175f5de1dde06f45762987adf0cc671f9
645676417b06f046d95cbf105368f47b9159c7cacf029e1739d6d7f366a177ec	ok	aab13ae182672b227b68322c341c380b374a07c107ad559031145d5ac5543483
64587a11d2337a375e2b46e3fbd711d79e9cbeb1a0204b8d0f08d83d4e2f4a48	ok	adad9214f0fa7c499c1ae02c3e34ec6392511e99b104725b9a1c79b72de8f988
64752960f25bf82de5068bf06b8ba1f5629b050a8fc53999cb195215b779fa77	ok	84800103d400bfa0223796baf2ff5439ba46f313c66fa50a956dea039a05e6a4
649722318e4f98e8a8e47bb7d9f844cdf4bbbb5f604361bc263b29bcfcd7883e	ok	1f1b075f515acb41f4055c3b3effa41223410c6a83108f1c7a9740fb9bf05ad1
64a684efc096da59bb95087918211d3448bea5afca0b5405183663de7c5c466f	ok	81889ddf43ccf8d8304fbf3a70e588564ae1edf1f313e98aa78b48fde6a53c7a
64d3681838e39353cb02a23fece71734fea91ef0f3508661d9a1da5d303bddfc	ok	48cd73fb076ff5bfa5e9574a870f2556b4e07aee2694d3717f6999952d56d998
64e044b46ee02cd51a5c6ea05347f26874c27357cf2aeb4fbce917e4ede71147	ok	10b395af1a1838880f1627d0bf059e6319d2088db6e463049cb3d4a96be3afe8
64e151c71aa14c8ea38e06c4faf0fabde053775c38564186743c543bae4bfc03	ok	4688c6164c359e493172def0b8a7cbc31dc0530a291650854a193fae2c25a1a1
64ec02594093e94fe1512e5f4dcee78e3a71f2734aa5068f02790daef2a583e4	ok	4a086ca23d7104a1915b756e8a326d880c731a770cc8f4c42ae486922e636216
64ec1830d1f359d65db5f474684ea8a8eea86008ff0aaeb7d8cfe383f5c7fe45	ok	bc74e7010f2e116a1898cb42f153b6a00508fbc02f5b8cf7d731506d07f975ac
64f7a9f46d773b0b17b6f7cfd22de6e804c1f1345f2d6692f3a448ae4a519b6c	ok	ec517efc896ee797848a3b40ed4fea4568467fe47c118b92225c58b1c3f91a61
64fbe3224ace5fef9d7ed3d61868ad58f637e0fd0323520feaebe527ce7b8d98	ok	77f88d679e44c5e42e7a677c8a8b5551e456e0dc5a25416c9f0f63b31f5cddd5
650238d3ca5d2ba5c776f1d5175a8d8ea40245e2ff30c523dba23eb4ced25499	ok	e531e636d031ede5ad31635b52bf1d44c830556017110057e18b41c5649442ed
65296d33bd2e69978f81787d5befa1e12a205ab3e096b03d88d96c4f51725c6d	ok	f7853debcc033ac3260aafab49ebc95fb78284dae4072d82ede011ba11d3acd6
652da96b3d9123f604482542ed420711781ffa61b51cc22d2a54982e11c10e41	ok	8e2b92628c18308d07cca83fb0f523e946548dafd29bcbf12056823c7fc52348
65512d1f7190196d00bfdf18969bf9f14679a009d0a3aeae2125ed8af167019a	ok	ae77afc514d02e25da6b20df6b2bc0f4066f11f267f9ba30442c53fd7b889b66
65516fe39559e56be8f5f629cb42206752d5c4b403747a732cbf8048f6b584b3	ok	77d5e6064259cc4a344e4acac6c98a5df36e83d7603aa5cfd800d0b20848d220
656133167e8eb19a30b8dcc3217b107043d037b8887bb9d06f2789bf965eea43	ok	5689f99c9a71c994fd754c6e0147bbedebea8ca404650d1daebf2d32ce12a65f
658b58d89609271d24559129a01c78cb62c30b57f235374eaac237e065e2a37e	ok	6d15ff78cb301f315c868bb36edd1ba3621859ab580d3c11b6fe837534917f68
658d52722a8a3647d5a27151c59df863b8b4cf6ef374d52b3ceff7e2370b93e7	ok	89c8263e44855b663d54261c8f475fe063b49f937c6d3773b58597d40d71141d
659ee735dd28a78eb5ef0160d5af2244fac48acd6de2fd84872405ce578cb16e	ok	c321e58141c9b8b746346703fb352c4fcd5cdeb003644b73dade901f3979d791
65bde64f25efdec1a3ce46bda6fcaee6fa152283a575423bb1b28e5961aead08	ok	8f3da9dd70bc7f4d9b815a8c611a75a41814f3ddac7b2fb825f82d57d85f7a67
65bf4b9efa20fdccd8735c08daecefc1aea9c384013132fa7a4b10d74533cff7	ok	eb53ec77611e27aecb8b18f194411e9ff7d2b5a2fd49195b981b9556ad221529
65d88d9e282b010a9de022c549a992d0c8fab637f215970de391bd86e12ecb5f	ok	03c8bba1a1c174007b113470262e33d8688388fb36f006fd8fe487b2c7022357
65daa4c66b6a9435325910cb37d47e1fb2d26d1694bcb81c03a92f30afa5a2e3	ok	aaf57523cc5d4f4eb0fff02004fd5797edafbaf5c76482f1a019413b27f36991
6607dd5f8dc23d15a32171fe8461f16c7b52199b8e5d9c6ecda0bf4b194fb711	ok	a999eee7fc8df9f27d40f7d5d0500bc4ca54a67361379d956ca0641961ecd58d
6615b76006391d65c1e2c66dfb2cfd408133ddc3cbbf282269abe2cbe6d3fe5b	ok	ff7e5508b96ab378532ab4a29e558dcdd03196a0cd39d9edefbe85aa60bead92
662862647f3754be24ae48929c7a28dc70221a78d5082b2419ddcb65477b8b98	ok	5da881318921eaa682ef53f2f2d2e9758fe1e25e7836b62e20e227126d726b96
662ae648dda2c0f4a93c0e4b5f3ba77eac8bd14575cca6beba26fdd0ea569a99	ok	fea37bcb784c9bef068a3e15f2d447bbe66470a533481b4a7fe3f8a43c7800bd
662ec0bc0528f8f50d483c633b4d0ad0f0a6975d72e24a14e0ad013e959f5b27	ok	04f8e9e3e83217d044cc3a2275245e47379ef6a5a0fd98b2f45cc869660bcb8b
663315c821f5633523a2650202bc211f61c880b01b10ca7cc6fae348f6fc6042	ok	f74f27c1153a2311b8dd85293b1460d92ce9cd76c34eea7d0e77bbc326385f2b
6636b86ba86d35cb503f63290ba741255a75cd82121e07eedea08aa78f9b915c	ok	07345e4819b9d0efb3abffe927e1d7689a89592421dd3d4b531d25b790269c2d
6657208cf4f56e64bb1286cfcd1be2f3d515ce6565afd204a25af07949f34956	ok	4cd477cba093c77e6b49d9af213c79f57126d8fb8333fb39bdab109b4dca10e2
666ecaf2195fc76346f4ba36cfda09605a871793cfce50310c01da79089ea72c	ok	f5e389fc2295d1ce68d9a7da5f57089720f0a2c1fa2eba4b7137caee3e811a20
66840b5834ca992265664f4c4bd0c98e2fea85bcc6584d2c2b6fa7f5000ec5b3	ok	6b695cc0fbae1c7abd96ca891ee98f79b537029829028ba5508e84f2a42e2329
668f027dc44ac5ff8d2c5f2e29397bd11def4d707a6566e01a5af09e59b57b84	ok	e345615608eac80bf84dc0a1272b054a76093d58e99840a5b7c13113468960d9
669bc0168a53b9c039f01b434ba49f36ab88d9252cca177fc58a704966013393	ok	3dd51164e3ce44a4c193e574f0f1802674047b4447fe5387fdc49077005886f6
66a05256c33c464f9abb8e9f3b3f360f0c247edfa7a9b6204832201de0f04d77	ok	3075420c437109287f8c643dfa4da8a0c1c0168c13be56b79903a36c34daf41c
66ae9b938fc0aeca9536ab9073c1d532bc8abefa4873c285939b0e4b944945f1	ok	b40a84e498dccc0e5d6514e951265eb1dbebe8c078a7ef44eb6be9e19c5121fa
66af2895a0dac8924f2919bb0eed759e08111423add665b9452296ae65666142	ok	b2319f0eb3ce7e5ba06adf14b9e477eb09d8c25448d5e1eda299dc8a431dfd8d
66dc121490f81e0e150dbf3b882ce2d6327e6e8d016c9b9af0ba9fd76a5f1b2c	ok	9f05df79fe1a809bbf140868be419405c30e8042500bbfc9b9b9dfa809f72a00
6701eeb8b161aff6aaa4c01669055fb0316d1d4f18af33c607941cfac88c3158	ok	b1b4500d385abf2309cdd418b61358f3b8dc116a345f2dc56b933761bef281a3
6710de5744be81aaa681e75c18db569ffce2fef4cf5e5e3b4d9987ca9bfb7370	ok	37018d80691831ded09f8d038c46ec4479cc1ace6de66253b1b584f2a4f4b499
6717cd570d0a709ae184edf5d58a7695850d4dd7c7432ef6fdee8b9fc652d8b1	ok	d5f4b9ae7da3c00ba68caecb69414bd6d6224de18b3cf19dc8151c16be52f0de
67302b066122a9e37f5b4ea0dfaa0109efefdc152c6981f5d2b6b4e4c9f6166c	ok	2dda7d9fd3e49573c304071293176155337e46914639807e5c138ff6a33c12a4
67edd2624fd3a6f2091fe7dc9f037159a7ddfc40918ad1c83ba96f1195d7a72b	unsupported_shape	-
67fb753bd62ec8096c78fb39c680ef07ae43eb9607e3247bad875b2ddbb6ae3c	ok	adad9214f0fa7c499c1ae02c3e34ec6392511e99b104725b9a1c79b72de8f988
6858072e99cf49e8a20cb7fa1000a31de5627407fb0e27378a8c8fa7e5764c60	ok	aad2b474a37c559fe7a4970d1ed2a42c1155300ebaef8840627077fa8676d7e6
6861ebc513de775382b3c5c8e4b4fe5a633fdd54122f45ca2b43a567f48a74b3	ok	4688c6164c359e493172def0b8a7cbc31dc0530a291650854a193fae2c25a1a1
68727edfc65019665b8e30fa3d44593fe19dea7082c6aaa308bcdd13c27a46b4	ok	63827bf67693388d2b863845946b772143a74833a4a75af4cbdfdd8e64d91507
6874179712aaf975b45a88e85bc05031f75e7dec2970d3fb552dd18d1f086209	ok	ae7e627daa2b4227447b4a3dac016d571c3d63fc1810c47c85c4a491f8ab367b
688257d1141c479caf5e2b11a02f9808a6c3b397aa2eaa998c020ab8f33333c8	ok	a1d2d2c91932e91e39b2f6e4b827c27e7c2214e2091b5a21e9cf8e10b5ef9bb3
68f359e5a5641e63443acfc97b3a2624e6433a704ecfc8ba76598a6e2606f769	ok	d67a86afd58ffa5ccadb7666c5b2f69da05f0119420c5d47d3f80b393e21b926
690489567510e4ee8fe2ed5f3166f9a94234035f63503ed782fe0bf252dd9851	ok	2f9b818c57f6d492121861c5ca55f526002e0936a728dcf30f3b02a412e07af6
690acfc3b61376396fb9065649172558ff52bf4674bcaa4cb09aaf3af66919b5	ok	9d43f4d8a567dfb7caf3ceb0c29a8f09f786f57ff1c66d6c12da02c7ea2d9b59
691ec196beb7f50557894380d17d7b6cea07094f923c1c6ae4813379a70f799f	ok	5d9f1c53cc0458b675d860e7f91c70b142a3f67b389f68ff52df16b695177963
69327f27bbce477eb21f1463d67da695c7404b92bac7ec22d10f655b5ebd4f01	ok	24e19a98afb8a77dbf7d562a9536507cf29098cd2cfddf1c228153620a4ba663
69640be7a1effc0d55fd86c78d1303ec18f89cf35e83ee94fc2429ef75e225ae	ok	28afcdd1c9edf444d0c903984bb0ba504736ab72a97d74737ea863de73129030
696b06a29e4e97d5ef779f094744fab8675218a601d44c5f5a1ca19f2a092baa	ok	4faf40f7fd0f3a578d0834e1ac33249cd5c1e2a969eebff15e34d8f5acc4c401
69745003ff17420ecf27a04480b6a6ec22db1609c1bf7658ebd4d4651d71a6ca	ok	2952f32dc40c25bacca164cd2f26be62fe11921b353080d3a0c3b27281868857
69a341c362c937e4ce9ecac5edce0cde1562b9690eb58dc31fab5559aa4539dc	ok	9806d22a8a3aa4ff048c29e8e2b6f82cbad28f291f248d7b3c49a2a42545509c
6a03ac278a5f8d7fe4a2341d924d47040bba312ac400edc6d80d2c192331c837	ok	112ed51f75cb807faaa25543360f2ab4dd84a7af9786e4bdb393326a6d58f9f7
6a04ed48ddf47c0ed39031f1822c66e222df15ad1eb4c2fdd2473d8a50939087	ok	a791dddef17c0ca52b1d4bb355c193312cc71c23f6509ac5fb4c41fb8b35bbfa
6a056e4c8a3b6330bf4c36fcfc82e0cb80fda24129a8abe4e58451c47f034be6	ok	4452009ac7cbaf59669b435674b7292a6146f7125cd89c9e9d33c86c44d462c1
6a05e0c8758468a86d3bf4a15b5aba401eaec755fb3f9f1e3f5f42cc49cd6278	ok	3d65bfd9a1872036e608663b3e2f89c44f0a58764faaa0e4ac180e42563c175a
6a36724949aed447f5b93ea17c7d0ea4efeae1b834861ea74018223f1629edb4	ok	893a9dc03af0ae6e8e81d147c08a428ffb9e3f739ada7cbb4d78f2cf11111558
6a428b9a5a6d269dd34fd76f21c822e12532941d46a3125224d11201e20a65f6	ok	2361926f0c4fb397f12e2a5a6e638ea2812abee3fa81acd4641b9257303eeaa0
6a65cd25eb739d53c0cbf929f82b53e9dc3a28211064b86350ed5f4934eea683	ok	e4f661ec601bb766bbef02b663f3c9ea12b373611dfc5f1ffcde4d8746100b79
6a78f4f91ab4cb52cf4a010963c9f09c5ed45bee7eab5fed6fb79e0ea72c0ed9	ok	7da7ad2dec506836c3820ae23187e823514de5c4c9021d9301955ce0d4b0e344
6aa2b84489f7555c5c7ce4fbc4d7687ffacfde77d60be48e4165ba60114cce63	ok	93c99c1405538392a8441dde93465c5895c825611e8a3493bf221beb3ceccdbb
6ad9eeed61fb6413fc16bbfa5eae425b34b45dc21b12f4ec42c85b154a7b3199	ok	0db93abc408cf599ba8f48d8127f31f5fa1333b217e8f7f37033dbd38a520a18
6addc5a448843424d6500b1e5a4e64addcaaf6b6189f915f58a43008577ce5a3	ok	aad2b474a37c559fe7a4970d1ed2a42c1155300ebaef8840627077fa8676d7e6
6b0c0e3cf8bfd8383c70f39816e5e42b62fa460e2821e52e3b9140373f9b7dba	ok	25b383552e77f8fd3d2c3872c0477bf98a8dfe523f896798bd0de028497d2513
6b1aea6cc402ea81babf17ade929dec75b5a6ee11ce6e290b5890c98dfe70fc8	ok	1435c81732a43b58fa7b51079220f078e0481d3e0ec15b61da9c27735b1f8958
6b2d7a70b8580a0ff422f73dfd2faae967571b7d3c865ff84359811d8b6f9999	ok	06c11adc5eedd7a444cc0438e94a2d0177feefa8ab054450550e4ef7ce5cf4e6
6b3dfb63be9d87b5defa1532b230209ed8fb3bc982cc625404f00c2b45462b95	ok	018b57e4de106b4bf6b115815de1d80f2c6891ec56f59baea258c9fe9640ac48
6b4e2014c70c843c53e367851bb0ac1820ef2a7e090b7c64712c5ec613e8ea07	ok	610d902aadbd822561a1898ecd8164d2aed7f099ad8d1951d75acd627b87c006
6b956912da694eec1db78a2afdc74b50cf3d32d372341d4fd8538a151e326b59	ok	4bca9f8186aa5514abde5788b4daf2024de103d1be7404d7c31e191465f13042
6ba6a09f2ea49e87ef7dd173dd89c87568b9220b113d77780f70af250c58bc93	ok	0d53ac248e30a3fb828e2e3a6657dba4b7e9e24ef50898e1c642704482c53257
6bbc199cfadfc2cb932dd43b72e92b485832694425a7df8e3b7e542ccf71ea00	ok	17232ea55737e2c84dab5ecfceb36f7b696e415674d60c8ac486ce24b6500563
6bbc491f0880db29ae2cbd3e5892323ed9ba6dfd6cbb1f690d7b555b0c3a079c	ok	405ad594296ae8df5089fb9cee0b32e7a3fe83a55cfdfaece72a9f8bf62ae45a
6bd0400fb839a6cc270dd6c8f1e9444859de189a8162ea075a5e74bb49f4e428	ok	70c488be9f32e653bf525dc89e1d7f0a3b477dbfee072b01e29e66c935ab19a2
6bdf6fb2f7e8fbcb156e5c1de893a9a15362b7c2da0579af015f9d52ba2ec8a6	ok	900f9eede5ad54efb5c720315f2f6116ab1fb78f7e1bdab92422da0b95c83249
6be42f5514bb6dccc9860a71d788f617208c48d52d458452e292f0c37fd3475b	ok	04bb94e0829c0985bdbdcee0df9760d2f9ab6a3997f69507f4bd5acb6b442615
6be48b82b6036933e7822a79e4d54ebddc163fc92117447300e1fe313a321915	ok	3b43a71b44f0f565979de22cd65b1c57682db064d6088753e76794c78bb727f2
6be4dcb46dd7b3e2e372544b3dc9392eec8d17fed9c60a91a89305d21bbb4e80	ok	fd9aafd8b863262f27701eb320d53a8f29f494b6a85bb4218b17477957f2f438
6be9a2fb9003fd49e3e38ce4cc9254d795e2f123b407b250e85539d30a38ec3d	ok	374b952dc53102e43f916de520728bccc8d866550e1a15c62be1442c4b21919a
6bf4fd7977227c06d9c7eda0854bf1eb4415c94a46a1bea64099f389f4bd9ead	ok	a4453672c985feeb7f9bcc63767b4df228572f1f3f583e0065dbc3ca143d9349
6c00004158745cc546f5cdc53b4c2ed4d427209adae3056ccc786ad0293e6528	ok	fa3245383eb5f1684509c4adc8bb57ac904727ffd503250795476590d99623e6
6c0911e2764bab4c57580f4aa44e3c205ef31ef1cac420be9afc64d0c946874e	ok	fb15043c6a3b1eaa526d2314d713fee2933d135ee48bae907aa54ad8e8a9ac57
6c147bf5d2ddd05a7e398735f1dce2738f6ed57c717a35d19a5f8bed0f950df1	ok	6b4a162ad81a6c2f552c696d63513decd5f0a1e2da6ebbd6663c779c944167f1
6c17dc590fa038bead425b18071b442f2722d3ace329bb364c4a61006ec04620	ok	6caaa19c8952e6cfdbfe331aad9b1b451ccd2fe7f011df7610e23869d0e151f0
6c1aa8378275e9132ecd4739bdd3192456046ddf033ec78eb48872ee7eee2e83	ok	36db01216156f2ec6697e65a3be9a33ca91c6e2ec66b9e5ac99b2b542692fd30
6c1e67049ddf31b525155593d19a235a484399deb1d9632ae74782cf1a1883a5	ok	cdb7bdf5acdbbd5bc5ee19e5fe03f16f115f5562e6f69bd568e9ff81ee4fa90b
6c341e8c4ebf900516fd0878143be808602c308bcba97d4c697ecf08f63c09ae	ok	8eacfcb85adbf838c2c90f8c3fb02a8a7ccda4c60659563aea68e55213c4eef8
6c628c90efb6524ca0990ee37d3acaacd13ffff6b9e744810e09cbbaabceadd8	ok	a5a992249a710bbe05c7e3cf66ba1c006ed3c44a3ab9ed807e7f64cf7a6804cc
6c62b313620ea0f5a1d68aa354efa69d9fcf3eafa2b70e49ce8cdb36df20c08d	ok	77e4b911d5abf0d1b010e156a7a62519fd475fda371c47a40db75939d6e4888e
6c75ba4018c76c19b5e888acf703e50a1a0ecbf151326f44a72c6f5d8924c1ca	ok	0fe9fb0fe3571da2f5f5418b77b301908e1e2bdb9d32d07ffe6c95c2bc346d3a
6c8545a549571a9daae38a980200643c839b902ecfb177a100c5c8ca94750e2d	ok	6b2ffa064534f3d975ca7cfc2793491e7d260d2035bfc8af339207b8681b625d
6c9fa0bef03f968cefc6a5a1406499ebc2dc00ae725a55e93aa1250fba336923	ok	8dc60d2d9666f376cbf5032a0b25c207b537c3eb713e3584e37cbb4a5bb16a8e
6cb5da43a0016ae6494a362a9e2a4b8ad56a0937db18a1196878e5e5dc2a9520	ok	6d2f1db8f0d59399fdca7109672d146adc0c6d4634369a4da37e8f307bf9fc0f
6cbc42a21bacbe111de9a1f94e51e0c9087e1da173fb51561eb14d86261c5583	ok	02fb7ec66245b6ffa5740ac2540d69056a8056efcdcd88887db000fbbb5cd7cd
6d1bc2bfa2c1f37199cf30f98ecd4ed546685b20bb399032f12197fbb50042c0	ok	4bd29c3046e22de0871acc28c25dedb221da4c6907094cbbb12ef734cbe4271b
6d3a3d353991cfe4f6990134c61e6e7944913232a0b2967c5745010a82556445	ok	17fdc475fb6c2a7f3d96d2c926e2cc7ca7a8d21a8ded64e5b5b60fa9699520cf
6d42e2b6ad9355e1bb9ca57f479ade585136873632374e51ad0666309eff4873	ok	273d7079f679981589e3497e9aa9ae7f8706b01eeb4d6bb99264ba49b3401175
6d4d1a994c384eb567b5559253ffe024ef990fb769a46aa0f5438627e95b5f9e	ok	10f29d4b02593b7e6f8b335c0e5344d3f91a4e8cb7766ab6ab3008173dca7240
6d59f4826c1392ed67de4b85d1264849bc81174a11472cdf1cad72b50adda0c7	ok	cfa3112ba48a9d380e621c0e63df818fd4154751e37758d0514072cec9bf18a9
6d5bce1d1df25f4c28a5a448e17b7def03fbb1c3e2cdaa76bd481e110793df57	ok	03db4683a1862f19c1c8d679b2eeceba0c59a5176a10c3af6d17de8a8b6af07d
6d5d0b230cb33caff4f1400f6b026c4a3bc827274b1a681fae2b07d19f31b2df	ok	8d1ae20d11ca41cbb9ac8c9f3e05abacb04f81a7dad32c10807f629740aaebbf
6d66d654a3d977fa05fa3993e3290ae70dedd6a5a9f601d50c7a4cd55903d229	ok	018b57e4de106b4bf6b115815de1d80f2c6891ec56f59baea258c9fe9640ac48
6d82b392e075fe09b489d8f3cbf5ef0f7c28c95271c97fbd4e0494f2b51ac0a2	ok	cd2989e0e972b88c0d0b9d210a02cc1ee8bdb3430ee75d5b0fef5657abf62335
6d8536d2510abc16900f9e334fae079c421471e0fde44b53177e2cc2280b9555	ok	3dd51164e3ce44a4c193e574f0f1802674047b4447fe5387fdc49077005886f6
6d941d4f8adf6551f6b9a1630ad6d37a8f602feeb8844b7f8fb48692fac91092	ok	22d3f24727812db2c0da74f9a4c2a3a651670802a8198281399a0f3257327d8d
6db21bd0d03a86d174ccb0435e47f1878918993ddf2dec49736f61f4383b8dda	ok	bfc309305c26fb7b84af41e6252627935342a51beacc2559c5e0998528957158
6db380d4e3c5825bc4c4be3bb654ce2e1a580efd0a6419c500eceac27bb56a99	ok	49b36c7e93e8da7fe691bdaf348ad23778aa73967552758bd52e5eb71259ebae
6db3cb95d014abd8450c58431c02908d9ff0747af933b82517003671e3a87259	ok	c0a7027108c5423f7611711ab29dd263c08f534ecda2c5509c860c1d8aa77246
6dbce0622b225d7e51dcc3b89a0d5b7232ac792f532599b652462df54d10a493	ok	8f73135bd1f6268c501037e5305a305afd1a6653b00c579996d7607992053b11
6dc1cb24cd75396bda984f1a53be9055dd7aec63d78a0b395ffb7c9aa1b28da6	ok	723a4aa70328c3ee31371397d47eb924f089dfc005c19042d3d06fb8e8b3b095
6de2ad951f10444f94ad426284a3380729c60658b6d49b9c18a7e53318c1beb6	ok	d5157df28c3b615103fbb6d8c38cdf7a73143b960326dd54b0cebedba360ab0b
6debcfba7c2ef6a3afa349556923a7bc1eb5c3cc25838326d34a0578a039d8b5	ok	f8940c2c3d5015fc5429d02d1290104264ac523090e52d5b461b84b9f51925d4
6dfd019fc7b194b8286ca10352f16187a56d86bd60f46f700a16e8ed2f095c04	ok	3dffa7dc5b2cf1b7a643b5024210c925f6d6146176ac7d9e89be83761a1c443a
6e01cbf99a2bf3c9c21bdee8c4d96cbc04f8a816ebd77e1338b8a191372a8a2b	ok	35504c6724925006426b8e37447577cd77dd885fedcb94014ecbe66798e00de8
6e11f29ae39ae0850480ffcf361c35226e368cefea1a1cb7986c791c562aeb01	ok	3dffa7dc5b2cf1b7a643b5024210c925f6d6146176ac7d9e89be83761a1c443a
6e24e6eb8c3ec6789e842f035bd2258f5d7f389a0f582431fc5812383476413c	ok	ad519997eeac37ec7ed98f712a5ed823e43060de597a0751b8a9b92221b315a0
6e2af9fd135f30edd8b2d1b58c389c20a4198a93ab7d504a33e0d377fad61cbc	ok	35a31362f6192455b2be4077fda8fc37f4608daf441a30da131cd6c05bb9f52a
6e2b4d693f9929d3794fd89feee23c26c38d7cef1c059f86756ecaa409c92754	ok	4d371cbf7ac75130ac8b944b890514a5017c7e512e6e6e93cb3d960f3fdb3b02
6e3da72e2448193a304a0ccb3169aaed2013449e926ef98b1999056be8253a7d	ok	96597a289a6930872f3249760c0109e428000e2514867dc6bfe0c98d97db4ace
6e501d282ebd85b19f836938c6a3e0d8b4c7613f4ca166888ee642e332ff954f	ok	d50313ab123643fecd2ec28ba02b7679cf86289b187b7ce8adcf0a3f5b3eb3cb
6e50e4e09c616ba28130a021b0965179321f7cf6030a4586d078672073a8679d	ok	ebac1eac0577c3be9c4213ba66caef4574874d250563c1ffb15125ecfda2e07c
6e57536142f6e8a1140ceada4149df2dc1eaa68869983f85e3e31f9c7ef97c00	ok	ea9bfe241ea78fb98b337062aab67b2a291b071d1b3c6568973a020d6f3aadb2
6ea74e8e20f526d366b7e4801a9db58f0567053f664f1595e9a2206b99842a2e	ok	bc8215b2b9fc996298ccba586edb538567c9e95fb34c6766b3b4ad4e40225d5e
6eae2c0731803ab550df4964956b93cbd0b89828a8a56393fd3a383bc6d626a2	ok	1d82e1a969feceecdd5ea8981e79f2da6a2136770230e086e0ff6c2eb2f2b131
6ec45fbf229648e75c77dbe3a40284ee03d53b76bbc47db58e465ae94c75558b	ok	9aab16305529acd07abf1ceb92433da03268daab9f7364d44332f2bfab472eda
6ee0551f21e5ffe483b2d739495926cb63decdcd600dfc8a5a846f0cdf08159d	unsupported_shape	-
6ef449ec7a162c9dc53208bb9f59bfbf30e588be3267af6dd396d0b9e3034769	unsupported_shape	-
6f244dce4e13f62ebc835e34e5093f59d95fae3f59e40485eb3c6abb8a06605d	ok	4e950bbc5aa6518246be11d11dda62c51754129cc225789e44174cd443a14502
6f5ca240a22076fa09ddc9ce8c7e938b30ff257c04a9472524cdbb36118358f9	ok	605fbc646e1073705113fdbc41bbdfd2d974476428693938dd85db73d4d2302e
6f6409f0a442bac71820d1d7f2e6fbb8c062a789623bfc281e9573721b3f3297	ok	b4da883dd7ed211fc20da43790ad341e90ec43ce1efa1ea02c0d70d16ee7985b
6f6a47599c197c86dae80575986dbca7bd3b5ab96a3e115ec6ee240296f7fe39	ok	6d3e2ea7dff8a15ca05baeb22ef17cb490bc378dc2955ddd786a16eeedf8ef5a
6f6e402c5f2dc314ea675dcc18897c2aae552a175b808478071463c581349326	ok	c666215f175455414d3b1f3cc6577f5ce4c824b11a982d3a708bde47b23f86e0
6f983eebcf403d3b07e7d13307d6c0e907e4b9e14e884ac94742bb71cd3eeabd	ok	5ddeffd364ba05a858187fab4998149546527aa7c3b8bf6697db6afa7a0b0d6e
6fa301280c1ada0f9a0f4aea0cfc3f4778cb2faf93bc4fa53b34f391b2f225aa	ok	6767ad6260900faf906801fd621771b92d6f144fb98642d566fd786f7d97856f
6fbff9806ac9a97bb240374e71b9232f7a44bfb083da6562a7c0f7c78c6deb23	ok	185c69f5dbe16c3c4c6598effe27764e62a786623739c622c8982efc924073af
6fc09bd52713f690127d584c8ca3a4f7ab949406383dfa2cd2aea38bad7f627f	ok	d9fe4493def42e5374a16b7a1886569fc41d7f01deb62fcf77ecf44964b3c01a
6fce389c39210c33a5e27b53ad4a004f8a4ba2001aa7206db0090cdcbc0adb0a	ok	7d1d3b17c4f18309ed9a89d575ad0c601445c5b0ba4a7c665770efe23684ebe7
6fdcd5f930524ff86ae90eb2be09cddd8ae0592433ca8a64963dad4b8d789179	ok	675ee0ff9b91197f24fd3b8821dea6f3573e06e4063f6d0a40df71e5904e4aa9
6fdf08d61efcbcd8d96e8239c6d4b6cb4831738439d00f3d78375e976ed21502	ok	b0e24ccfcb84b631b8c3528a4c020113cdbb05f6578427e863c360a938547fd0
6fea5c02c24a4f1bc0a7341c4d332cffcf7ee1d24529b427b49c05154501ee60	ok	d5298d32d704fc14eb85eb7c356c0d1a85880c471518e44150678f778f07d38b
702444216c91b3231de92bc32f6542b6db2d98c8ac5da14ce48ebe45b1232638	ok	b0830fd9f8a130823820fb1b5235399d978c190ea455254adb237211aef792b4
703b44bbdd17974545c1963791985120c6179daea99fe4b720a5ffb9945f60e9	ok	2de275badc6cb50e82a05486b8212ad682434ae53ea3d482dc33f91695316c4e
709d5bf51ed76282e95ab110f8c7f1a415c8a00ee17fb8634fc4b29441cb4f57	ok	4bca9f8186aa5514abde5788b4daf2024de103d1be7404d7c31e191465f13042
70db7abe2a9e86204b10efad77f8b4588354c98fa4c8830eec791c0987f4a3e5	ok	eaa72b2ace3c6934ab547686046121aa695f0012bcec1fec93a02b4956a35faf
70e1d6cfcecb6f9431a78f9b3493612c1bc8ef8083c2a7e6605a73c723308e54	ok	2623aa81c714a4ad684dce484036a6c9de91fdfb75a3b8c548d5b9925792179b
7118c0652902eb306dc481822371185fce4dde61a65388b5c2fe2e9d69854d6e	ok	faf9d5a251fb6b6b305de0720b9cf9052664fcecdf6f9ca842d07a1d9414a3cc
71386d53bcdaf438391ce4d7b67b43d1b01ac55fcc7f2c976d3fca55ce8b7564	ok	2c09ed3a97584c1bb85fc44660ca5eb3957f63c96e6ca7204aa52a655296f7bd
7141d8fc527cb442063b4c0a8304c1eb5a3a119465eb074b786278a1761e85d6	ok	011559a830943c8d429f6e9acb982a36a8ad45c97eaa59f7856a9cbb1c8e5c48
714d73b23ee84742e31ca58cc03dc70f15f8bf1055dfb2a5a9bac37b9b39e8f2	ok	067e1aa2f57d601c600131e19090e397f6f8e10e69ee64217923632cc08ac097
715354aaa0d7294038c505bd99c932ba387a5461288e0377610a92f2e0efba7b	ok	060f3d2106d919b0caa3dbfe5e66e69b2c526642b57a8aecd8c50ae7a6d6e6f5
7191424c0324889f0e9b97e099e95bd861935477dd7525bcaf196fc1a63884d8	ok	c5314495e7a77779292d22c4cbd91c06de1710d6971506dd132b5f8326c247b4
719481180cdd6eaea2e155071b7279999bd94ebdf4b19a8a3ddfd8e2bd733426	ok	71937bc9af6baa209e5d7a1728d4b80754eceff4fc6bc3f8bcca6373969ade86
71ea2d326952b5d94ca36700eed6f92b312d9f27e9d9118ba4fdd7a309d869e0	ok	ccc0257ef826c1e3f71d9d0d93079a36768571f5bb10464ff93ef8d02c3a0317
71f02fab95c3f99b1bfac99be46ec25985d450dd7103ce72633093921e6bd2f0	ok	0b20651b953cf82277dbe1583289946d2dba21ad504aa88d1a904657d3c5fdb7
720a6f2a267538b7c2efab5ee5b54c398ecf18fadfbb8b3903352589cf833fd5	ok	e5cec8898759c806ff8c145e28e63d6852298b2c28cb8874ef7ff4b8c3772ac8
720dccc57d552f3091679e81cbe4c28496e2c79d4447229275dd29f052b6edc3	ok	8b9108f411d248bd39c45354a4659eb1320270ac2a7fda7e1af803410bcc01de
720e0ea6b0c42283c3ea6e0fa6264d36d913c2bcb4a742150d276ebf395c364f	ok	f8940c2c3d5015fc5429d02d1290104264ac523090e52d5b461b84b9f51925d4
7229541bc8f0faf9370efe122c6c4f63f1261ade7f20eb3ea753f2e5fb647864	ok	a67425ef969f2a10d72eb234bc6ed3e20f22d6012e1a344a0c28149724d2c44d
723953befa8cda973bfb286d1b779df855c9364115095abcfbf9a009b73a7478	ok	07d13383f37e82c25a2da7e17dc96be0722fb34578b69d4974169e6e211df997
723c0b199f445e694a9e57e1e8f7fa2355311ef20d95cfc6eeba48a59c50ba5f	ok	3348fe7e6d770cd5ba9c3c4d843f87c8647e3fcf6721f970ae0b9e4c4bb5b2d6
7286d6465726335a0a2f7dd61507772598ad016e0b75e1a5343453bafef7e34d	ok	ea0d805fdc14ea8c3bed1b8187d7500132766dd12ae76ab19243c798647f6965
72a0e34a24591bea448b527f4e5ec00603c3de620e72ac18768bde1b31a148bf	ok	ac2c9bfecc15592525e44d0bca92c6114e8baede16e26bf962d0972094a799f8
72adef72ddaaf7e010108be9110011b12d577485d57ad79fb0ed32a7809676ed	ok	a4ce0af7b899d22962f8efa4cf7695247fa1ec2a5c9ac281b7003aee4ac54875
72b393be99520238f785395c6c4e7163d024c8cd045d9f744d736533dd5166bb	ok	c7adcf7d388ac9fd4385b09562df96daaf9211c2b9bcc7f67920e20741e5f77e
72c864fd8b4aa5e702f9814998ee573aae1ac46b47f2a2cc9363f561f50a6ac6	ok	6905e7beec49d66b140e5c43a56682fcdeb30dbad4cc069f9eeb71ffc05f09fc
72e374afb1a3e4cad21d5cbbdd77e48e0e80bb91b6a87d5dc06c5b8b9b5ab21e	ok	debc5faee2d85af93fc06487c3593b3582af18052decbacc05fb0fefac2f0059
72eb197f4ccc84f234ed1c9de433b2224c39be34e5d0291b3b41b06a68ca3b49	ok	e5b219165c6dda8d68ee8ae7ba949fd50db91896825662268df023e78f4243cf
72f703e884d8f7e8b27ae21ca278cd5d5654e7233b2395fbae0e75ea6d42e2cc	ok	edd421e80c6d0f51545d361a7b7ac97b94192feb75a613b319731a8bfdd87671
732ecb9214c3a21b7e08c202e3a7296372bc2fdf9eba58381c893f7765b693ae	ok	25bccb411559454df285791d232fa0574f7d35089083c1fd83eb94720c0e2c0e
73386bd6cab70bfca690e5f2afff0f24d6093b0f51e22dcd96f8172bc70365cb	ok	fd151e4381290f074888eefc094fa421d94f51ed1f2130f2b8c0e3ff94ac836d
73405a28722c5eee33d7cb7c9aaa084dc4a9b6d97532567628a307cc22e8d0a9	ok	074ed15d7fede62b4e93c3ff62d31bb5e3afe22deb7e74dd53d6da2cbffdab20
7352bde2e6b5f9aad91542d074f83c3eb378b558558ef099442700a309c600a9	ok	b0a0a10e809a5695ae1096f7996e72e0230bb475ceb45c5a7a1891a50bda43a6
7364e8b2761d4e818c98ec29c9b0b0b859e32559195b20e6d5fd6d46d5e0cdb1	ok	3006ec83a1de06bc5abc1245dfceff0d81b4641e5d0a2457a66e44b66a629c3e
737a6c67aa40f136ba72c82ee2b67c53fc824affb6987b412388b6de10e46d53	ok	4a76f7117e2183b553ff6fd63b547ae829595d95b5b989aa480b8b61b4f13ad0
7383d2dc06c0524ccf6c10489aeb3dd5ac3b0af198a2e49a7837e6fd077e971a	ok	f1832aeee3bad9a9151f73f1798c2f0a029c1172e688a8fad8a0b488a96ba9e7
738a2e7c5a48b26895a4e906977b33f7f28ed508acb7c791cfb80cce7e0b43c7	ok	3e295cd19fdd6fdf80c5e5a247a28990373c8f473ff218be5ee2204eda6bff2e
738e7aa3aeff1cddfa4f2a2eb273e07ac113152e79cbc992592d878c949c578c	ok	a718473d57c302017ff63c2b39fc0cc35ea0f5bdbaee406aa243c9cd28c4d039
7391b5e34c8a505fabaa1d83190c8eb012c64afcfb67422e2ada4498d6b9935d	ok	eeecae1b9c8a903fef0cde3b21456346c88740391630555e229656fee2639e36
7394d271a42726ca7b04db2ed66563cb6ec30c2029335387caec30a3c8fef7ac	ok	9989cfe2fa3a7af4d309198783a6a1906f028078773dc6dfe2b26f0cfca50688
73b0ce4a15e1a5b15545a1edfbf8dfbd30cb0dff3045d5918b59124598194388	ok	7085e478cbec303c4340bfb31077aeb9aea36cdd7c90ae30956b392fd4cf07c3
73bfa117d93c9321d373f3ea89f4123e91cf9a77d6e67375c70355c6e1d3bb6b	ok	cabafb126c281268948633945e4333aeefddd5836cf263226eba9c04962c6966
73c02f5fcc06b410e8dc9558de80fd0226482e7816af4ed6d013376c243019f9	ok	9515cf2f380ee360c8ff5d7d163151cfda3b1f3b568fdb1266d3a3c43ccb7297
73e6f77e9c9ce95507f8f42cf0fd462767cb188913419c77b9d54e19e0b49f3d	unsupported_shape	-
7411ea944f7c4eb314fdf866bcd459dbaa12827814d4d759fe8a7601350b17d7	ok	184e30fa93af24b1fe0a614f6c64f721155432af6d79198ca22c5d4c8ad78541
742964ef9f56442a128656c17885f9a9050182678015fb1605d0e646f7b9e1c1	ok	1d6fb195b3f9dd2003a3cfecea395828e186f2b4e2b7d448ba1da2262912809b
743ed71f4db5822932a6a1edc373d647e850205b920178e0ddc9bbcbf4f4c967	ok	5480b6fab553e4d25085db252f7c91e827ff043bd4bc10ea0b6ece2e11cc5d80
748293de35f210cf99f9326c8f3ef84b00581dd51270646a47842054c0765134	ok	149c58f3a64ff699191f6530c77875f00b9652002025d6180557cd834da3ffe8
74aaf6e3bd23081f161ec4b5ff1bf352de9b0ca080255f71d37d35cba5c47367	ok	6caaa19c8952e6cfdbfe331aad9b1b451ccd2fe7f011df7610e23869d0e151f0
74aec2849a1c38c3faba4519296b64965c97ff2fa1e25c4ec4ed15448a7c068a	ok	9daf057d15395455de616b3664eee6f0e25b09142b5742ec10b042728df92158
75021c2a68b578ba12d77f897522ea359552fe9642c4d6ece4d407c57adbadc1	ok	ad14bbb1f8f363e5f33cb9da2355ae25c06fdd1b2baf7901b95ff104c29af875
750ffa48027c10f838730c8b4bf921a3f213042ba97753787bea2eb64826c79b	ok	3373a58237c5a7300d8b4abc054c594c7de3cf7e3795a9c41e1fdee7728d09d7
75311f945bae7ff367ee12abe01f1e4a78f78d92172cd7c015b043f9ba39fffe	ok	e747ec2a19facd2a5415ff666a44c44b6efddf6ea25c9f815a3e994871eade8a
75a98dd66df41026fa9d905faf447687ae691362c0c557bb4fc2cd53f59f7aee	ok	7a41931bae2b4cf30ac2425d2f272506be9cfaeb31a9ace24a0b1c9e15758891
75c2342d6b0bd01360b8b4ed62b98d4254ca1e168d917c5b7e8be516a5f40765	ok	709d6296c74209e6db465a10533186e43a5a1a3dfc334af1bfe5de4d1133d8ff
75c4c503cd285ecd5ce3f24f40ce1318160bfdb302189095f380dab088c9e8fd	ok	c05cb098c68c8ffe36d77becb1fc9c94f94fbcfc32e59bc6aabb683eb311f70a
75c9dacf32e46ad8854bfa88830220054c9fe6b2c3ffd6c3cd8a8dd34a2907c0	ok	7f5b514e91d561408d30fc3ce2a5bff371c3952be2a572e14c0cb620bd67887b
75d0d1029333a2992408a0834d0194bce5aacaa80636f53842cbed0c0e256aec	ok	3fef96d4ac0967cc65573d631cf1f62f0acd29caab8113f10ef65b5dd741a059
75d713223e9c447a2da61dfffd8df5cb91a6568aa7f224365f477cd1050d9421	ok	883127c61683f67baec7219c23cf349959af9257cf875c9e84f08037d2ff6116
75ff66a87318694316f21eb7dc62439bed4618927e398257bd312a49c0580e12	ok	249490a780e1a0f3ce80821d0def014383e5f246ca6575faaf9e865829b8149a
768af1bc8726d3a3c5727bb69c7ecc3cab6373cff0262454870e24411903dfd9	ok	1de53eb604b1963a977d9d8e59f02e53be0c49f30809f98a01820fa9e01ed84e
76916276e8ce33617eb60dc0b5f2fe208d6da4017c1a28419cb3277e1be60a45	ok	883bd22eb3a0eb6194ab75a93d5a09a2a7ae0311aa7d65bb9c5fd2df1704e641
76dae7e5dff3e3667e78c16914d3ad4caec3bf35dcdeb3aa69ed878c0d351c20	ok	4807db8879505c16f04ee6372cf570aa2e9d2013046e146ac5d076274c591e9a
76dbb37571e3140011d7cc26b7218d73a5da93e00c8007a2652d963741d44392	ok	6c19f55472aeecd8fc67d006e5ce29f27a51b184bd425702bd55c584357044c5
76fbd2dd3c4f6fa75522a0c9ce654206a72b536dd85e09e186f7b2d106ecfab0	ok	f88cd994bab6967afa00755268781b93f5cc908650926c8ce82f6789a4df976e
7709fa88a6cbd5afd6ad53888bc3a984458ac0741b1c8758310bbdb43f4a8ef6	ok	28586df9d76588d92db739478d6a88339c016c1d8263d6b1b9f05004264b33bd
77253c3178949a3e97d1945919b27d7f42fd5d510623efedee2b193865301164	ok	d53d1c3f72e19977a6418d368cf8d2508b03c10b31f52703bc4c827d3b79ec80
772a406340582e925cd7cdf207e439ae1ae517e270a693545b0979d9f9b0f3fb	ok	5d56f00d36c9d03d2e4e10f659b1a6c265f752df082747fbb63efa75ae108a1b
77651ff8a8b76a64f67c15888530bb8d95669f2bfc1287d8a5fa7d72ed922da3	ok	0192dadeade19edcda248f3dc2d330c1b832eefd37e69e4b8bb9c4ce509fbf6f
776e955d74a28f01f17fb06c8a2b2c734e72fb38aa94d8fd2d67b7846000fd4a	ok	c9ead15995a407e776741d5df71e44c22a1f58815e4201e2dec3fdd82e8f3130
779bb2503fd772aefa60b0a68cbe370476cb2875cdab583261b303a71abbd75e	ok	0084859008e87468b1eb3717251f7de4583db5f9af5a433e6a355482d02080c0
77a6cae5f693ef52d96842b960b2d80eb87a91fb4b3ef6aeeda8724b0bff6722	ok	dc00958c248f391d6b8c330ba961dee32700d25a2513c30244bd3f9250fa79be
77c69a685ea0c6a1ee6ceac3720b5d7757ccd039acb446271fc06afd4e5c6ed1	ok	45af6946d86b70830ce1b02ef01b46ac367e031f0207359f12562d1bc93eb751
77dac1188c98a9ad3812310e1e940cce7321591269fa7f3cf94fc45fab59787e	ok	5099d9156979605cfb2ea69004a33512dfb0d4d061c02804db56dd984de5df09
77dc821ec9749f51458384314f997f89a23534c8b6ae108949d23962a06bcdd3	ok	ff7e5508b96ab378532ab4a29e558dcdd03196a0cd39d9edefbe85aa60bead92
77e9a550a96a85b6a6677629ad270627173360fc5fbb703d7ef394e17988ae28	ok	7a363a6c44fcc48c55ac278796efbf452ff460d61f874ce62eec18483ea57544
77ebdeb41b63b94d5322130f3c7db3577ec41123e6183095b82a5924131f42d4	ok	ccce7e18ddc6928c38613cfa2583b1aa380706230e8b5a51659aad4bb6885aa4
7803545ce8d0e3c0601d11648f56a4640a49d593b66e67f37fecb9d0f0b00ad8	ok	b87031f61d21b60f57275c59b4bbd48e12b895ca444a1b1f3cd29fc6dcfe9b74
78080837089ee72a7f363089218ae784a439cf1227f5e13e097a4e51591013c6	ok	dee185af2dce49f13f72f3260eb19e00540ced0d86d90af5859b68be75223c34
780dc89a95cdaa8e5eec0dfdfd2e26e05467f110399010cd454535aabee72513	ok	b9d95fe6771ea907036b6b96b5a0a00ce8154451356a7fd0dd36ceba04f0c83c
780e1066e07e3e14acf58a248ccba80fd150096eed97a5cf86537e5f49021042	ok	0638ad09fd957c6145e336dbdcc0097b4b82d00253a1904fc22a38efad733e87
78265bd261f8d7d6e487abe330ae15fd30b6b2f5cf8210248bc158d1703e3545	ok	2c5265547aa6ac3dd20414651170d05dff3d5ee192dbfce397d31121f4de0a83
7835a725e10db54f2b7ef401391d99a7a24a2f2c9096799b1c2cd00b839fb2c3	ok	43bee77574f9fa2a15ab6ba2f463e6b46a7f20c799850895823fe5081d1753aa
783eb111cdb7c3778bb4bd29eca8bf1a5f5d0c479be40259bb37cf19fe6a1fdb	ok	b7d825e3382aa6cc8dc6674dae24ce008f13e84e060ac071c390d622dfd7b31d
786b9dff8bc84702e2301efcde66f7db97a700d3011317d6dbdd65962756aee1	ok	6da47d9df6c8bd0de5e43374ae7d754f728d7ae798ba45ee84687a204527eb2c
786f56249d46ffc28e6659d4c414f92e5cee258c8cfd61ddcb6e37dda6cd4715	ok	4f7e4ffe3339402faf7f95d5e768f5f5d5d7daf46472f722d4bc4065152465dc
78a6e608a81d09075c82e616af9ede6492f4b3006af0f928872e8bead534c0d9	ok	1b28689b39b3744cdadd219345184af54d598cf1d388a5677a3369fb25e6691d
78a97fb26bec5ff01c772b6c5256ea2183e0b61a6d99311c99a86ca76fe3243c	ok	34f69ff30b4ef833abf6f102afae4aca9c1d8076c7e8bbee412153d2185cdc0e
78ab1837964acf755ef926bfce84b958f144c7c2dae2eb91c3952fe2b42bc13c	ok	d53d1c3f72e19977a6418d368cf8d2508b03c10b31f52703bc4c827d3b79ec80
78b8bb2be1a7c270fadd1a62a89b50f22b43422669305baeed34f9751bc5e2c0	ok	880e184bad0c4f13847406fcdc5fe5221fbeaf186717c9019c956063a9d22587
78bb340e3adc85de9d3621f5722026c9c8530ee3708c2aed0837d56a54897bdb	ok	c3134b15d453fd323b89cc7e48c74d69e18eed605008902b191a52c39a37a1ac
78bf20ab88655058e75554b9d4bd7145805a12198527e9c8f97560cf32493558	ok	ee3450c969a0bc5e2bc93eed32421414eb99c7bfef35c5b3d5b263d62ec094d5
78ecb6cf412386cd0dd89c50bbe0ebf8d0b68a4bbf5cd5ccd539ca13620a6040	ok	cd1ca767f1fd4643db589c2fbb6e45b0801148da3941949c25ee834409439c3a
78f395544f8accd687a64ced86fc4197177f0e686554bc186ef6551c2119ef4d	ok	780fb2aebf8d275d5e3b29fcbccdf17c0e7b8a039d3ff4746c54f2eca3cf32e4
78f5643d8c3ef411f838c798380dda8b3d4db05db0f21e9d31e3e0e8c5c3a998	ok	607f087f34f861e5b304008514f4fb888a1cf5b89c8a8423752d0c78084477ac
78f88933f73533a48401f556d3eb75a920134e7e8b687ad08b31e088b8808bbf	ok	ce7c1c6b8c9541dad0ddd020cef9c73bf115161c3ab6ed1329ce5291c5a792ee
790cbc83a9085a12458dfad5eedf85b6d4ef5a73572a82da092773547c169d51	ok	e5cec8898759c806ff8c145e28e63d6852298b2c28cb8874ef7ff4b8c3772ac8
79a1b4ee670ce4d05256961faf7afba3ee27fca7d6785942f363e32a0d265758	ok	c1e2d158eb5f4d5944ac24fb7258d2979962f3c16e3a5e590798e96828fce75c
79a566801e1f5dc13f61b53ebf440aea8d30dd95e44f1e538d518e211d48d7e7	ok	4db1de10eb370cf39f8694f36ddcc311b320dcc65f0f302cc54ec39b5d19fa32
79bad360f13bd64692fc5460d4b0fa7fa11cb707da2edb0ff118148d056730c7	ok	b597525fdddcb86935b20f8569c0ad6399e540b010e600b029b549b4232acc5c
79c4189e6875b050145eb9dd49a93777d6da54299df5121ce7938dfce7e83c9f	ok	69606a8440c09ff4e2ca613297c4516d280550d621f7e503a22f2db07decac0a
7a063b53dc790347acdfc7d7eb87b6c41c3b0b4a246c6f3293ade9a39d59d4a2	ok	6caaa19c8952e6cfdbfe331aad9b1b451ccd2fe7f011df7610e23869d0e151f0
7a3fa1dd55e3d9523f61a1f4f1e172a986e65b6cbdd625e0e2c97593d7746da0	ok	d4060dca06e81ae7fc51930e27111e8d4388fd11f17577125974ba71ef1e3d7d
7a42dcc25fb5fd8718a92fcadf247a6ab1e10dd861b2b91ee8387e6223b31eae	ok	61964252c9177cf080530f73014625a8b9bfb1bbd1c48ebadf7af3915aa1a1b9
7a58168c8fb4eaed1c27df5358d560d22f03280e67cba509762efcb319237efc	ok	e5c62d85b182a81cd5b9bf59c6a5e63c3e1965ce0637d94f0bf0144b2bb4ff78
7a867e0dc460b77f368b52067ce8d5b21e6012cd679dc21546198067fe25afa9	ok	6cc7d46f2fa0fde60688fa3caff1673d66ec93878c6e7811b6cfb933d607b2a3
7a8860d09ca2d347c5293adae62270d8f9acf9bff92271ed5063d00a11e044c3	ok	10094d3b934beecbbd6fa186f551ee58f0364ae0098dc80099c9aaf2be111a9f
7acd208a14785a92152647f9fdd630d8bf379b7ed2b7f79dac6a99252c466ce2	ok	a42d20d80bfc6af317a8ce95ec72c9229ff72ce74a6c235dad8d794f1be4f963
7ace1daadb64490e953eba6638c6abcc0b5f576f3c9607d5f6a98244da836108	ok	9007dc730c912a3cdaf93cd00ea5a4affbb7790c39de624bb073d6df6d9e4235
7ae6b7508f50e16f94114f4784ffbfa7c7bfb4fc1ff00c010212ce4c51cf5bc4	ok	d10e4a47d75f78d14d783a66b2cf850ffe9e2cfdb1ec0b03fe8c561948b0c787
7aef41e9b37e0893ae6dada8c9f30ff9482746a8009ff1836aa74740eed649b9	ok	90dfd9b1926c046b0f0daf26cddea8efcf15167bce26e82b69c37153d07b0bec
7b16a27d3664e26bce9286ea003790f5158d452d81677cbef162ebd9ffdc029c	unsupported_shape	-
7b21256e5b7a29b4a790497d7baa0a777d9663e94a3462b17aedd1514be73b42	ok	5526b3e28d748e08757b1bd8ff871f69433e1a7f16adf711e7e0d1fdd9596b64
7b333f1b5d6a757e9c4d0a003f2dbae2e638c04df275618d939a9ab895ecabae	ok	a575a485611525e5642432073453565a43a21fa5f6e82ad5c3a7589e3d4e857a
7b718a86f27524bd9ab2629cc546b21c39cb5d1a37242645d131c44a0c0115af	ok	9301521712a803001a15f0630da6605e7227e810d041d9148dcb46fc2d2b5b93
7b9c0ff4bc8fd1e4c9867675d186272b8ed6801a935277da06341d55de3260ab	ok	0bb5dbcfaa38bdc73cca2bf6e7ea10b65feb3a439892643ad3fe554a3e58b49c
7b9e2e26aecf4a60672e5fcfd7bb71d6a182160f4ee4f32eb9449f6c269405dc	ok	92bcb80e53fb91457a00955e3db4d723f3155cf5b2fe0ffebc789403853d30e1
7b9ffc5bc6fbcce4b6ce8a232912cd407f4b98024e1332a0a58a0b8bf75348cc	ok	cbe6a24008baebf30891343331c75a96b0fa518f27dc34c274dc4199b24e6305
7bb3375d526eaef26fd56e9819db68913dbe01d33a2f3fb8575f3a3d8f45a2e2	ok	c21a069a0c9dec5a741c9e28630b30fb8123f04a9ae9fc91939084e6be6a92d3
7bbe3f3cccf87c39959e61d8f8b07683db33bf0a515db8f90a5f052a52bdec10	ok	4e9c88d50e459e9fc28f1a520fc7a6ba3fa2fe357908be8ed4f282dca7490ac9
7bc2515227647983dbc029be19be12c461e85f9020eb8112dc29fe1ecb4bcba8	ok	700a52c447f6cd4f738e6a602a02643a33ffa5d470d5e97e5f5c701181543287
7bea609c85d87a6e02d9c9290e14e947943ae00cd22435b6ec7cba5379d3480a	ok	882410cf3b9245bca96efd30f74fd8b89911366daeb7b17fcd5e03d182b0c378
7bec95f135577e2ad91a52114f97a47af189f29a085ead24fbf8f4afdf72ca5a	ok	92003797504f83babd6e77a51e481d2d158566b40ea71be0dba612577b4eb7f7
7c2318af387d67c93b070bedecce8dd468724028b776db0bf9e35df74395cd9c	ok	ae33223b925ecccfb2869d98514f23c3f3aff02a1111c1998e1140bf712ec2a8
7c28c819da1305c7afdcbd97e59fcb206d9a5d59ff474514f14b13e7c2dd9e35	ok	aeba2aeeebfb5abe9fd8630881934cf914d980bc2f22c7ab109e7464d0c51413
7c297eb121be446eb03580d0461c115b32de3c28a1b36af7c3d109e44d887c71	ok	891621b28c537651042397f5832971e6455586a363798c32b9ca40f6de32954a
7c490e12a2ce35e728a8516420a30abb74ecb237b76f7537e87318ea460d9bec	ok	13d9d240d852469a580f96da7b7953fd01743b2d50a0506a6b3eafcdc60e15f6
7c52e2dac150013f51a9ad6713eb3304ccacf8b938d77d98ba53d274d483d323	ok	8d2ab2861455456c3c35b67f7d214302a704a8ab8a1dee2b6b3e85306ca48f6a
7c5ee5c856f51d0a552e391ced12737aa4975d9497beb10d276ad72e98e9e715	ok	37f2740875abd29bfb510b0679a1b3835de323930af9f64c45958f64da298e4b
7c734607295282123ea4224338a222cddc9ca9d29c4543ffdff14b6581b8bd8f	ok	4ebb31cb4201b0aeaae8bd232d2f956eedb84b3c417f94321b2fa7b76a4a0899
7c8998ed8e220b1c4c741d1c43fcc45c17334b201c41257e25b410a5f3d10b56	ok	be19d25c0ee2e270646fda8eaff22e8055a0385ffa682b4e9754e8ac39ed71ef
7c9ee4d789ade0107a6938ef9eb3035c7c59972e3fd3ccc0cfb24050bd558991	ok	5e4cf6573e61ac9509023e9d9bd0ad710c31790b4bbab65c0dd2972b2e391ced
7cbf0cd72fd138103a876ce1e5a789b39d7fee56790802afd8738dd8f9784e7e	ok	adfc91dcaa23fc1cca0c10295f3b41c0ccbdc307c29a7ff4cb1ab941423a2cd7
7ce75784489f8d955443a9075a04b95fb0268302fd461aee7e0b64e58a789adb	ok	6775aca23a0ada4df998b3a26a8856246f1c44e1225a446c64082fe8569ccb17
7d05d0c6ad5367327557ebd09df1b74daa81bf36cfff238b8781764aaf1e9b9c	ok	45f794431ac509a6dc5dea7a9d9009815adeff64a96a4b2ad9e936cb1eb44f9b
7d136ace5ed1e5f88c04150d32867241b77b32d06ca511da3b537990a830c3e3	ok	c262f7e5b75a9b5edef45af12c0208c376fee75c48f7e7cdc7596c43de911c4b
7d534be9d91a633d0f94989fd0719e78bea42e8ae50734e25f2d7424174bc9b7	ok	bfc587d2f9a7ea6d6a4d91b496d8350ec867c3fe4c7ca5728e7df3168bb61ec3
7d9ebe2d5581392130fae6952481719c4c3b5314791490fc17e3413be8bdff56	ok	de55ff68f84758387da687d5ee496792c87e38e5688927d107a74e2e989a955d
7df96133a54e143a0035b5ad8c98e2f53fe2997c9e21d8ec7ca32991e3916e05	ok	14c3b620ded4174c6615ac03ee2dd29f605f6f1d4d17769391fb3c6e1386ebc9
7e260cc13a8f1f49c3d0b9ca16e497b66ad44c4110e6549a37201ac77df03d05	ok	ff7e5508b96ab378532ab4a29e558dcdd03196a0cd39d9edefbe85aa60bead92
7e2f7d7a3fa4965c2a2e60763887ab39a2acb7fce0be15d50b8885580a3964f3	ok	266bd36c5dca9c660ec8d1bf25654fe57320e75859a8772cf573691c55742727
7e3215a55ae2ab6cf58b4146c5dfd1cecb30d4830547bd280c6c80f18c67f075	ok	1e5e95a8a0ac0742d5564bfcf7b2c503d76b922336219960d920eb59037324e7
7e4d9ec8605519f5af7cc8a53075de1a2ac75d88c3a06eb327ab5c969ea6db55	ok	0b269a7f343aa08cd776b3c67115e981fb4b744e89011e70e0ea61faccf12935
7e4f3647b6deec82e79ae16cba4f1179755101b656815f915c0686e359ad03d6	ok	c8a04ee623b52b12e907c06b8382de72988b75fb011c606831bfefda92737721
7ea5987c34a2e0cf303a48d21a5d9e91824e21b7eebd8c80933e60d81c7d1f2a	ok	089796ff5cc94530ce978b5a4af149268211fa584b6e8f19581f1f51a628fda5
7eb06fcd97043f7414e11237f392b9e3b5fcc1c06c01ef28d2e652f3fd756c70	ok	558f73443b47d3a7e1c42b319597135a78b5fd76f849d645fd14f165f8b113c0
7ee3b1d30efe4b194a949f30af4018f0dc37dae9b6f1cfb33954f28ece7371a7	ok	8142c8144c82e12a9dc9dc5f125c9daa66b9f994c1bf0248c9f5ccd8aeffefee
7ee84fbaaf2591fb9fc2d9a82f07dac77ebb1dc25fefb604e58b773845edd548	ok	2ae88506b31fdf7d6a0da2d47cc9138f9624e19c064382e1d86ebfde6164cbc9
7efcdda841a4449a950467f40b87f6990e5cf7df8a68353509610f529fa81974	parse_error	-
7f0046af08b694f39bf7aa43bc92610bd6734734d6d48f62c2ecb632215e3168	parse_error	-
7f061b26cee1bceba2f6abbadac5ef69c4aee478bc859912d34f783acedf8388	ok	675ee0ff9b91197f24fd3b8821dea6f3573e06e4063f6d0a40df71e5904e4aa9
7f32b4011a4d517b3602e04f78a8485bd8a8e6f2064f71c50fc516094697f20f	ok	03e200066e8fc43bea8e0e1d8046157b2fbdb5dbc38af1e022975bc69187a342
7f3b3318c41841f50fd8ac77031a017c09ed09d8ed2e7cd24a0d183f96e62a35	ok	17da2203af93b3c6ecdbe4bc56b9121fc60f081911d41229db095ed6de90327c
7f47a04871a6b806d96eba1d71098304c3929352bed43142916c15e0dedfdc31	ok	7c92285be38e8dd3abde6148b64fcd5cb074f8ae3bba34dc9c9ebb0b379567dc
7f4893e23d03f93ccd41eec2b277c6a341bccf8ab740df45b150412c4f2772fc	ok	9a1a4ffec2d16e75d6394450707d648c98940a67125a77f150f3523bc390ee24
7f496fd48d9f1fc485517bbf3b703af604e03e490a3227854757dd53d148180a	unsupported_shape	-
7f88a677b34816f4013d37c9671fd138ee0f0fcceae34ebd65b83bba9b960f03	ok	9bb1629760c4b8fd8d4ec3c7ac3f69a14dfe37e622f30dcfe65f9cb28e6a0a8b
7f8c7f3b999b29103aa29a7359c9e27bb44e1b5789e3a6b188a2c9d200bbcb95	ok	ae2e3747794d739c01d6e0975dc12a0717e7f31c00f9265fc9feb5b9bab00efa
7f8c9c311b8004d348d8ddfe94edaa1d859c4492316757308d56eceeac854bfb	ok	ae045bd6cc369d60fb3853f3dd3d0634c8780e62ad55f0e0ca4221eaa7c4c02b
7f8fef101aba5b5535a4886e33873f11c829e87112b514e8d8944f9a81ca696a	ok	9552d4741b65fbc3e21967c3cdb735153402378e5bccfd34caf196f1ad2a6278
7f96456b5769d228c518e28b5dfcd555c8243839625bc0957f6d105349c1719b	ok	f68e23603c98c3b2862fe30c356673a349194e499f5ec7a8ab93dfa4c8390529
7fa1992b2de9c809c3b225b4536bbd2488cadd8b4ecea7dcdc5ad6517d575167	ok	3d65bfd9a1872036e608663b3e2f89c44f0a58764faaa0e4ac180e42563c175a
7fb3a0d2acf4fc5c5eb1bd7678769dd349240a4d964c0cf798d00248181e53ed	ok	7f78db250e05ea55929a9ca5c7edfaaae66a1e50530b7ecd89ea304716c87402
7fc1cd25d1decdaffb8fd5a76c2e682e82dce3439f51c8503d13feb5cd3dd957	ok	8bd943a057b8e6e9ce3273e38a0bd1f0cf39abb0cdcad353a28ca1b991ee3d4c
7fe055764ac9019b50e65be2b26f42a5ebc4d407bcf5cd5c3ffc042ae3bbc9f1	ok	dad74239bf56a107c623b3f72d3f1c88bca3a1c906fb3c8d6c9ada2d129b16a8
7fe1ce96c57a9169008958a259501cd79e4893f99400e6275b9e83f7365aa1ce	ok	a73165ec34ae7f3e388b56ef35bd4bd91b07ee080e88de3c78070955589a9eb5
7fe8c8192ed25130d8a0e9bfd7287331a135acac8860054179314bcb1a5c7ac3	ok	8e26741bf6039b899d86b486b6e750eca8bdc59b95b088e9b1556aecad569b18
7fed7087485ad541d0077b5c3df1ae194e89bae06574d7c9f214a2a55c33628f	ok	f1689e5750d762b83e54cdc97afe67dfc02c5d2005f18c5eaf21f5f47e192c84
8016446c4182b7f55d6625b2e870d0d4dae0b0e23c104d54b4cba28de656f58c	ok	ad17a09e655136a375c5f33996f31310f4d3f8987db8cfac6abd1b82434ef64a
80189ebf050ee5589727d6fea6fed6ad17c1380bb259698b9c6ef414fcfaac0d	ok	94bb9ea4a8207739fc76a4906b7585b155ea1a743ba1747b6d955a2be82d461d
80361ae32808e337eaf7ef74314186772aab4b625d3973e561a094a3b21e92b4	ok	89f67671cbe49863794b52aedeaf74d5cbd0143d061c4004820910f2a5e7da2d
8038f996ec10bd4750724f16e1725243cfdfaadd340861a49726636ac35ac94d	ok	2a3b672e158d61872640bbfd252382bf4cbc0ecf87e106debc24b78e6529b4a3
80472cf8e4a64d85bedf8fc3013efc42951526afbd2e150f49fb643cd353539d	ok	d6ed6c4fdd5fb5fb1d79b539aee06a9451aa395d90901f38a2fce581482dd887
807316680c993d6d7ce0199c8394da1f493b0292efbb6324cd03b6fab647b6c5	ok	9b937da1fa963f4f0ecc957c30916c7764daf227b33becb352447f53b1e52d9b
8082b44c9216b77e900c6dc5c6fe83b52d4611d66d9882ea72f208a06518593c	ok	39b444ce10f10bea0ee4ae7f7d7fd3a5003a6edceca4955f7c3fdd2db7b3dbf8
8096dd9eaec8c907c9ae8abb259d9926517230e61793f08f051f951a703d62a9	ok	adfca7ebf3e981971549155accff05eb4c08ad4d6bfb148dd661dc32143b402b
80a5b4ad3ed948219be7630710a05cb80e89013bfa3bce9ecc7d9732eef5b8b8	ok	52d9199dd09043c357df8e6f6158516c546630ac14664826e388150ca87f6981
80b0970b9ab0221d35aef1c79a1450cbdeddce1d8ee204a7fca1ae3f28f14c0d	ok	e8ef477c79bd3f857e8fd3a30ffe4738ec1b673238be088dab4c57463d009ded
80b4a05b0bb61db2080a314fb3cfbfd467f90be613875d5aabdc47834b502dec	ok	bca06805686d154c40149c403bf8520cc934a0d85acb868298f5676ac3e5c6d0
80bd2ede67e3cb39dd2f3d99c3c689db2fce332d12be06474516a926557cdb4d	ok	1cc401049e4aab303e0e586d74faf272700597e82db037b092b974349449cbcd
80c2d72eabdd7c43dc11cbef2b84ff49e348dedf82ff5069101e8404bb26a95a	ok	2a2526f57f06145b98f0cca18e2c05d16c2df9f2b9d0744b1ffae45578202429
80d70fc91e98007de84393490ee1a6be6994989fa6e2b24b7dfaf30c6498e270	ok	67911e348cc752e27315c4e4f1ced7712e392da5652bed96c19943f202fb1172
80eafec328d157ba8bf375425bd5419551895b63c1dc3b774905bf5b8cf34931	ok	8ca42af9a045f4ac5a18fe0a4c26b39839d6041c0e5fe8e38be018e5ea4eb93c
8110dbc63fe637651dfbf9f796dd4fc55fb77f8028758bd0f9cebcce2de618ab	ok	69cce2c0ea1cdb4f8fb396b371baa209d578902d4d94d7b22c4b31623c54bca7
8111ac0c26bd3948639f164321fd9562640277edf48236b07d7ba2ab5a33cd0c	ok	562c7c8dcbab1c919cd0d597730be70858710a57ab9c826aa789f972f56564f8
811353817a45e6e55943fc21f2c71455c5b782ab183e0015f7f77a76d6b3eb38	ok	70c488be9f32e653bf525dc89e1d7f0a3b477dbfee072b01e29e66c935ab19a2
811708426ed3be0a8da55feab71cfeb6eac5189a93f5e6e2765d9c3c8dce73cc	ok	0aa5e63529a14e7fe8484ddeb7f45875d31e05d8444158bc42c38487c16576b1
811f1abbfa6d470bd4722b10bf0240c472f5acddf4ac942821a8bc4143e17476	ok	2543dddaf6369dc7ce32c80b4144d0c0ad355e4d2f23755085879cda0c9197c1
81223b920b52038eda849e0539decc15ba2a2c6248311520124ad75bed81b2d9	ok	39a641f4bd9534549a1d403ce1850393457181ddc29bc8cfd5447e67676f565e
812eaa1c526bf8de49f27f12d9f039e1cdfdef7108f5fb78639ece78737b604e	ok	7584ed3bd0e117cab6487c58497d244d39ee7988c44d6b488ce305a1d6f550e1
81411dea2517a34026480be3c5b9ac3b2304ca733fb70bcdbc33ebb3f2967a65	ok	ffa2663a0840b171ac35aa5980be42a05b7d3ee654eca09fabc33c71ffad102e
81560075a46291f0766fd1767dfad2d0e14b1408d434b06d032742bad86bf113	ok	f8940c2c3d5015fc5429d02d1290104264ac523090e52d5b461b84b9f51925d4
8159ac679d6fe5204e36c0419ffd7cf8abc7153d568297db2d1665981cd65f94	ok	351808e65289e0b21fe8f69f4cf20e6d175306fb20b5360dde5ff9e5defaa9b7
817522b053cde8d31de1e0f58b96f7cbff480644351f6d6663de2f4c7786c76e	ok	45358d9644265938e422085b56ea0c7591279ba4d47efe43e61916af7c3f1cdc
817de87e3a3edaf7b40c36d5c950d2f63bfff03e1ecb761f62cf521a4e3ff9de	ok	3168f4c491f2b51ff049cb5e77109c8419c1e173633057d861492168a30bba1f
81badd86000e7bbeca720b93a52ead4caaf4e70e9ef4bcc5c86b94222637075c	ok	59c53e1411abf6250e0a5f4b44790c3e482491d43d6801d091e3b86666069934
81bb04933a48642cbe269c723d5cc7b64c3476adbd46e416f9ad0dcb810c9171	ok	a8f12ccbbf8ab8f52239de256683cd278cb9a17de2f8d319a10ffe4f2f2e9cf7
81c68fd6b491c8b67b1be46769968f3e1be35d6b2c8d55710979f1ae56a3d0fc	ok	bf3a369be68798b406a55c3254b14ab50f5272219c2e0af800ecaf45f9f21ea7
81faf2ee22e4b7b7a5235d66c7ee6760ef2d3e6eb387a27eb59e682b0ae7b66d	ok	ddadd6bf1567ea71614f65569cdeb20880b252388e68105d7d434e52c2630478
8202b57eb13c2fb011b33abdb6ee6f342368534b7d2f21545d1a934c3d006bfe	ok	ba38f028443e7e67b818c37001615906ea0f712043e2973e0910af5f5eed9e9a
8216a56772ad7cad304c4c304e8d8c411f68fb067b4dbd37633ebb91d8a65d21	ok	c8ac29aed21d5d35a33784d7ee73ada6980672ebe51582b18bfed9e8c7dfe61b
824c8a068d108a393077d35dc6b5bb4901a09cf776a8b9a9ed4ce473a7dbe06c	ok	100ac2a27982654b090b2c1686df0c8946c6574511b37ce1a040f3a1222649d9
825a5513a8cede6892f467fe012ae54764acc574630000d8901d1bf74bf119c3	ok	fb05ef36bed6b3d06871a37ed125afc13b802f6777a7da65d6fa507e2c8bebf3
82863311f97cc9356be490fc4f2c0ece78bbf80aa466c08abf96e8f3b3068c78	ok	fd8d88763fe9c7e55c7b2f823eeaf63fe714e64593135e11a8be2197008edd4e
82a0f57944ba3062d9b38ff14d7a411019f640733c2a65a24bf2a69808cfc009	ok	45358d9644265938e422085b56ea0c7591279ba4d47efe43e61916af7c3f1cdc
82b2becb9a1eeb81acc98e7e5d077870f661e9dc5a410dd322cc34f45ba9e344	ok	25b383552e77f8fd3d2c3872c0477bf98a8dfe523f896798bd0de028497d2513
82ba39e143bad905922ffeba9df2896b6cd3d3183f05d0a86f6689de1d1ba6f1	ok	9fc14117a66daa149f2dcaa889913d3da8fcbb25b1da3842dbb9cd2a2f6a70f1
82c3a17b3ef90ad92b781e65bab6cc6b312543067fe5808b24840a9368cad68a	ok	efc1c380dd8b19d6a648d2ab407f9153d512775c3aaee664ad863e5ea3c8e165
82cc26094873148b1fd9985f0870f7d85386c5e751675b0d700589358a875941	ok	09f44a9bd37922a6b849c09fb7fc011992f7f415247265271e5d5967b665d7b9
82fed246dbcb59a19bdb7d5532788117b0f40ec9dce835bc1fbe91ef720ecdef	ok	2cf5739981a19ab0e031cda83390508127918bb47b7ffb0ef8f0d310751ee082
832be31948ced6d475973dfade068099fe26276ddd3a11bbf779eaec8f6a4fa2	ok	5480b6fab553e4d25085db252f7c91e827ff043bd4bc10ea0b6ece2e11cc5d80
8340eef7b4090e1fc73501e169f3b4ab2aa8788fb84bdd5e5ed8de9f37b5daae	ok	f905f2aabc4b5152245738f56965afddf28d914cc27dac7857a084c0dabdac98
834449e2b6b996b8ecd69210e4bd72a0275823ac5876ce6921633d71a3ffaa0a	ok	b6af8699452ce09803ee7bf3f784c70d3ac8b4067a26209085b5b74f2a900cc6
835a1a106e0488c026e1bde73e68713afd12835637386182c2e17394543f9704	ok	705ae36dade230f6def96d1c44e5d51cb3f59c2b1c303e7544de9ad44d4eedc9
835f78554e067d0a402d14a55f9b5ad7843e8dac8c65c81db97c048591b6846e	ok	e10de563a7497b7ac107832bee7cf451890b8c70c676b5ba992c96936d6a9432
838b8f3583bc1055aaa7bf4d43fd8cf8a33a0a3cdfe4cb2d1d20a46164c55dd8	ok	1946f2576613c42da6bc55ef56921361b471e338aaf56cc4475124b817e4eb1b
83ac2fa0e4dff625263e852ca9162986d1fc1da70c441218870ece8f7efa0e66	ok	583eb4f1cf21c0d17908f2664b7aedeccc4a07efe74f1e00532406b8f1ed2fe9
83b49281921718ec65409107d9e0c9eb03e25e8a3468042fec5c84567cac7a04	ok	030c363c2e6edbaee5ed16d50d0b6c69bd671503b7045124e946fc5701bfc06a
83dd5d52414116e96b37b357b7cf2aa5da62abde04ced0f1a8a236776520d00b	ok	a50f749d80b696e459c70ed0f383247a915679bdfc86da47cefdd32f5a7a4b90
8438285bee4f584c0a6a07c110d4d431260ecc5385e917c686f15773f30c449d	ok	18ae607829818ce183e1affe9cf11999bd67695d84fb199754332a5633b36361
8486d9755168816da68d5ba603a493a557616ec31648698fc891bccdae71e5c8	ok	3d03003c29a5867042e44dc40fbfa82b9ea31c4bb30429792c0b70fd78cf4c95
848fbdaffc220d1a733d582530582882244707a28b2cb976b0561c3fb751aaff	ok	14e055f49a5e87015b674341fce7b812f7d3357f8febeab2535bdf1c18795f2d
84923a0e78a631a09ffeefa909cf63da42ee6c80c4c52984a91981b8f860d589	ok	9d43f4d8a567dfb7caf3ceb0c29a8f09f786f57ff1c66d6c12da02c7ea2d9b59
8495146912a01c836e7bd3283e3b3e45132b62440dc3dc7d58681a0c1f5405a2	ok	c5f3f95886140dc19f1c0f01cfb9b7db5ae975d815ff1602cb4632dfe6027c23
84a7b4f570d525749f0fbac4e8191dcc70e8d7c902110e55fcff130b5f600614	ok	b60cbfdf782ef35236bb1f9a337ca884d5a0bd117e924f4fbf6c73ca1e17d471
84bbe047bd60972af914d72deaef40815688182b2965b614672b5d57f28862a7	ok	77e4b911d5abf0d1b010e156a7a62519fd475fda371c47a40db75939d6e4888e
84e1507672701ac833e15c045f1644864a991664e7c9a3fc6cc8fa892fc7c204	ok	5c8d049fcfe18c52b6008199740c53aa26d1528c40449a0278b3c929dd71612d
850a5e2dbfbb9adbaf1411c3d212c36bfcbf4cc4fbb6296da44178e1c5bcacb9	ok	6fa74974cf67a76fb62cec640e1e22dab941b850b9c87bad2f149c86e51042dc
852c4b4fdad42fc19f01ac8ed1e836709b10f4e4c692d9f78ce03c7808126169	ok	cedd7447688c40872cb3b008c46f4c21f350bcd9d6d5403ed5650e735703941d
8537a205efa3404cd7a3af83ed26fd56f7593b955d9133c0a423362c1a006de6	ok	874316a25a72e3522bc193f6dc3f5a3f19a31b6fd7978334ca5e75e408d71abd
85465df3890739e6dab98f4c97ab4feff695806a7b65b0fd5b3e834c74c7ca86	ok	b74ea5644fb91848cd0f3837280c5881ed7889b146a28e7afb95c84921a36297
854f096a4947528e841d9d6b2e59a4de50a77cfc7330b68d185889d706355466	ok	ac65b69241a4f51f1c62dee51baa5f8b176d47cd9b607450494738b8c1b792b5
857710596f1309b65a544dc3e0c0e53a6320c7de2b5d872eeef56a141ac59517	ok	be2bd11445b0c07019b2232526c23d12c0ad7aff4ce95feb8fd52dac96b3d541
85aac1a2ca0b614cbad4113c558b9bb7d6e01f7fdc94db5d7ec1395e664db7f1	ok	82864bbff4d4d071d9226bb3f7ca1a443d59e7fcff36d7d6696f73dc0d479788
85aebdd3101282c2013e975cffaac891ae62fa071bded9686874ebc4d25b27c9	ok	da192a6a8b9a5922fb14f742e8b584d0a5d86133c85f9d4e8cfd609b658f5962
85b2f7f2ded05294cdb3807c05d3dcbcd3f6768362fc918011b22dc85fdf06fd	ok	b9d95fe6771ea907036b6b96b5a0a00ce8154451356a7fd0dd36ceba04f0c83c
85ecd556096da180bdb67d586e15d008dde9186e70a0c4383edee88a77bfbde2	ok	e5cec8898759c806ff8c145e28e63d6852298b2c28cb8874ef7ff4b8c3772ac8
860879448407912b7b41e2b81c81c2a74c7198510ddc851d4e515785263bb2df	ok	475e6702262fdaa06c11b75f31029eaf6cf3f0fe1262a2ac7b2effb9dba7c34c
8623283330c634bb935f77c4d9bb1ff467eeaf19a3f609d80da3d8cc645fb90e	ok	cf8bb14e70d82371d2a5b8f01c7515786673929897d261798d63e65e5579f940
862ccef6ecf861cfb9077054d857c3d6c0fda228af194b15e0e323e1d938e681	ok	9b937da1fa963f4f0ecc957c30916c7764daf227b33becb352447f53b1e52d9b
865e76e6d74bf99cfa5c005407b1dea9cdd88cdf1b5913cd6c6e959a9690fb53	ok	d058a590ae61141a7394adbeee8da08baa292abc08ccca581d52f225a96bde20
86852549c3646bc4eef83e5f3ce0c27f71bbeb6693e02cbaff5a49a2aec0f9b3	ok	3dea88f587c6e8a0449e67f90b46aab163dcd89084b51e58e075b7659970e56b
86868a82ca73967a3d545cd391e24f9948c4ff722de76f1a1c8238f99cb33720	ok	58945c1b9b075087c57893b58b89e49f554d44d8c56c998add96b4b97a6f1061
868f8b219c0143b3d72932ed9d2f920e4a0037b21984baa44350682b16eca837	ok	e0315cac102d25c265b72d1663da70b5eea5eafbe1170bddd279d2cb66bac7a9
869bd6de2435dfc92a2766a246b62222244b2d29675823fff349220ae27790f4	ok	fa6a4a7d2f564cefaeff95d1fdd481ad9ce530f46fb4cde1f521acd07056f323
86bd341665c55bb5f244ae7ccf02d8094474518aadce7b2e99c179fa23fa9c99	ok	f742ebd3b82256bf3e849ee44dec2265fb718abaabfb2f34a0c4ea7958f181a5
86c7e0ede156c314102aa6162910f80051981057ad13acee1af7142e1f272c82	ok	cb58169347e70e7251f7d8148bff967676f020d553c2a6412b28021c0d4d7cf4
86c8c35b53b99de5e72cf6a06b0a098197bf0b6f6fe502e51c811cfc2c456063	ok	af1914a13b2b2b7df5d419059e0afd3a73d98e5806629b4c5d55378ca187de54
86d3c124640db2145202ec45b7b69cd70af9fd02e55eb5cd2cca19f9e833ebd9	ok	4ad36070b471a76eaf71a53f454f5b84aca9bc4d425ca99c1d1f2d5225fb4a2e
86daf3b53eaf2d6b151347ce65882c418bf77229755d1eec77a2c364ed2337cd	ok	865fa3fe5e8180c0c03c512991d0937482445cf044d837fb0f1d57fe1db6b638
86fcf1d3905e8f4ffe2b6eaf6cc706a8c44132a1df91fe3a88b059cb121b4274	ok	9bf46674fa8fa3ea2e6ee4b53219909670591398527565294152e9556d0629ea
8708ac6e6a4c3614680650cdfef701a731e93de41450a3d0575647c8b00adbe1	ok	641c71edb49348bcdbc1118ad35b4011d925fea535b1f9e846b9c35962d526d7
870962f82494ccf7e5d512c75a60651b2824450b607da4b6d9d090a9a4cf1f75	ok	0b498ddf834f28d5ea96aa3d3da41b0290ab89ef4b8c2c61f11cb6358ada7e09
876136960abe826172b3e4af54cc90d1da931fe78a61dac48e0a9102dce2d882	ok	a335d24981b84a72c88ced3a7e7491f77664548ee81dbdee788ad61f1a73e029
876a9475be552a66d38c58c3856b4232029630750c6d20ab727bdae5fc235224	ok	3dac10c62e71aaa943a4bacb0f2bf373381bf27c582e63dce99c1936445418f3
877b5f92dc4240b40002f8b45b50859abe5874b85848c92717ea6c618aef7218	ok	feedd4ac66eefa5403dcb588ca9b940dc3656e222670185ae62464b2c8384348
87c3a95ae2bf060da3559cde22c084318bdbe667e6fe1b7c1517b35a3df0735a	ok	02388bf69125ca43c11f126be5f642a14af56cfb20b5f8a48814310d990dbac0
87cefe54fb89ae02c755238f083662acb24af011767a39734392030b9b0d4ea7	ok	279eddf7b4fd495ff9dde1607527d138761527325143a5d3963434fabc66500c
87ead9ea7b5acba11e53e3e884b3e839a4893cbbc12feb38f5eda64887e762e1	ok	900ca8896a6e369d627be07cdea5ec7f09d5d13516a6fe35861d62c7a3c76b69
87fb4cb210e76f6a04cb27ec282a91b20c6945cf94b97fc4d4231c92a6a503e0	ok	4688c6164c359e493172def0b8a7cbc31dc0530a291650854a193fae2c25a1a1
880ab04a0f61dd11c1e47795db66e73e91e7660d8e3e0fa792738a775397248b	ok	75cb5fdec9677e6f884ced275eb52ae907c573a1725d32cf753b72a9e3b1a6de
88619824a81b92e3ab61a604df8798ba6152ead1ad65233b26655f0975908b14	ok	0a3ee0d63d403b91138439f223cdb0c6fb655a2f39d5c50a56927d6a6d5e2539
8894d6da792a0f02347642d9a8a042bd687757df386630d8577d2ae9a83e33eb	ok	b87031f61d21b60f57275c59b4bbd48e12b895ca444a1b1f3cd29fc6dcfe9b74
88a62193dda70267f699bdd86dcca15e30f02115c80a1f6734d7861ecd719c0a	ok	fa3245383eb5f1684509c4adc8bb57ac904727ffd503250795476590d99623e6
894acfe85489d0bd4e7c677296c9060ad5f7013de21d01d73cc73b455f367b21	ok	18a147cb285178a7e7490f14774bf3949cfe733fe5d5b583be5c9bb8a6f93c96
89746a3f3bc2830427cd766f7d2a9ed4197d2b0ba195938712a573ec77265392	ok	e2a22aa72bc88f384bf113df3b87003a484e434456f2cc1e78f715454ffe6486
897838db6e67b668a33dffe96ca25fd2690bc7b3c66b3d58a0910e656b443f97	ok	fa3e6e6d3858d12cb091239ebe241b149227e455893122140f202acf07e5b5a5
899f23646b75d51120dc5d32489272bd15d56b83d96e1454d5daf296939225d6	ok	fa3245383eb5f1684509c4adc8bb57ac904727ffd503250795476590d99623e6
89a993ec86c6baed34294d0435e486a53cdca980e369cc7d5928adb6bfacdc76	ok	b5ff6ba3173ae2a1c43b089aa2ab6473a0a6aa413dc89f8c88f42ebc04c8153a
89c1d0ffd576c3ff62b9a1609dcb0cf58a1850d1c26f8e42391db53bac8523e0	ok	4cd477cba093c77e6b49d9af213c79f57126d8fb8333fb39bdab109b4dca10e2
89d437a1ed2997f2582080e1262ca670c1a1058c4fc968fe59858da10d443040	ok	6fa74974cf67a76fb62cec640e1e22dab941b850b9c87bad2f149c86e51042dc
89de6e3d319168415307e738d973c26465a8e3dd0d705a0a2d6a1201d4e3d467	ok	bec6a56b0345c7c3fe5f836b65e44937c69f6c6ef1b0f21a4c8cea4b1ffc8479
89e9e91fa904e1cab7bf5011cf773d9e058da79e4a423a965460e611132c6ade	ok	f7d41177d91fe79caec2bfe03cce0d48a9f8c4d8777463fd9a9341cb04f09578
89ea0cc34d928361250d73c2c4f142a6bc71abfea91f9f8d35cb305bc6c7b1a7	ok	f1d64178fabbc284fdd88d496b08b97693f65ea778f21815d1f8249737dfdd55
89f337f47fefe31a65a9e8be308d5cf51ebf2c8c5b2bda4fd75466fc69fcedec	ok	8806eea57c69bc3c1411782925853d8528e3afdf1751ae458cb08f036ea355e5
8a0158d1839f68c32c6e3f45c1f22277770a63c0889d2312d6a2530b58b2b99e	ok	6e0aa8e680069050e2cd2efe8a3e98a9fa8f1e7544911bad96342dbbec0f16c5
8a0aba32e71331ea7e0e106141fb03461cdf85127ab3b9ce933f55f110529abe	ok	4d731e51a3e16b275728b443bff201db6b90fd307a3235aac62796712ba0c406
8a0e5824b4cc1f5c70ba3057729f2f20d672aa4df0245c966ba20fdb20ca767b	ok	4a84e26c2f5c367de610c0915abc87d3fe3f2bf95bfe6f4c801ad69567a70003
8a2a9ef8507be59b7eb00d6fb3f9c27756d56ff67896b64d48430c386c8b2877	ok	252c6330a59eb71fed1e9044a1a2497631cad9c19531e211e685f29f840a4d16
8a3c1f05312c2f8895f6ed4cad2d4ed34a3308532503f619bfe3cd29ef6614de	ok	f7d7cf585e69c9cdfe2f0736888cbbf8cff3fcdd2b3cf162962f196a7fd4d42b
8a408d9a88aa1ccafef6cbe0ffa6da199705e0058c9f2ee8101105a621163d33	ok	53246dfc386d4d548305d8cb52ada5ed75b876e0ffd834393adf1a0b9f08c2b7
8a4bc49cb82cfe13cb0e550d61d2a5c7b4b2808c327302b9cc98c3db1b4e535e	ok	52170de8f1e2f4eba16403818ef1a2159d2e503af0ad688fb407f7705970fe9b
8aa5c21819eff375d5031c43063dc2b54c5f760ce43899592bfa9845c99432e0	ok	0d3b6db1014e3fc05e3ff8a92fb70f51db09e0d00aff6b469308f813a277b78d
8ab712323218ed697c94717091e6448493626639e3faa3502ef96379fcba67f0	ok	756268b896538f517608a7e3b53cc0dfc03463c696309cee7d44807bb289efcb
8ad8d6a6dbc0408a30654f8bd529af891ddb231345ea271ad09b5a68fb8bbbf8	ok	d08946aa0a89620bd383362440ebc2f8519109723676fd28a8ee4802828f0025
8ad96eb05b1fa991581687090ccf2397ab9d458a2474783860824fa0db0d5bd5	ok	369867edba611725eb7a10c7877f85e8d91b3b2055f24694192a3974b1cb8ad0
8adbb9cd961b96fb4e6361268725c97f9df765b8bd0bc87fa60ae9e8bc8559b3	ok	6f94e35f4a55f7c173bf7b6fe4af06de1c6634ed1ff9de2befdb568faeb87dd3
8b0f710085643f8469b13184f9741245488e69d69496670ad1a50711d81d7891	ok	990daa6108e6dcde7491374db7d536878d1ee1716d9a8edf5180e4d342ea1ba8
8b5479cbe7dfe2f68685ba543821814364d9689400536326ae5953dae60d9aff	ok	690aa14c5d33e3826fc6d8b9945faeae15cbc92c4fefcac029e7a9eb738bddc4
8b6af9549d0e821bb63c6eb9b953cbe0271310f8323ad12d5c33558e04bbbce6	ok	372bd621d49b26465407fc683b2b9b95f4b15b1942b9cfce9dfe1948e75ada67
8b8d886a8fbcde7a21012cf6c663a5a71ff6abab5f20348d9bae67c3ea8e4091	ok	169f8cdf37029f5ab78ad92b34b360fa2dcda35444415aa69fcdf8d8ffc2ec4e
8bcbb5adce0cbc83c1b8fe6ba58632a89e8f4f3d2d5c558a7ffff8c60f093d7c	ok	27be00e9c08d0d539c1215c1d4d6c8d9d61fc21b1c932850e408325c38a27135
8c0542f9b99a135381ea2b5a9a4152c93b6337f94b74e082c676c8a7fed96d0e	ok	2afaf58b10080bd341ab0dad0f767dc3acf9a08205a9033d735958d2b5883f59
8c170d92a87a9da331927360a251477f15348c278f9a6370e78db8ca7f0b73fc	ok	1c2ff4920ebb4b3cec875cf4c7bfd1c1f99b11a64e2c51573249429da230bbec
8c1ec8656f068cc2b5a5e32e78aab7bcd6a49a934dcf16a820791eb19421ed8c	ok	4f9bd0a7aac8d8e16a565e6796da722934a86226d173800eb8ce36669e8f7523
8c62f538b59727b9994ac3b0f1740258621368c51dc940bbc25778c2c4e723ef	ok	9dc77f88b12a832a9eba4b2864b18a1fcf3dba1796b3d714e0bfe5a62748f04e
8c659786edcc10349acb210b970047da2b3e857b8607ae8084d3507d3fc2687b	ok	24d257af3891d5c176678ca1928f91574c35f47269bedc879ad1df05af6319b5
8cac55946cacadf9b74bae95199d427d5e4e592d173c7e7e1f0e2828ba63d488	ok	b6621ae1a301ded48ebd159ced8aa99fb6419b88548928696e85a5dae1b0c903
8cc2e6a6e258fe57f3552033478faa343a4a2d7681a6438fb95b961ce7a09462	ok	1d3bab8c7669b4eeb16a7a0d061447aa600009fa9017ae107fd25dd284de309c
8cca3867c8057c1ed2fc26c6c0b4fa84da32a176674ff16842babe08bc0b820b	ok	ca2db21a6f63349d3c7ecd4ae1de25ec26e9c0582df86c026628cbd9e944c89c
8ce8b91ef31ffa0f6d03c7d7dacb6dc2a81e9ea93007e31cbe7948b712828ac0	ok	dd71a39ef8991d5c6b658366a9fae6d54403f5656f02c1108b7ecb0cbdfe16a3
8cffdc35e580dea74cc64437186c8e9d92909a305d9d89485d72408be695421c	ok	08840635ae74a1be4ed89c11477916fe203ae35296dd3552efa47fc72ecc1fd1
8d0cbc1977c673834aeb16553c370504cb22067eb0d266873595dd2a9c880604	ok	283c9d549c5f18a285bd5e5066da579c6a29f1b1cb0e94be2ca7abfdadb753ec
8d2861c62ba53159d00fe2d2d3c602bee7b645ba0b02c6191b5bbf78dcb412d3	ok	c882f3213b7d715a4a867f8a18ca3763542a12419624fb57ddac3fc14a9d41f1
8d32f66338bbb1f9cc5462ec5266851f038c4fed8345468dfc220e99a6e37329	ok	5d241a782da2a99bcee2edea9a33641cfa918acec25817275068cc3e6e447401
8d4f035fe4f287b1a51f9d65c2ede8aa73fcfac3cd797f328c5166cd81311729	ok	55e817b6348c590dd18481538d38c70214029776ad876ba79e9c393a92dea265
8d5d70afdd42d867bf4f1596ddce88619c1c78e1ff95ebac6125012a5d6c8b92	ok	644f93099d433742f81a0fddcedbf614cdf8f40d0661175b4f9a73c2fb2f2da1
8d65b8f3302126f1f0df07a50e3bb7b69dd1f063e217a7fc6de522e6b5767856	ok	c5ab2471e660974533c91dc98744c70b5142ae92d1a8c9c7d15843107f4b6f44
8d6c2940bf3e907e73ee68cbdd73db84b5ca7b694413c74605b212d77b85146f	ok	d3f44a8d8d462d2eead74074af896470660ac52bd2b1ba93daa1920bc853ab8d
8d8b40583daf66c9b80e1b578bac6b8f5c1a83108b7bbada3f436c6cc3b62dcc	ok	9964329ffde75beddaa23af35142345dcdee3bef36a3239023a25f372a2b8a58
8daf6cce65b6fb3a05351dc4003efd30cbf74f73c3a9d0404cec3681d9b1ffab	ok	6f22803f3b356e6d4bd08c9a6ed1fe357db5696f3fcad83402849acb187db1ea
8dbef3745b9e3d533546df29b2762012300c6b1b8a1708d2ea07b2cd9d6e5abe	ok	3801ace4afb824de9892344e79df4d82e1b05c6ffae855ec4a616bcdce9e3ecd
8e26f72e2d18ae48cd9751fa2752b06e41c57d3935b0f80193b44224b0ac2f67	ok	50a88547df9f582071e00c63f560947898cb082f100b788ab499992faddf5d52
8e3208b82dfa5f1348d77ba0237db529e79a53c4702901fcb71afe50b5948548	ok	d1424a8cadfe49076648e71145ba448e181e20d65a685e78e4f07cc9a59c71f6
8e3f3458c2da6409b241270b9da823122e5bc565d378a8952574f348f6845bb2	ok	545633aa3a082f9e9ff116b46793f11529cbd35abe3d31630e7cf1b264017e7d
8e59279c6b57bde02af5db5ac30854f34c0346513743c65db493c57329e44bd8	ok	1acb511cb8d38cb0940f0a98c2ca973d9f1ba587f2e28b5fe9e9133c5f2314e4
8e5c1691e922dff1b513acca6b8e78d69618ad98cb3b9b8faf140097126d4b37	ok	e2f69780325d27a0b9dcaf7877517cb506f987210370d5cfb5472a310eab019c
8e7374d5d8111c2ff3f576231e4ccf73c3655eec60cf053bf1d853a9ffc98236	ok	0f1b15b9837c68d62f939abceff4dd3e085e61cab7a20ba56d7e96da69a5fccb
8e743abb60869203e7f6255fd91cb76ab73b89b2de937cdfb1958fb0c8b85d27	ok	e7b48b0481996bea9ea7ff4f9a350d13952f22ec9b8b7165ae09f40a8d88d667
8e800c5be2fba2f54c9500c1a6ad1437123e808c4291f9fa7a59ff7939f8ebe2	ok	a9a13000e5c9e7ec3af0f261de9c4e57157ac913e41a22b365c92654e2f25f9f
8e84277e31af5ecbd106c0fab04d542f640284d8dc9aa91e92e6ddce28062d22	ok	4c4a2d24fb4761d014076c0146aa6e68571641fef23544cc8588f785331ba36e
8e993a2169457b3e69dcdb6528619e4a43f0e5f240718a57b67c1fba3898f999	ok	6b2d69a9530245f95c2aeea8675c586d33e106e257e73b0e0e6e17b1ab2a235a
8eb34e58d0b2819031e61f235d320b7dbeb644a271dee708bca154f526feafdc	ok	fcb02b0f2561d6dba1917ded3841157268d15799e7f00e28f32af0e9337fb73a
8ebedb17eb639ed193b914b29f200eb993be6e7ed7b88c4f8485cdfabec124f7	ok	19446c648c9050f49e4d4920acdd63e484e6862f37082e1d53a8dd4c07478966
8ec14384e762f81015129210e73d67dcbd8d3becb22de1eecf6de2bc29707541	ok	9301521712a803001a15f0630da6605e7227e810d041d9148dcb46fc2d2b5b93
8ec16cc1e68e4e4cf1448ca4463658a723d120808a9318a2b7ca51e8d3d06ed4	ok	77d5e6064259cc4a344e4acac6c98a5df36e83d7603aa5cfd800d0b20848d220
8edb2ff0376eba6e08154031e004b4821d1b8d09793634d7123a101e1b8a5e2f	ok	77d5e6064259cc4a344e4acac6c98a5df36e83d7603aa5cfd800d0b20848d220
8f0595f7bbd97fa364122942040ab8c685efd7a36670539f4fc864ae5e22f35b	ok	0c740502da2d7c857074212cfeb08d5c058934e0fb6dbdf63e48e752f14e7935
8f15a675c032e4311f0cdd81b90e1f40938fff71e71ba3e1fb8281469c1d8a94	ok	a5f4a4327a740d67323f2c8812325f8004c37dc11c0ee1838e3dcea18b7053b2
8f1ecd0ebc527a654732e411149bbc20845b263b75097de0b32c9dfd2d22bb3c	ok	dd9396336cfd5e2ba0df00efd4c7f27252af655323a500438b0e0a7eb22cc816
8f1eeb028c0a7acd8882c46be1c04b4be788c4ddc5db6130ea8b0ff6cc73b03c	ok	2a56f63f63c2fd172d01707e921d7991bfd6a75a215a4b53b47bb28a972c08a0
8f3c42154299470e7c52ae21dfb1b56a087e2bfa098562342aaeddf23af15ce7	ok	d2e5b90c7518f80dfd4053a72d6f6f9101637dfb41067d41ae6a32a0075bc579
8f5260ca5b1b7bbc1a6e3185eb9608b10c4ebc7848a099507607ce1d50f0214b	ok	fdf52193f11c6d54bc01fd90a165bda68caef86bc64015375282356c3d2648b9
8f594898c571e6ae2bb730c3d18494bc0507acca2ae35dfa575c182caf53c8bc	ok	1acf7765fe2fd3ee119e76627b4905b1834f3d32a8a09793ac5f9c667e7bada4
8f59b04efd681fba7635ba70d3ccbb031b77a6c58bdca4812dca3e0fa95b1d67	ok	c6424b0873f86fdacb4d2b9c1a504eee5118519a85bde1e1fdb2af95d70ed87f
8f78b6a9dafb4b020c3e255d6f73a3038f01d510d6d45bb8f94b580691760ec5	ok	2741b9439fb46ec00f61bae5fe1a11758e3e634b90499addef407803dba9a3fd
8f895cf42134df4d633819eb920e1a5b7cb5c9f00d36576352546e7cb4c4c482	ok	1a3520c6fa0176d240b7c7635749067564a62539d279834e2b63abe629e30c16
8f97913fcbb184c627150fb394b07ecd4e481fa689ac5684ebc9922906f16f58	ok	6d5e7c251167a950be99e5158833a6136a6f0150604199faae930349dfa58821
8fa9ad5c173e445a14d2ccea465f7703df39c435a97e0c6b5cd4399a06162e6a	ok	a8bbd1bf0fc8c0970497814bc5006633720540c664dfb98febcb9bcc683dff1c
8fccdc3c3dd55f97b57b324f9de815b40b9afff4cf777e99b5096f1e4d008519	ok	b0c4b66ba49e35d45e23710ae9d1c638d606038aa910c5bc0c786761809ce9d2
8fe9768159f2f6868d3da97c07463ce5a9ea6663c07bef988da12b79f56e5039	ok	746b40d2c91d0cbb25cf81c815eafad34c9181d6cdd6b9522b205b6a34260673
8ff46d1f2c2f22f2dc17210bfd4c1c46105431f07f2268865db63565c21bb8ae	unsupported_shape	-
8fff50a16edbb8fc0485586903e08357783ec95d681d439525d91649e0c3befb	ok	74ec8e44404b80fefa4104470d247d3ba20f29bfaa1ab8dde801f60dc83dd385
900b2695fe85dbc435b7e7e83e119e7933c6c19845b8275a6569a53cb6386df6	ok	5736b96b33d24e3faaefc68378a7cedfc6f78a9b971ab43849dd89f1e293619b
900d08d2947a5100a62fc39c0ce6293df51105dd5882452f7fd14f6156dbd6bd	ok	c7186f67a8b3550e65f2a11be8f71a2525b63ebd31c81df2048d32f686350f49
902776b2ea8c2198e6266f6e3b43b7ce3c4123bf8bb7c816be9f642500288932	ok	dee185af2dce49f13f72f3260eb19e00540ced0d86d90af5859b68be75223c34
90349e8fa07ea6142a832be6a38fbb1a4ea31cb21d8bbfece1b604ca1ddae9fe	ok	8f57e30a95e7a3779b34dc718cdc335288ac980443571dd8f43412c8838f21ed
90369367d4dd462bb462f67fe97ff433258e40e28242b69ce4671065f500fd89	ok	a874bf248bf56ab47a65134573135732efa4d684012b37570bdf0f363bcef124
9059b761cee713b7305c61eaaeea3ba08537b025ac7b467e1b23f7e381219574	ok	11210870be770473e0beed645d83a71a73fe68545bf613a7cae39b28664813d0
905da458f7ce83291b8d199da7b6f27c620b7fc88b863c8a26e59e280d2acd90	ok	068762da2f197b3b46779dff25cd51799eeee1cdfd0ee9b25da777308b0524af
908481a2566d3974ada1f1268a3a52e270d565ff8ad86e60579f5d5f927466fe	ok	22e6d1faecb44960ecd334c7dff25c0b58b2271bf57de10769173145657ae652
908c89cebd5dbd0e3538dfa57748031989d4ae44ea5579c2a24d0c43f2fa7e16	ok	31993f5a4f5593a6df0dbb0020146dd070199751c4deaa1964fc094555571399
9091ea268200b710aed2d7903dac59a13afaa1616dca709a0378fb38510a667b	ok	855b97c1d75dd1ac98a6db447ee3f1310d198c0292a8d053bf1513b4dde3f3a4
90a880b6f3bce1507728c9882c10bb441c4a2348b34c5070a007e34c17bd7e02	ok	a109cc585d4d21d55a5dd4d6593f0f4a4d152c18e175017cdbeb1826589d7a5b
90bf1701496c8db7f38f11b6d2bfc51a8bb362b33d36f1d60d2c49a115d9a2b4	ok	02d625492c6044279f96c4aa808c351d225727f4989207f6c22f9b9003650336
90c203311094042e7ce60622c991dbe6bd5ba10fb953b97ef1bcfd98191e522e	ok	c37b6f481d28753f1bf6fbd590d361e951647a32fad7c64a382f73a0b5ee9481
90d4ac928e2fb60b0b0d3311891f9830aa0666b326580288cba6492df56f5db1	ok	7084ce585b5dbbf7a573239a15a1f6522d1a96ca71d3fe4cde7eed5b9c87c673
9102801e58a2725e308adc981fe334b75f9ce82631a31b43285ffb26afbbba9a	ok	22639dd356974c1d79569a6e2339de87f8d0fa4761eb3b8ab3248d91baea108e
9150d10f7a9e63a715930dbab868244f615e1c0da619384825fb9c2c045e7cec	ok	03e200066e8fc43bea8e0e1d8046157b2fbdb5dbc38af1e022975bc69187a342
9154d63d8bc34213a5c13bfea83c3e1b2e3a7f64eb71c5b11aa3750c142d818f	ok	03569458772fc43ab682e418e9e0bae656ce86ce01ca1097838bac9431f25aeb
915afc17213e0d5f292ddfb76b7df23deec4ee183e4e9e26dca9d8fcec5ef679	ok	1946f2576613c42da6bc55ef56921361b471e338aaf56cc4475124b817e4eb1b
91829ce8623f38da1e94dc8f314071c2025165dcb4838e69830adc2d5c801f3d	ok	7507540e3cc330514226463b2e5c3e99b5b232737818bd23cf76e7a5efefe332
9189051a39f3681f8051e5a76a47aeb92b86eaa7e9f45f297863ce6edce4814e	ok	05af807c37006bc6dac18ab815a001b93ba8aeed4435df2d815dfafc181168dc
91899056a430d43d4c6f8026a3ac5ca6a38998206e973b5ac625c75b26d05c1f	ok	1203c0c3f01aa9d21a8ef283eeee33c9ce90b230787c78b84fd2ed3734b71128
91a43c16e2103529a8b7fe6f1087a94c2e7064a966861f3455074164624f4d4d	ok	58945c1b9b075087c57893b58b89e49f554d44d8c56c998add96b4b97a6f1061
91c83e67fef7a9c3b9dccbb9ba447aa02181be034a8d76d998173c0cee905402	ok	285530170f6872c420a91e52dcf2cd105e7836bd6de81f99ba7173a161d5015d
91eaef1d773a3163bfffa9b444bf59c585c7968cc018f69fb4b2adcb0307443a	ok	d3e817c184d90b8ca2c5c8e2df2cd58ece0b75cd61b2cfc8f27e01f0687dc4bc
91ebeb11dfd0058f994f9d624f63d2fd1cabc64f06c812cbbefd65b3b61b4165	ok	bfe295c497e6d35f8533fa7e6e8c7b77352dff6836e3e02e613ac9daef8c249e
91ed7fd866e4c3ebea903e74e25961d1716f50aa9a2786a5d7a0fe661161d9bb	ok	bca06805686d154c40149c403bf8520cc934a0d85acb868298f5676ac3e5c6d0
9201464fd82e425c20c3a091a7dfdad96e47145b36170b4da0ac814672a0efb8	unsupported_shape	-
9209ea639bc887e6b46006c3662b8f21a765164dbdbf8fbd0a338a5e43ade105	ok	6c1e89c7ea6acaff6c2869d94c5e4339bdf066622859619db00014a388be6bcc
922700375f801f745c12506108bdfb84a184f9ffca2c49d55757f3e65002bed4	ok	71356cfc62cdda906d1aad23a113d2175563db8dc6a3fb43ff92afb7b65fd7e6
924170d984a693bcd4139cc833e7ee01ef3d6c3a573e3e1e8e9977f0cf31c86b	ok	dac49651110a373f52e182dec5a8b458036f73d9b5743413bd05c1c0c542cfa9
924bdab1cdf3300c9dd7145785935893cd7672afd225d71af1ea77b17ae49b4e	ok	92bcb80e53fb91457a00955e3db4d723f3155cf5b2fe0ffebc789403853d30e1
927e6c45305ac9c37f7134c8ae0fa470d239a81770fa5aee2b9169fca7c67dca	ok	f19a4d5d3f5ee62f5e7e24754e2792b982e7b48ed5052e99d6526e3ccd51af89
92bf17b8dfdfe0c529553548b84ed491abe5fba0fcdbc6b976c56bc10c326d0c	ok	63005c81a313c59dbb8811531d2c90a42008aaef463e149a5c429f318d37b89e
92c869389320e44838188f6d1856ef87416127a1d5e7cd0244007a043a9ff007	ok	c34f665793b1a17093c875d7d9733e4f0e127b1ce647830025f498630659d8dc
92e1aa139671a715e31f85652260f4b29ccdacbc5e5f7de4b53e10b49070fe81	ok	95d0dfedc9fe5cb955c4b978aa353180f6aa0d47f703392bb761356878f1f844
92f45dc0928370cd98c8e4434168031016746e0d8270c506a8f3574a390a605f	ok	f8cc0176c2d87ff8211219fc45a6a280c3c95bbe0b8d9faa471a0dbf97a37fe0
930f326d4e1b88903d0994171b9f4136ab68feef271973c2f63eba7724616b98	ok	62a49626cc4cbb75c6c5b9e73d9cbe2a7776215429f6ed1c8de027a3103ff45c
9323c5abd9a0cafd4a9cf7035be6c6b317e55a5471881792f75677bc4fcec60f	ok	84800103d400bfa0223796baf2ff5439ba46f313c66fa50a956dea039a05e6a4
932efd1eb7eb1c5b51cb0cc9483f1c51274abb3039889eb2667d504b037fe492	ok	45358d9644265938e422085b56ea0c7591279ba4d47efe43e61916af7c3f1cdc
93373917c9b9a61ccf14ab4dddba51a5fb90293af9b083d4730a591b819889dc	ok	c824a08d3c6d8af44d3eb68f0f2ecf8fee0b7da6c014f7f052f05b5ed865236b
933b3a80ae28cfb767e7f7d96c8e353b0bc05694406c429916d1e2b6c76679a1	ok	4c9981709ce5eb9d6c74a720afadc0a6321ebd7c5696759a4deadceb4f43916a
936859fb201e11d081d447ae08c0f92ef8aaad1981c99fbbcb9e9794982d10d2	ok	25e97da87276b2d9685073106cb5d6045c0dc129810fca84b7d94027ec803073
937dde657cd215e0af34f1faffd8e2ad5488bd254d254e1e866ea9cd25e31168	ok	bf17b6d8d0009e8499710dc529306e6c17ae6c0b4729a8911d9a0d45eac8e522
938172e2d4881cdcc98139ec02e24dd24a4f01b4bbc7feb1c1a20d488317bae6	ok	0d413c422119195208aaebe264f7b0cec0340dbac02500b639dcc83ddad5a256
939bac36876299ffee35772b0d8208801c5e8bdf45acc25e6956ab9355b98573	ok	6215cf52dc37fd6e25f20c9c66ee2eee4944dda14038041b3f76ec533535a5f0
93a4be41f392d051dd95542dc6a25f3c1b49af9b257c02ae0766367d72b3c6ae	ok	7eefe4cf6072a7a626fa92cb8c20fc54653f6152b1e670f2de3b02a4df9b07b6
93b5186e561a26d8c568379acea3f2725c6e214bfc5a7d2ad8d1f5d0cda4505a	ok	95d0dfedc9fe5cb955c4b978aa353180f6aa0d47f703392bb761356878f1f844
93bd5c8d2adc5ca5fffb0daa370e93021ca5762960295a88b49050ceaf8198f9	ok	6bdddbc8af902be53c1ed3f23c2fbaf200a46a547f54b4a5a74de1104ef06f84
93d2abbaaca22f78a6483bd9dd2fc379111b45f89de060fe9d1c942812d1229b	ok	925dcae0a2b205b3f30323dcae7a884dc5a9f832fcd4706b7205221fd3f55663
93dfe9f6a4900ec6f9b856a3c67021edc6042e7ae6e984578997a23ff7e2acc5	ok	643eb7702d16b821c9a6bdd06a7df619f833db0983246998bcc5a0d898f48e13
93e596026627199b0c3b6319a33502fa27e3f7a68197801e1b5a128483a98179	ok	934da6cdbbcc6b3589fa8c0943c8abc6ec38b6519f22d4e4c2eb01b168830807
93e6d44f2c5324ba495079ea0c80ff93b0a1b34d110f0317f46220d522cd6021	ok	f7d41177d91fe79caec2bfe03cce0d48a9f8c4d8777463fd9a9341cb04f09578
93e7ca720b3983513b0109c78c324a2f312e8638dad3224e228a6a4f45f1c27b	ok	9a56e25cb3b91ed553f7110c25506f7beae996415540276d49cf724984f7893f
9400d796b944a2c4a7efbb74366a297a9a6a82933408158af8cddbe0de18fd60	ok	f1ffc63271c34f03c712df89420b4d5e5dda2315ff9f66b446e2114da6988838
9434f62eac2f0130e89e67de1b451acf40728182eaa277b67ed4e48ff2068084	ok	473a9eedda66265e0f96fcebfe133c31c5c7fbe6a1befac5ade19bfffe4b5a07
9447a97e3befb167eded44b33e6e62b8999d32ff18ae2396e400c4cfe6912fd6	ok	ec75e0fa4c8c85d4ad4a485e0cd31f0dbdb5a5e30208f57a7aee230ffce86cae
948217718d4d3695f1aca3cc360014219fc03d9c9220498153e908df8b354a2a	ok	84bcdd74537bb9a9d6e7536f6c3c7e2bc7c9afe4171402bba46621ecf67e059d
94bbb512a39f946d561cbeeeeed96b4d76429f154f8cef397720ecd3b0eb4608	ok	1c1ccc20b36e7fd5d7ff20842e3eb2bee5edeb9c32ec0177a8c0acbf2c84719f
94c4aab18149e64cb3f2d90a22fff858d6ce18614e61d24af49c90bac807b391	ok	8190bbec6a8cf63cde8c76e536a117a0efc0dfa98b39fe46ea3ad8e08cbf1725
94d5fac7b66e2a3c2c97805d3e91787b35d1cdec5c0855faf63a5a1df6e31d22	ok	eb679879d402380aa7b652b058876baefa97d83260bd99e2f83c1cb8bc4f73a1
94ea0be12e090271a2130782afbdce6ab54b307993b72829b22d56d0c2f27117	ok	cd6819856c0ca04adc4d9d29104b8bd9867efb1c6b692aabfcb0e3d53d65299d
94ea1db5b7be81a9f934d91fc970b083f75cb4d5d2266d170a5e71a97a500b2e	ok	f8940c2c3d5015fc5429d02d1290104264ac523090e52d5b461b84b9f51925d4
950d5f8cb91c3b7be721f5dcddc5fe8c97c35f05c254272722a673b690c6fbde	parse_error	-
952d6a3c01511a726df768ef44c8b6fe2abfb5dcd82629051247478aa3abc9df	ok	886b5782284aeb1f81d96f53204dc9d0886ee06f554a4cb142d28a2e9ee4441c
9559fb1d2a60ce83894c07241ca6d113ecc089cae2bfa887a085ae12dc2e55c6	ok	1ce4be5fb5792e20ce061301a54ea08894a8fa11218b07457f906890c216881f
95748967928a9e794569b42b9627cd339a66b4ae7f5263fba157b31cd74e0aa3	ok	7548a61c3d771a34bfb1795d4c9d6e706276e961b1252907f81a7d046bc7f298
958cb4a41961ce9edc8c04491dd828cd01ad2e9e9430525dcbfca457e5fb934f	ok	71bb758b96a8f1e94cfd8218afa860c1ab0f27b4a7444044f52afa63df476b84
959770189898c873a8bbeade6c804f37c4b67478fe25e56be78042228613c3cb	ok	7e2751862f12839150e0463b269bd009478df0d60db7c4b5fa0a075135c2ce17
95c510cef713c32f8fd781d086e18e33a73d5f49241c399605c63899cbd6d9ac	ok	910301b575114699617db498685cb4d00f5e00205d56c8d94863e164246e287e
95f05928074c60ab3f05f5ebcc7b6e2c3635a49207c237dcfdbf35334147a65f	ok	9ef0d49da8363c1ef16d7a7e14cd746e0535e93320a85d9acdde6b1545a4f09b
9606a8c830c01c21bc07450be824a8a7a4f284a37c34936f9e6a5210a7d8a864	ok	875371c7d0024c474f41408fc44e684106bba04ba8b25a610f3a14fe2b9eb7a5
9610682718eaebfa944ba1dc4fa94bb4afa8034a94d80ed8dc3d2366940ca27c	ok	883e1b6ec95eda7e1115be6b9754b4a0a0bb39bc85b61149be0e8a210f1c5a2b
9613a90d3677f7526a29cb07edc205702b71825c4d13a3b1fdfe53e109770c34	ok	0664e853788883f8f037522148852c8557d1e0e05d07cfa80c1b99272241cfb2
9619c0ccf59e68772f2952446c15fb4f7d98259d134aa20cba925ad1add19240	ok	384771ae15fd70d01db9c8b64e742ae9c90368a8394d73028da2ea0d01d93404
96205354da644344edc0183addb7661ecfe0de827002398364b126ceaaee0db6	ok	0e5648b91cbee4eae3b200d42770d6e17161a1cbb7ed3e086f40ec66758df55b
964fa155baf9e58717da1053335a2d49685cd41c83b6597cea4422491b452d12	ok	f495b1edd3f96a38d79f7cf4fa42057e68923f12ce747f9944de6021608aa518
9653c428380df5788a37de37902e6ddc78ad5f2e20e14668d020ba37e79aeb62	ok	f3abe27dce7af03f4535769221810916752ced3a043e6ee4b56fa44fbbd27efc
967401b7fe58f1a070a545d467096c5e5f3594543350eaf85906f64586c1c11e	ok	c321841adb09dad6376bf926d2f30e91dc64868d68f42769f06cf41f872bfb31
96da0964c5eb4035e6c8c648df82ad9a3cc9413c9cc876ce5f6c0873030eae5f	ok	79ebe1613d0ea1f8409592e692d8fcd33b1ca47b2a793e68b617687c4e7633d8
96fd7ea1803539c908302a09f78ad1a7f09bee726ca92969e0966c4004c50070	ok	e9be77b25c13d8743caa1300efec57a7b607edf800d8397189066f6a85ae8326
97072718e8f9a7f32b410a5fa9c17feb524951bc46e4d95240a68224726d8b08	ok	f21c6b0b8a4d88bc1a26626e4f4a34b74ac995756136572b3fb3981e8729813e
9735b9211aa9fc9a053c48019f97383c920c4f7a6d4fb4175622d3052c13b842	ok	1cc401049e4aab303e0e586d74faf272700597e82db037b092b974349449cbcd
974fc368afc44c274c0877cf225e7d62dabdc4cfa0d3bf1651f9ecbc250530cf	ok	016e7cdc59b13f5ca7b2bec773765fb4ccdaed6e70db6e661824b1dbd45c35ce
974fee1e3db698788772ba0e1b3b8d2ff44027e28fdff8cdd9b36acaccd427b6	ok	bdc9cb003b6db67277e450abc0391bde7301916da0e901f0e8424a498f85d3fb
975cbed111bc24e3c722014568909be19582d034ca1c6809eba000ea0a191eb1	ok	1ef466ffb8e1fb37c920447822a914ce5eff5fc9d63c1db8a4adccc4906261e3
976a5cfab0eb61ba92278ee8c4f5b0838e7453c341ea18b9b58e6ce6c128054d	ok	cd08112130caf02a5dfd907e64e133094a12f9de118b31a7e954544a9bc27770
9785746aa41022453bd102949ab0a0e889b9e3752957d6c741643e33d859b3a0	ok	b5116c9cfee2653d970c9c85932567ed7a07e411bd17f1a8c98f96736fa2d76b
97b6c7a805bc7b44b3fb059fbf7d29ff4251eaa0d9209bf201a547ad6ae0b65b	ok	4725847f205c65804ec5f50cd11d5e89ac38834e17ce77d715a8f7f4aafb381f
97d44f74d581e393d32821ff4f90296c6580529051b71fad938afa39499543c7	ok	f2e6765dbf817b4a11098101fa45dbebaee852b638c15d78f9a414fad561db31
97e7881c668292c06811d7cc8171828de19219da0c8efcc304b776946be05a22	ok	c4df38ceab4ea50bc0b60fb4654472ca95cee6b6f21c609f5a37fdb28898adda
97e93875dc45106a205cc33c5ba95c8d356b949c66d73d0cbbb0e761810b898a	ok	1652fcfadc00437991f78debacec06707cafd31ed90bbea2a97b9e5a013d5046
9808b98e1cf380313e42939d1fd8e7ebbcd6ca6099369e1c56268730aace9a9c	ok	19490124ccdb4312b3a82347da0fa4d19d89319901af09acaf56318428f4941c
980e07b0dd2d31db279e4e0604822536387fad1132dd73ae3b2d831cd8f768af	ok	d4539096e63aa79fc920b669e51234ffaff3af31efd333af988f754a520e52e4
981389f5ba4d2a6692e9584c2d293ab6ee7c61a84247ae53eb0ac6072441d6b3	ok	f5b76df33ce7ce0efc425e84c8833aab9e16e106c2c5ee5832106feaab8b6651
9825dc24f27fb13aceb25178681bb68a68101d3d1bfc8fc450067af9012c74b9	ok	9ec85df791c44085b777066ae6d05907ce31b2a720fa4cb5841f070fd2c2c5a1
983a985684bbf237cb92f2d2655080dc7dfec00c9818fb6863a0a96705aea56b	ok	99001b9648c1bdc1ecd9bf18763725787132a4b40550fe9934bc2b8f0dff4bd8
985b0e22862c17ee2ce25880587cfa254b0c7ea884a4498a92a097c8d794e6d8	ok	b3178df9620547992fd921f150853ed6bc09acdaab13c2577e2ebdcd26350ee6
985cbc6308d44ad5e40b2087bf57651209c19998b4ce98f14a8ddda3ab5d2106	parse_error	-
985fb069fbd036a8577b099d34350f4615f585477bcd8d5346e119d35c9ad545	ok	844f7faf41d01c63c007f6966ceb8bab77d45895bd74b1254e62e49f7edc72b6
98bf1045e0ad173ec1e7c3faede794233e34c6f94af2093c99ca2024e7a379a8	ok	5480b6fab553e4d25085db252f7c91e827ff043bd4bc10ea0b6ece2e11cc5d80
98c97f7c3bd8ab10b92692b07d3bb662d655a75e9a395dbe5bf163a70767e270	ok	f31698c920cb9f73f1e39df49ca34c3dfe847dcebab4f40880bd1083daf69b02
98ef60d2e27f74767b911e27c6aea1056573a2569c09cec06c0d374ed2fdba91	ok	3cbb20e52e33548c4299718d1bac40cac91262a7fe83bab4a365f33641d2dbd2
98f07c3a73f26af52f33af4fce8c4f840ea2c0ecdc365fdb3b276796a148d734	ok	4d75e5589177c6f7797beedd343397663996ddb84582f82c73df9392f8396100
98f07d6776ae22f2254d8b3823865faa2d1ae0800c08bf069b068ec0a1e51a39	ok	d775cd63c49540f9768ae9a42f65d99c7bfd5a81d81dbd3dbf8304f93060f36b
98f2f83dc1ccb33f68f7cd72cfdee4f2bc4f517fdd84c183b662e101cc19ef63	ok	0fe9a03994283b1236358af34afe95b0840b6850ca6ccfabdc61ee4a4390a7a5
9904e5e450d3cb56a9fc7ec15779d36c8032ec87a4905ff58051b1962d003aff	ok	e9496ce1ab673f9f21064a659bf9727c2ab9c2d4030e5a3c43101a0387f5c7d9
9906bc318d2e7bc6478a2608af76589ed62cc8e6076563516d68dce93cdf3f1d	ok	f6a12447cd4a03cf7386771d5c6177ae41026c8a9ba1a95e743c8e8660940e09
9906ddd881fac5c337685a6823923ea7b33e1bb1d5ffaa65eca13c4e130ebdc6	ok	a81377d7ddb4623a2010fc2715448a78d09c5d3a76af58e79c7f881169c19406
990b1f607c3ca9564083548f4b4a04e200083d2386d4ef1e701121b1bf144154	ok	5193f14c495afcf2d9b7baf017a86679dd7a72a9142e66c714113b19b191abcb
99347ef8962e94224e67a5afd4aeacd02301604dfdd11b3575d79483f6e4e9bc	ok	9b937da1fa963f4f0ecc957c30916c7764daf227b33becb352447f53b1e52d9b
9936bdb91861117571ae67267f371511fd5b94885e94a5601c4edec65abda837	ok	9da984b8c0d4372cf3f9033fd0369af0d843bff298a259b79e3cd0b30eccb529
996463fade93f400d48a3969427c3d4631ec9c99f205e3b5e793efbc3b790190	ok	cff74a8354578d8781f08b0dea211fa5453c8dae914b524a0f608630ce2659dd
99722926a4ad9f74dca625912c0d4c878ef28a615bf246549b8d56d4d4beb1d8	ok	b01b3982d4ac5fda932e806a45b7c80b0359cb94bf307341a722a553c74006fc
998f6bdddd44c103b95f069868a2daf69a242f5799bab1dcfa547785ed0d983e	ok	284795b98c10183918e66ad4de750eb4bf9443dc94e4725d93f0d211f35c17ab
99a06b5b30fe9c40081d5d51cb1629a1209f1be13cb37c5ba52b175ea2da153f	ok	c30aa133d8ca340d1926e21fcb66f33f259469e39b8ae30d5df516c22f301730
99b997432138b2bab5245d1073858941280193f7228dfce9adc879fdf6acf92e	ok	862ee3ed5d1ec6c467b99f30b0b0328b1e8e8422d55bf1b4cf83fd92cd37fabc
99d2170fc1907b47507ef60d67d15bfda2fbf1f6669d90cb1cb5a6286ccfcbeb	ok	01612d2d3e092ab11cfe4581c853611dff28495c973eecb5254bf75141e6bb4b
99d2c8702ffce847bc09de5a57cc2ec09e5fe495f3640246a18fe23deb58cc0e	ok	b145613e0ae5c803401826a7cfd0abd0aa99f080bd2542e331cad3609d830754
99e7b593c2692d9f9d87195a6bd8258a92d4c9aeb8949766d4a7335dad544cd5	ok	a124d47ccdfc881daf4719d968e03a1c9419cc11c3bcc172454f51b21e7af030
99e7fb32e9ac7d936d7c43bdc8f544bab1f6b8601a6c55ec919a57105fd439c6	ok	0a129cf4df654e02d87c6b57934f6a9f1df11a187b14aa58032b123c54bbaf63
99ecd933b5519423c159eab8964f8f71eb092953d4a09527faf8f438c1009ab1	ok	68e93bb34745d2fa60a574e85f00a059246e944a05944d9d6502e3ecbf2bbb70
99ff89bfe98c74c027138ff8ca5f5bbb354c3bc2318800d33c45f841a64992c0	ok	5bac92f628d19b26b5488cf93b9dc613cdf2233369083b14875ce040a1bf0c3b
9a1ca8219f8779b2e1d8b9074fe4d3790d1a80a0885f3da008abd8eb28a1a568	ok	6caaa19c8952e6cfdbfe331aad9b1b451ccd2fe7f011df7610e23869d0e151f0
9a2080bccb755c4dd415cef4c19916fd11410c043acd7a6828ba18b8417c820d	ok	72a142cf2a659dc1fd72b835ade791a3b1b4c79adf0147f763c2b2ffb80f7930
9a4ca42844e9027cde91e4d4df5dd65e2f287567670956255fc0a85eb1303c87	ok	678debdbe185b7843ad58a860d4fc5880db6d501370f89eab14e74d7addb0c09
9a5925abd8210d4b8eb80195a6b560db7da3c43b19def393f3be2de98c7e5b63	ok	21851f1985ce6005168b57a656bba7d451f5e97f6666fa76d550fee0548c5e78
9a6700e702bfb5a7f0067fa4791e6591962086f38e6d3c72ab7b50fdb8228fee	ok	4c3732ec9c07470ca2b5ea6d89093b1aa4379a75b0110cb996e6f594a379aa48
9a6cb59234271eeb3d9dc642661431c45c543e832015d938da3f5fe01c7cb80b	ok	fc8f3a548ded865ffc4c6874053794f7558803388ce82e842d5b2face09ba888
9a707549625e0290cbeee795ac8158bcd2771ee275b9b8efbb07f6b42aaf4797	ok	1f42e28e4a6a2f0dd9ace71595dc586afa4156e1c30cc437e56f8f03075f8ba8
9a92849eb0ec40af93291dc99f1d6a495ac16366d4d33f5bfe4f4271475f6930	ok	156822e0782f037eb4a87b0dcc0823dab6d665670dd1f7cc1f00bca0d27f3c6c
9aabdcbd6bf19fdff29f2e5b3a3b1c6b887a070868011965915bc2dbc48d1f54	ok	dcd379adce0ad0e96953566de40a31f30e3751859a1646768c7698ade38a537a
9ad4b451c4db3e15e3bb860a8672c65f63b790fa4a1f84df106475b15759faa4	ok	6c148779d7a3c38e3501b1d81dca5981d73a2ac166ef8a521f084b5f52a7b7d8
9ad62fb0c167901209cb97e72634ddb925488435d466d58ffe0b0d5bbf8e2f2b	ok	28ef93719d8aa1ef2468c31a2e65288c10461527436c8406c758c638d9d59300
9aed347458eb866b43886acbb01547a87f09521699f07cec59943ff1a04c0608	ok	285aaf801cf81f2e8fb83217f157828c93b27fbb7360c16b263e7bf96e6ad440
9af6750c5e288773de976b817882ac216048fd41ee3304252aace542bbfd150b	ok	6482d2f399f06c2343f87299049ed2d7b77f2008d50e6861a0edd347e987a3ca
9b1f3155a0924b9ad8e1e3d8150cfd16a2718a16a1b81db4346bb20529d89435	ok	e7ffc90d9d361404bd00b94c0c475b88a0861b65dc40753eb264756a71234afb
9b47403e20582accf275cfb483cfa54f29d21a901f80fff951d86344bfd4ae20	ok	b8ffcdeb4d4eb9dcf466a8776dd4ed126e267f1f6a7b4c610b622e8b75759959
9b84fabffb4376d42a8dd1194a73d4ead67b5aea7801232063c875c9072ca97d	ok	e71967a5d49566856803d09ba4ea79c6d97392711a441189c56c07ee868b2574
9b98e458cee967335c2d72dac4388fdf8bc47125d47e7791e66269d61a8bdcae	ok	2ddb03a9e22d57932c8e423d1eed872cc4bfe7c7444f7d4bad9decb63e6495dd
9bbcec0a0dc0975f665336b53f63b9c1fee4ee77365f65ecc6e2f09cdbbacd74	ok	03f6e3edebf54868b1cf36a36eaadee874e524f59b869f4f2069c88dba23f658
9bcc024f5880a4d0ed32bb50d3a8f5d739eb5df5d1275fe7155f4ec1b55e59b6	ok	5db45940d47898a444aa29fb198bc3a5f137329122eadbcfc9812b41b06fb305
9bcffe803f98f5d9ddd4f501a760f6883018b361f667bb95aa6726ce6c886be4	ok	c311a324440a3724bb23962b514ebf70a94f2b2308f1f67ceb1e43ccb727c5bb
9bd2c0a2013b1a3513054a4ff091e105ee78e0a645520a93cebf7a1e2acb0c39	ok	621149f152d000637bc17990c44e047635a2512fb36ccfad404f6b9b87c19408
9beb48dc8d81f4e7826fd02e5d2266ef8ace73bed37665280f7df846720329fd	ok	23eac68c205423f73b8ee5c606ddda073f4ebddee1e1846c4578cf4f497e38a5
9c0faca73ae00a0aea05ca9b8e0c3691a4f092571a33f3718bf504f3d7fa107f	ok	842894cff44b105a2b07699ded8487cab9d9f7a382a1e74fbbe67b46d829b659
9c16b19b46d4fad2203740a3242bf8060f5ff4b7e265b9d60cf82c02aefaf771	ok	35b8cc01dea44a2140fc6ed25436bd08950d996bb7bacd9c98e24c4bcc75cc4e
9c66451dcb3bbfafa1c86148aa665e86ff9da8381e91f151c4647aa78c2136ed	ok	c33676f5e566150d20fdb2656249687808f45360695e5fa80cb710ce38c1d02c
9c8208d53e43e7f9b20b7cfa6b25395be20f58f31292bc5d23bfccd9286b4fcf	ok	c9b235b8ff54bf5e24f091ea35263381a12cba8febc603ed81ba1ab5bd438e01
9c8c8bf94567110a27da15c270daa18ff997ba3a0669ac3c2c582b4718125e0d	ok	06fce89329b019bbbf0ffa74a7337e0737bc29d9ffea19f4a518a7271479139a
9c8ffc9e01bc03a56d16b38ad502c41149d67d487bc9eb83ed870749d90d5293	ok	c34f665793b1a17093c875d7d9733e4f0e127b1ce647830025f498630659d8dc
9cd0d394b8de95b6a94efbd433bb9540e5c11a2a4361397494a96e13f940ce98	ok	69e6b84724c99e0e6f9e3ddad1a0a2d4d7b5bd70b689cf6a8719ba0a8c4f0793
9cde3a5006265e4a3c6e4e6d9125f525da7c76c4965cda5361f9294450c53ff7	ok	68ec299c91310e92a278704896626c43c4bb96728ccd1cac9072b580dc30721f
9ce27c81a22d68f21acc1ece448f2bf91731e38273495ba8196623140bcba056	ok	66070cec3efe02f8418d3ef705ac9e7c5ed76704d691b0ef2b21473497afbbb8
9ce7ac6123deca0b3464919e8dd1c8462843fd8d8db7436275664bc006a819b4	ok	b2e467f40585c9d631e2acd774907f8ecf4fcbfd4f7be259495f2b21417e28d6
9d1fa940f97795d52f96e61c4a1fdea6334096e49607e3b2e7ab2282a8d432f1	ok	94538136ebb3888f59bc7a0b4b1cd993359a76c4090b4fb886389ade4b9e2bf0
9d3938207260b28d9a6aad43516b76dc1c4e252080c88bb24d829928eb2e910a	ok	66fe5e6a3b499043b5f6369d9ddf2ee43e91eb7059f536cbe3efd71402dcb64c
9d51661c1d325439907c3bd771049dda9282829c6dfb30b1e090de69673505cb	ok	cdd2b3bdc9e9afc48048669a7ed5b56140a465e14f916b655356bfa80a9915e6
9d6ae9876bb6edc132f66288c1b930b4964775e1567c777abc66b33c0b39a73f	ok	e258172423370823816e1d3690b8704c28cfb1ee3d8cedf1035ca82044b79fbc
9d780a42f67821d7ffe004edcdb4a30a421fc7ba3a9d012f4be14b49505dff15	ok	192f8b5ffca542f64d4dc3f5b856c9fdf244004fa4f21af398dd69efec5d9383
9df641534ab9c93851d9563053b4dfa148b3d369100830f30b74a6640efcc0ea	ok	533f40443d22dd51c3661b024ffa90f3bd41bc7854280a8671e787d823ecccf9
9e742de58f4b66d8f720664fc97a816df8f57819a1aaf07430ca8144e334503a	ok	c7ec347f845e7fec92ce3819e269462e6b0299aca8e590af4ac4805066d22767
9e766ded64b0fc876dc98a555818cfc182d628e73a7ba93ba1aba5542da7a7ac	ok	f9fb8ae39358ccef89983458a86ce574995afb5005c4b6beb19988da88a3057d
9ea425a53bc96b06122fcabc18d2a408dc126d656e8b3e1e62712ac55805a873	ok	893a3d0d9a22974a943dc00a366277231fdb617db3dc4e95d872d1b6b1a2d4ad
9eaff65b18074a377bf6bba3c288f86380691fcf0583284caa036e7f4e2599cc	ok	de21acb9dec26df6e064ccb8aed80f1a31b07351e0e56143c261761d3b41487f
9eba4e1b977ae386fa26f46798802d970a3f6ea15458500279b0514c9071818d	ok	47b054c82732ba5ff8c4ba627043bb231e027e1fd50b4200f8cbc1b368fec0f7
9ec7737087fcc4b07465556af8aca67d4a6d6b6f4f03991f24bd0a03130663d9	ok	70c488be9f32e653bf525dc89e1d7f0a3b477dbfee072b01e29e66c935ab19a2
9ec96a6d24a3f852547391ea4e347f8d927a68443fc6340d9f30d8832ce80d8f	ok	6a13c5dcdab57794eeb3811630ab33b2003daf3e0d158fc20cc96d785b79f324
9ecec19499916d755d04d44f4d52e1d34b441b7f26ed8c2bea4735ae1b74519f	ok	28ef2b5244cb188558859f3f5a56441c658ed043e46df910cea6b61c76386623
9ed14e475f6982f3e9facdbefcb6e4cf55bea7b4e0e5b4fdc66464d8ad651000	ok	0174640f43a4698aa67c8d51ff25a0f3e2d2da23c93c24b617aaff1e9aad63f1
9ed52b9a3980cfec40a09e16fb6cf342e8a606a04eb18b70df419368002e51ec	ok	772601cd503a9aa41a8e92a857d824778ecad111050aa81710d9640cb7952969
9ed856a026853e0270c5e77ed1b2d0c1ce42c35c33d59821f4eb95f8ec6b424d	ok	4639a2345e38d3dff79611d4316de8057dbf77fa43f0b2bd5deee15ac6cd1d48
9edab196477deaf47179d4b475b17ea789824ca7c18df93067d83d153d3a8a79	ok	ba53d443601d4075592be099330e5c5b6c3d60d1682916f1970caf99f109db77
9edfe0fef2f61b0bd58b0d88184c4d16a005a4059ec99dd560ae530750817126	ok	1282b906edb2e0dd436b705628d6d3ce833b21e96e73f185da5e03b98a52264a
9f40a509df17a24b64541a12f10cfb1e55c0d17de06eefd41cf260fcadea01e9	ok	38709611350c14be120215c152d5db30ba22a3c933c8c5362cb10544d6e7fbec
9f8e957459e39f16ddfcbc834790ad27cdde5541d9f0a278480256b877ab3be5	ok	794d1fbbbea26619c78ffb917efd303f750bcaa9282f24851d139c7d88498c8a
9fa99d57a09e8c2454c35bcecdf6649dc37df3d478f313f814f9f74d61320946	ok	ce2cf5dd47c364f3a6a7982fca0074d390b6ef48e4168f00117d4a230fdadd5a
9fb101afcc5c563ef1829dd0244c8aea84ad1ad3ed3b0adbf477a4f349825723	ok	1ce4be5fb5792e20ce061301a54ea08894a8fa11218b07457f906890c216881f
9fb9c172fe78b8635ef6e3aadf2993e1bf0ea567b8d704e0558cdd76b7f7366a	ok	3099940586bcaacadfec681287d34bea56d1d79de5af91f952412006ae1b253e
9fc1ef74ea688908aa9223b97619636bc318dec854e998d0d13428cd4169bff4	ok	a3a2319e24d4c27b0fc08af999fc51859198dd7ddc22bb1974d9b197441885a1
9fccb2733a5b8d37aa90da8fc79c51162d31c4d931927b7a22c81f6be6074f80	ok	1e5e95a8a0ac0742d5564bfcf7b2c503d76b922336219960d920eb59037324e7
9fd4fa6c63df6ea4bf2d8b3edbc849caffc1bc6e113583332c2cb1bec210404d	ok	a76b17d6cf1c6c13342e611e860856e7b88aee5ea3d3e1d387862dc1b0c850ab
9fdeada309e4e70527cebd9c66e1761a9d6cdb151175a6646cdd7a5291af3271	ok	66d36b64dc90ff60764de78f64ba4322ed4697241e73ecb7f047a006efc9a7dc
9fdf6c8ee9ddce82ac1e026303272a99ba2314004d7e0d1cc89eab7558a43fd7	ok	3f3d1828aef5659a0643791b49f02812bd57a4b22705a4217e3dbeb25a4a3897
a026ec8591f39e5d78a4b4edb36b10eea220e52c24865929709b98a4848073a7	ok	ad28cf57601c9b97124c46da8394809029cccdabc6b8139c84d6615dadbba6aa
a042db24dfcf73a9cad570b2ec640c64ff7cf4465eb149658aad0318d2684357	ok	15567da0ed90e6a0aff000872a29f437e039c866e5455462edcd9d8164813a24
a043b371a6059107662e507c9c764ae20814ba3e29466a43436a0054925d485a	ok	70c488be9f32e653bf525dc89e1d7f0a3b477dbfee072b01e29e66c935ab19a2
a04649dfc11abacc2114cb715905b6b7cdbdf317de4d293c79861dea99184fb7	ok	430bf58cc0dc820a8f6a26c40b0899825c82585d75ab8441c5c4301042f7b2f6
a06a4293fc2076f92f0e664d59cd285293b1da2173c9b38b8c822a7c7b57c5cd	ok	a063c330a4b5eca08dcb5d94d362775802abda325b0abcdc313dce4d84cffc55
a07bb202ee9c4b95228099a810df60945a95ed13d5cb49b54a305ee0e62a77ae	ok	401528df0545889219f350fa3336b1d5f9fe071ef010104abd844e2bb3520e64
a07c7e2c49fd81809511a9e667c6bd2ec0b86bda3a4b13004c83b254ac222da8	ok	6e9d0fb02de1f6173db83f1a60760a78072b01aac1a16ebce1ccbe0cd46bb832
a08c38c76bfbb65d6ecfbe172b29b42c3898768692a74b1ff7e0a08007e0ed51	ok	ffaeada5037df71a79e6ceb700607a85b10bea9fc13119a0f230d550d76143d9
a09007a3d9418eca63d18651441f61bffb50a64ee5ef23d4dbae59d28058271a	ok	af65ce931bea47fa61700eb2478713a66f2079f0ccdc2dc5b390470611234792
a0937ab234f764ba3fef7039f957d140ede4b27cebc8c5bb703f88f9c36ead38	ok	0c37a6d299bba3da79b493d84c635789a9cd25b9558966d6dde58be36fdcca27
a09c7bb99cc2812c18c0ca597d7adfb6e086884d671addde382f4d7bb9bfea49	ok	2c0f3a5b48f61a9990319cd3cb2b7f1a1896a82c9000684bda2f45d5a5b49f93
a0bc392858a8c04cfa39f65a52f4a5888f5736852bee7d628b4dd2853c572a46	parse_error	-
a0dba2dfc10f7683d8e56b3b3878d751eb6289f7233d63e83471fe01dd0dc7a9	ok	bad0194a28d2f77ed98afa00e894544189912bd95541888901fcafa144279ebc
a0e5b07baab9b4535de44cb07fcd6aff0f46b6766daa1e383ca39ac78af971f7	ok	c9d1e15104fd740e1b18dd13b67151e412cdd18dc0cc34b20673c78853a75021
a0f4d49d3631baada01de8f5034fa43f1a35630c483911ad6b8f56af09140220	ok	f19a4d5d3f5ee62f5e7e24754e2792b982e7b48ed5052e99d6526e3ccd51af89
a12bb56ee733881e7d8252727e3bc6f64fb2cd73c4e414c4b6194455f5b34740	ok	4688c6164c359e493172def0b8a7cbc31dc0530a291650854a193fae2c25a1a1
a12c79a6d6862e0266fa3b4d23c833425604c26ad80c2f35ed0648d3b4c2e49a	ok	3a8106851e3118d83b3e899acb61bbd5357616743844555f10e9b39ff75fc159
a142c9b3e9b5284499eb7150d940f2cfb27b9c413e175f18badc876eedce3475	ok	51f2dfcc3ea10a42257212ef293e120f314c50e91019bd2b1d89ff39b21b4a4b
a159f1f4e4efdc4f2e6603aa37b75d6ebdd3c72b7c1711214229aac223e50377	ok	865e1d100ab14b3cdd7802ebab2ce7506c1c0840cbbc6f97bc1eeabf71de2269
a16c3cde3d6d306cc19787fa5e957d8dacb062a3eda10a500e382d0a09c10742	ok	28225839ae9533139190f081654dec2d0930dfef6acb1867fc2b881bb0dc3196
a183714e9e8c365b2af08588c4b419d4d4825554c06872d859ff4e0a96752eeb	ok	b0e0382b5455bd8bba6b473dce109c9276aea18fdadc6e9cfbbc9a26121fbf59
a18496a887c6dc88c9a2b0bd514b0be24b9d7f53d85d7102a82b21bc4de907be	ok	919d68ba7f1a61eca43a095708a4e9ddac97d1dc7b84dc332407406d15bb19cc
a189844d90c2f93412f01c6538132c2adc6d320db589d101ae0fef02429817ed	ok	08f10d85ed610670cd7974c7a56c3327e713ff0538abc001923217c58c7a258c
a1afe999edb1be39d8e93589a7f842dbab7d17283f04a785ed28cf5c6e9779ed	ok	92bcb80e53fb91457a00955e3db4d723f3155cf5b2fe0ffebc789403853d30e1
a1b0743acf0ce8f300ada4fd630b37952659e5596bafd14a5c50410eba17b647	ok	73c0d1058f2fca856528faea9af588a182b700185d114fc8c6499c3321dbb11a
a1cd5e166e039183e7dfeef82be60e196f42eb61c3a20faeb32e591ab49d31c0	ok	cb102fecb6dc1599395ee6395498dbbc3aad99afcdb8a4a86e40eae2f5a3dda9
a206878af957d7afa9b19aaf17183335a128c3229434fafb62dffdf68f170c08	ok	060b88236600a3cfe5ee0dff2b801261b480321f1556c254205898b0f2e06bf0
a220128279b1557e7f504055450f684769df63409dd1036a8bd99d22f39439ce	ok	b2319f0eb3ce7e5ba06adf14b9e477eb09d8c25448d5e1eda299dc8a431dfd8d
a237bead993e7c9f55092b1bc8698b02a7f38e57434236980116d524bdfbb077	ok	1ec5e10a732f16364660cf84c5d0d581505b1217f7bd651456bb7b5d1b481de5
a273e746f08d0554ce056ef30a843533b1fec3c2e2bf670ea834ae8e24631e14	ok	ba44ce8a414d2005c4d7d3d9d702f00e1106360e0a4bbd21802f0d6402abd3b5
a27464b360342223fb64e555062f852392876cf53024cb03c42b3616db920f53	ok	c1247f930eccedb8fe37b271fd4b3a90579d63446123dca0613722ae423d159d
a28366e63fe9891f03f2436098d6d5218378230b888d5b02860ce00d113df771	ok	2f67b0def3c7d56fd4efeedbbea46d8e3724600013b00b2019f8ef87c82d6287
a289a028f431152c2e31db91990c8251efe16036807d5a0d087b329d2d25b4c1	ok	a221c60bd654057e07e973cbc2594171fc039b34ccf90d7a07d5664391a0e06e
a2a3e10acba098d6bcd82150e99a1418910dd012558f05572105f48a5f9b488e	ok	d0cbffe2c73810e249d3a5b2309b2876486ddcc4e30c4e85024c462ddf4d8347
a2a73e210f6c01e2ec5e6b1e7240be33088cf3c517cbaa7e9adf959385e49105	parse_error	-
a2e0ba0808f686a5b5f15c3bfa79dc1f4cf44e83c88c9c5b921d9e5d484f551a	ok	a7eeafdd56e33efdc41edb8a922c16f7217249d46366c39b9e716003c871b667
a2ea4195185f5853f5da0c7279f53168e7a78bee4ce2fd8d666bc394dc9fc221	ok	59f7bb3dc225a384f8967e4418f3e7e1dcbd9ecb0fcd77c0cfaff2c276528047
a2f1ad61b669e59fe24ffaeefc68ff594b7a65cdd5becb98e37d8945eb0a6207	ok	454ee1d18e5290f35370ce5fdeb1efab820d3f1efda4eac2f3c40908991653ff
a2fc5c5b00948a7564c2dc9b3e738afffec8d6d466e6ee8197c7128989e4b8a5	ok	241f7d515a2349c2c7ce839c8d36b877a33d91ee7e316f16894b73be47bba7b8
a302255d5786be5db11d40bbfcc7230c9412dac4a3da6ec579558a08dfb1c1b2	ok	826c6998b8f85cb446c819f43a6d359ce78436e7de05c5bc14bb8713f20941cf
a302b48e357b7ff44b7d2739a4964be36a5a24fa84f10eab33eda1353ed22465	ok	abe5e56b6effaea65cb06445fd46208774efdd8d4e4f7c6e2d16391c9201e6d3
a343141df037daa852d8b726d356bdce92bdb47a0dd6000d59b16ebffd646d40	ok	9a64c1a7044ae23b7acffa2dd2413a67be1dda2af8ac8df3b5bd945ff0873840
a34d65dc1c0c440ff4af399fdba39e3354df409e1a347ed848586cda278a1750	ok	d6ee4323e8d73ac7819712897d49efa08893aaef82ee8defead5d741299bf7f5
a3520e9553430cbfd8aacefffc6ca0f5fd88e420caec8d652631b15da0bcb9cb	ok	73ad25654fe2b8e1ea044ef16351173bb7f304bcafcce63a2c911b5443de3f91
a3700837a9765b41f30d658e3f23575d99320398b8496b977c3467ad9d6228ae	ok	3d2e9493197975b9cf4968f7e369e3205f790116ed2a317d7c22debdb89b8389
a382e035b136141b4b3ed5cab882dc295a8ea9f9717cf3ec3e7b932a04c20b72	ok	5e0d607a54fec48bb490035ef80e7927510d3a21e816bebf3c51dc679080bb6f
a3830605ee69c7841cf500d3566fc89813fe14a92869dfe082bab2f2dbdec053	ok	a5c05f62fdf347ba37a06985ac250c4f9969dd796b66aa3a3061fcc845116118
a389c372ba60f57c3676508c0e21adb112fa2fe7aeee5d0a6a6f549787915afe	ok	a9ca1263f491d8c70a0a80070e486c63ff3995c6d0082f89188b969f0d1ffcda
a3a459be91726853db325754d71f9a4b3db3f1dc357064cfab881e9b572b3705	ok	e258172423370823816e1d3690b8704c28cfb1ee3d8cedf1035ca82044b79fbc
a3b5ef5779fa2f088b2a74d3c33703c96653bef516ddd54baf9e94ee08ace600	ok	1b3e26d867d0462be34a675e4bbe2f17f9843da98c50958c7e3f158fb335c5fc
a3f6745c359d661acea59aa8439220882f7c4b195e2bd78d5536df0101aee1dd	ok	81889ddf43ccf8d8304fbf3a70e588564ae1edf1f313e98aa78b48fde6a53c7a
a3f79285dd1cacc3a6c11de079cf8680507e2eee0b95eb7768d38e6275f445c6	ok	6543d324a097e2aa7663c15ee206ffc521be4a68e48759f8f17bbcc0e5440865
a40c904b1da5ada17e0e093cb14771801208437ab50f946cf84aa5dc8634fe97	ok	82e0fcdd576e4b7fd9fbb164a88f6c5731c92179e4e6825f67fc91af0ed7c35c
a415927d57f8f15e5d0534e47129d6809c6f488ac79c4959660bd27471bf1612	ok	660d756d404e8d2fee312086fbd76894d678b2baa867e150dfc5033493e9bcc0
a416da376aebecd111e0912925c5214bebee725566eee5b4e9d3c96a2643932f	ok	0f40001e334c24f5b7c09fd1efdc73d48779cb7d87be4d7369811d24ce5da80a
a42401df24af8e3936cb65e1a880654ee1ad26204d7697b6cae090c535a87d9d	ok	c6c93f1babacc1afc0f91f88083337f55dcabdd4814d9b6eb4d9a20fc0bcacb6
a44659ef112c8242a6de77adf9f40f19dc998a91eaaec18d2d71d5a63c52526d	ok	37018d80691831ded09f8d038c46ec4479cc1ace6de66253b1b584f2a4f4b499
a45ddc6807df7675edc217c96c5abb6903adb8c48b18b0d34c49bfcb56cd02c2	ok	cad7966c7e410668a9699ee7f6607eeb7864e2915d53eb07786f37c32158d7b5
a4a1ec940c7a2a14fb58418e586e0d753573513c76da11845477c9da173f4aff	ok	1de53eb604b1963a977d9d8e59f02e53be0c49f30809f98a01820fa9e01ed84e
a4a5eb827d748f688ee4172dd1bb24504446bc2f346a607c2f86214a52422791	ok	45358d9644265938e422085b56ea0c7591279ba4d47efe43e61916af7c3f1cdc
a4b384714f5bec407e110c9c3506b1868259763a0f8ba0192c27143bac0737ca	ok	d94fa9d0cbfa985e83dc9abc9ddc5fee445487eee14734e62591e12f907666b1
a4c260bb9bd16c954badacb5ff5ec0902993ade4c3ebeef6b8c00f10e6f3cec1	ok	a1d4e7aa0df7f3c5e2185eaa249d973186a658cf093f77b777e56466ab2832e2
a4d86b9c1c9c3ecb9ab91778a6215065027fc1537d389e1f74a188ca5bc73820	ok	122cf5bf1ce140806fd6c85602d13f905cfba4c3204a11d037ec030ee6f4dcf9
a4ddd81126bff2cba469a9363360ecb0b86fa72da2fad91947ff38cbb056fb74	ok	923d0d655100f078e0fe2d6937f3866b59b77dfc511a2190cf50911b0940a252
a4e9ea0087a9ba10cb64b2505ce97fe2674923700efca5641ddea2481b89bc15	ok	c55baf0ff344da9896d7eb5c01394583a4d321be23b8e2e78b0057d2a022c7b3
a4ff6b840fd2c4dcb28effe6a7946757eb2bffccd49de8ec54111ff037711b4f	ok	1540c510b89de33a06eae66788183172855e50e7ce186319751881ae3fb0a1e0
a50a7f44b4a45dce0033452e447bcd3c7325f25c335dcb590f8ab8e02e6fece7	ok	59614bbb29b6441efe2410fb3a84393178f48894551a5a63227bb72f445800a5
a51a950c8a2736212ed4e35557d19e9fab319b02f45421725817ca9467858791	ok	1db0ce471924741a72ba2604ebc1b6dc9513a8355535a8566954d90dd09e647b
a56c63591bde3dc9170ce589f35c66a0d5f84a4440210830f21a8f110164f45e	ok	dd9396336cfd5e2ba0df00efd4c7f27252af655323a500438b0e0a7eb22cc816
a586b303b6a3b8fe2e7e5a539a4c91aa31b6d122c107288acd57eb700269049a	ok	1691e1876f19d13150817eba9397996a252a5cf093c39ee131b990fdf715820c
a58b83a9717f3b859f22399fccd3714d958dfd21625a0091039ae59ad61ddc02	ok	71b07b1ec9b73842dc10f4e5bc8fbe5ffa347cedca94133ee43c214e50fa4a4f
a5a1bce18dc8177fb9fb30d6d22fa4c1094f184c8b97e9938f93e7383c5f39f3	ok	e162470f142aa602c10ba1d10ff1a6d004ab0b22bc89339c4e15e5478ee801d3
a5a2b1a54aea6be7c764956b6fcddcc05b0041ad2ff8d8b830aaa8d8e95f4c05	ok	315e59236dd959d8a4c592a7b0f8bbbd23e69e049785985c17663fe8772c6e96
a5b0d42de88a4b5c0de434c88d355376d0e0c5681c5fbba8ee8f1ed3a6e2a2f4	ok	7f63b89df0b6ce61e40f8de4499398bb403e1dbc4faf449e47f4be8d1f2b6c29
a5c20f29347a8b03c2130b9b9477f976353b3979a23d3a0bbff20816b706211f	ok	96616c0c93e913d69c7d6c54b33a92e28d74b3e498dc547e01999f8c77f18a66
a5c26708833b3f86cb2ad06b5b952c0affadf695c314cac6dabe30c07a8a2b2a	ok	58a0adba7046846af22ba95b3d599a333b64955f7487d73c204cbcfb463bf935
a5cdc7fe4ff0c93c8075735327bd96d2b26c873f574c89360cf752199dc62834	ok	a216f6eced231ec65a7eb59114f61565698b530b1e1b8feb8c6b42f0e0947098
a5d441d6ab66990187a3a2cf7989f47d9f878928864945ce92b1231cad4cace7	ok	315f526e096c05c69fb8a214b5c78fab9182dac9d78ea806fe4eda4b04290782
a5d5870511a5ffcd58ee512355ff76e2d4e1f116d9735d866460dea5ad9fd1aa	ok	d278ce775829f437b518f9e6f671388c6eef12367d728a7980cd832e887d4a07
a5dcbc365385f682ad2e83168de4c4db77a2040532077eaa78f65c24fbdf004a	ok	18a33f1879f04d4c77eae00d50008fb50bfb7f77b46fd3840899c03f33243e39
a624fbba7c9bbec4b63fe1141146b55b7f119fbdb824bd2d4a6633536115e2ea	ok	f74f27c1153a2311b8dd85293b1460d92ce9cd76c34eea7d0e77bbc326385f2b
a63d978a292bb35b6539e8b16096aa32964f54835049b2e4e285944f9bd82278	ok	30cd4163ddfe197c91ce243c9c782759bc899396d30009c1ed5364087829fcdb
a65482355c8484a428fd272e2f2a95819aaef2b8a0de92109dcd9fa6cc433afd	ok	15a9693eac5ec35ba3ca8ae90aa7a2a98d87bc9c070679a74c760507773ed93d
a6611cc553fd95366dcf4b5f79da05c554b21b4ac32ae0355337b322ba267a23	ok	5480b6fab553e4d25085db252f7c91e827ff043bd4bc10ea0b6ece2e11cc5d80
a66ae0017271aae961c9024533c33992a842e18464f31cae134389af89c12888	ok	b95e308b817728c0980d47160180fb4390463fada9c4dab0a289f2b7f6c93854
a66f2089d69395d0843f21870f6ef236c1d91d0ff328f9a21433341932f08c1f	ok	348fa7c211188feaac9b12262ee0a4c93d272e81da0337492e56fc81939175de
a674db2fcec24e498a6bd6dd8ae0580e30bf1c482c405cb90a860e982f72e00a	ok	66a6d1eff20b90603aaf7e54b1d55c8cbcbbc87704725565aab2a1f3a5d3b6fb
a6878fa312cf22f1016b6c08199758f6be0ef480e3785560a22e2ed55bdfe21d	ok	0a803c6609a6a3a87f5ef203010478af12b9616a63e002a2ad4ffdc69fd1b03b
a68a3249d8e896afdac96441c4f4540b472f6ef18a962a677a8cd093f4074ecf	ok	5aefbf871864148fc66b26faaada3401a2e15ed3570ee6aad787f16948149fdc
a68b709e4d4f4947e74d283bdf380e12c0f813643cead50c20ecf0fc0651759a	ok	ec5c9a54070bb5239c1ed88fb1b41af9870b4992627c21edbba15454cb3dec7e
a69abac3c2987a5f1bfb89452c37850a6810b4eb2a49db9729afd863ae231662	ok	943b537defe3e31662c8a0525e9563069984e0685002480bbedc0dbf57596749
a6b013a73290de5a886c77a4c6d62762dbbdf9628d047b7a1d1aa311688ec135	ok	40e556b0b7a76e2a5a807c3f72f81e3c231c21000e7b4e76f3e22fdb70f11226
a6be370d8741c87377034068ba1c01a58b9e0d252c6545883fbde57f09e98b96	ok	38fb85e403616b39e4291557f41f62510e333737c27044d8cdc0d92e17e297d7
a6beaacb9d5b2999e83beff0b17f0b0031968890f75dbff1a5a7d621094a78f0	ok	1d737730058c835d42c6f19ab00c0894748f7c3183f91f53c20353064f5f6ce9
a6e8264b5aea26b59f41612d4dc43c14af08463c61e1e0d6c48a8bd27001db1f	ok	f24e111e14060496e0396f7fd9b12c0bfb44a8b68096feb703e0a6a2d199af8a
a6e8ec1e1a0de9a6d9c390af554fe0a643e0890d86330d339c09114414dc70ae	ok	e8ef477c79bd3f857e8fd3a30ffe4738ec1b673238be088dab4c57463d009ded
a70af93fa9cc91833fefff8d7e476c0294c3f822ef841817708c942801067601	ok	01da2475b261218c2ebf5f987153715e30dbfa83b6d27a70803092474c068f62
a71d599e29f80f8e01b95042df724d1b36bed54bbba313285687796397130ff3	ok	87a71139230d78bb962270e4cb17bedfbfd5b9ecf43f884fcfcc19fef16ab729
a72c600304fc9bc6f0f07b1a5db00a8102dd0d5ac9b9041757e6693892e4be14	ok	12814c808a42bacf5394518f64e553c83bc8487d786e45c6da14613fd9e898ee
a7470971266078fa8014f18316f61f806be5ed286d553bcb2e213718f7ba1fdf	ok	b0e002805e15cbe092b08db3ae4521e37ce237aff3921585da9d0e7dafe56b9f
a766a0a363be577719dadcbebf0c1261d220898b1c235d64e2cd6be87501e70c	ok	1a071ab1fd14c97663984be6e7c2ce03bc183316250f230d306ea0e6bc625e15
a7697d653b97f957ee2eee9dc0496fbfa4dde42a6df24864ead492682e51bce5	ok	be2bd11445b0c07019b2232526c23d12c0ad7aff4ce95feb8fd52dac96b3d541
a785eacc0ab1d2b24789ebabd503a7b667f90c3ee4504e6fdc3d000f2c0fa8b5	ok	e9ff2590cc50c040cf8cf3856b57af84be1875407f4861ed61e68b3a0e12160e
a79bae753de56c92a6e3503cb233e38111927848ee399d05198c217fd066fad4	ok	7fe300de7d5014a761de5ad1fabff4dd23510baffa48339c458b94abcb1c4f05
a7b77afaf9272516af75aeca2af1eacd19167ed7dbab5da1b37d768d7051b6e8	ok	ad28cf57601c9b97124c46da8394809029cccdabc6b8139c84d6615dadbba6aa
a7c441aa65e6710a8d27bdefb4d838e53db4645e1c99c30688327eacc6a17115	ok	cde5d4c5a7c368946ea2f10438b68da71a54e155c8e3efc121db5f5ce4b2deec
a7de4f9bd729ea6642494464dd7c17570548b5ec7911d043cd3eebafd59c4c8e	ok	099d523a539b2055008fce58e404a8bbf6806690f66ed3a082fd68471cfbdc7b
a7e82d59630574a92fcabbbff853676fc6c89294d8f6ed384e3c728f704a4048	ok	340fd14f171d6364709f18eed478d229f81ff34dcc9f3fe3016f60a460e5fb36
a8184f7650cf25e68e28d4bab6a41666569c8c508192325f8e7527258f0c603c	ok	895781043a214447466054c3b858f34a9ea483beca04c31ee0e18df2e06fe04c
a82a71201eb1e03e444611c6c4c57cf6b3bf8ffe95ebef418b5e01dda6e4789a	ok	d40a0e8b6115714573b88418e91712ac66cc9e89528342456401da32467daef8
a87bc1f6ffa4e82be633bd36157680b44c332b5bb667f42c5ad004e9999c90d2	ok	5592ea07df70a24a474b4cf25509ace9ca089f126c89fbf407d28ac8f1ac255f
a8844c074db7e4f348b8529ec09d69c321f593c22e32713869ebb209ca20974b	ok	3e84c06b3f594f8a1db91738d1680519c662224a0bad58c68dde29744dde6007
a88506bc783742141693b3e91d4ab2dff30ede946ac670c5693a6040f3d14f52	ok	5de4c8a9ab899ffe76d857a357f35547e0620e86e0b3664949595e9027f0c50a
a887a269fba93ad2d07796d76e5da493c3e041b8f277000ca9f4b2053d9a9353	ok	ad3262a5952c138e157ad3cb09cc2985501c33423c03016459f2bc59a999dd8a
a8a27f22b45218dd548b47376aa2a9d09c5979e4364928f345fcb3e2dc88797c	ok	1ae766133f479a943867b5c5f13b437119c8a0fa6f10efc748aa6c025e4a99e8
a8b1219fdcf951fed7c863d2a76d2d4dd5ad1be77533017511eb07166898001c	ok	42cae656efe12e8d020194d4b76715de48e8a2837c86070a8c27a6188da46411
a8bf847eb1091f54bbf111fe575525dd5b65b36cb2767fae5b37f834b5145d04	ok	3d65bfd9a1872036e608663b3e2f89c44f0a58764faaa0e4ac180e42563c175a
a8d27349a99992f00b3404fc5291dc1494006a74fe832cb77bb7ef5026e0606e	ok	2b19700b52e75dfd50d5ce0843aef30061596235efc5f7b4622dfd9a02fd0f0a
a8d96164dde4021a87d230ff220d7c1ca1acdd341479bd8bd95d9f7118658a5a	ok	b9d95fe6771ea907036b6b96b5a0a00ce8154451356a7fd0dd36ceba04f0c83c
a8fc8f8a94f1c783d19949a37f4d15ebb611ccf341585f7295c88433eadfceaf	ok	f01a28255ccd3aa63d5c9f81c56745d800e5687bd1054f74f1d0338f8ba80599
a8fd0cd10b68cab5b5b48ed1748a739f992891a92614f22e03344039522826f6	ok	55686cd59dc84d81a5e1d128c5db02e8d0a720098361a6cca3d5c0490afc5d69
a901346b9c3d847f48c585fab0129f04d5e1baf237cfda3d80842a5d271016bb	ok	fccdc58359e21a9c4d337086293d6b9ab555684f339deaa8a740a35333ae1b78
a92322a2965bfcfde70aed84a4f7f129cbd745895df15cf05aa76c1488e53614	ok	620560112d05ad222626340f984507980a8b7b36e1875e722e9cfafc434fd5e7
a9489645e81c362c040545b68a17166287b2d10fcbffd9c2a2f0010067d6abbe	ok	b8bbf06133a09dd99fc4b3992a0101982498f3713aabb1c4e95189f8a1e3df6d
a955685d9bab48e65b0ab0fe25a5932eeb8d6428f480ef509cc9e3be5ca1dd8f	ok	bc4694f9295ee9b6dd17b6ad21cec4bee5b587fc7b957ae57ac113a164a13970
a97a69e5de6f2a27a7105bde61f344579109262ba68478b91c07f1dc724b6c5e	ok	d9925f5c8788b101264d3b257487056a900596dbc570b3ae4abd3097df1ec703
a982bf368840d0c7725c54e613c7fb0826235fa6f5a9bf5b1582209e15be4ddc	ok	a6ecea65299f8734874e490124054c00822a89963c2013be052bfea6e7a4f0f8
a9855984c19bb9b4c189fde70d7d9ee3b8d6e3ccdaa5a9b20b806af5251b4346	ok	38c755f09397ff74f99ae483932a3ce1925590dda95da1a4e018d536802d1772
a9b4e4963c4fc57a746dddb3cca1fe371ec91db58e419711b705af8577450d28	ok	f33949f56d9c6d79bee61facb5fda65508858d7ec8cab25511166b9a680b445b
a9d32c834e61a53fe72a3f125d778ce46f2bf0e5c24ba87682d1f4020fe5372a	ok	80a71f77d8c3b31a2baa0c447f954114238cb16a2d2da315a14718b41fc451bc
a9e27ec6eb0b66eaee81cd237aeee5c9c8ca96294736bb95d7f4237b31ad7936	ok	3373a58237c5a7300d8b4abc054c594c7de3cf7e3795a9c41e1fdee7728d09d7
a9ef0e47a94568f22f466ef3bfbff61dce5b734d6e0bf3d746fba53d993a2385	ok	51c3f148547c512cc68974ab276a04ec30fed209f28e56cf82dbf9cc92670539
a9ffc050e795732a9f3020aa1bd9c481ccb8398265663c62d58afe7bd3fa3a1c	ok	3d65bfd9a1872036e608663b3e2f89c44f0a58764faaa0e4ac180e42563c175a
aa169bef76aadfd032f7558d1d05bd7b7579f5ce9b0b6417c4c7e7d756e34552	ok	d141e7b5f808f06035592819fcc9c1589a0fe24928174749726396866c424d62
aa1c98bd69bf61ba015a299dec19267622e49a2665bca7a0226462b5839460a8	ok	715357f53acca327e4f03fed5cdbd610a1f1b4cf6d244ccd60cccf148b58edc8
aa2986375b3e4b91ad7620df7575f29dc114669a53cc5ba9f8a7189b4abff5ef	ok	5121705f6441acfeb4dc98397e1bf4e6e7904d0dc68c8eccf5188b19ff0aa7e9
aa43da0bf2b63b9a3fd046840f8cd9a27c58adbcdb19e95ce9c205ea4f46249f	ok	1767eb31c491b09230abcc4df620a5958fa962d29a36ae9041dbf2453acd5816
aa74d077f0bf5a0ce9c174e539caae2ba2a431212c6294b26d0501218b41bb2a	ok	0f183b15fd475eb2272bd689e0ec0dad6fa95e74c625f5ca7693653f2d68c7fc
aab5de733cda9030613e8fafc77b39fb8d4b07456e9bbe5185abee6b2c5b4e64	ok	502ecc36f9e3fa4d14d3f7c9ae7620e771ca2724ab66b647088184643418470c
aabb4f72eb2d9e781fb57e64c1ebdc90c9c8873dc82f9c9a4a9d0a1150562768	ok	f6a12447cd4a03cf7386771d5c6177ae41026c8a9ba1a95e743c8e8660940e09
aac05b739f0adb390a09053bf850d37631b719904ffe8a31d05ecf1ab647ed3a	ok	18a147cb285178a7e7490f14774bf3949cfe733fe5d5b583be5c9bb8a6f93c96
aac83a83991cd7123b012e7081a942e6d00a3d50e787bfc8678c92358121e7ac	ok	5320944a5f355e5e5572b291e63aace8dc5cffebae92950d4fea88dee8506b03
aada64647665f075ac68fa4d02ac05a70ac2e44574f03b68458684e05354d387	ok	5707dcf3b6f1d0a82f98f58006005feaa88f4bdb1c0b72da4ff308f1fbca0de3
aaeb69492ff9ca309dabf5e7e16fe120faff6cecc13c97b42c431a8ae9bd96f4	ok	3dbd61b3c2206a737450233486652789a63425a096559455030477f6542a9004
aaf96c7da757e3766e1fde99e1f7f1166be6d967d64160b72c410ce27ba4feb6	ok	b62f0eb74b096349c00a73f13d2cb6db30f383e892d00b6e5958071654fd81d7
ab2f7a92cfe6333b2eee0455a3462be6bec06f42892e8c75f107a1197a7ed892	ok	2c21f5a1fd58ad33f27aa6992df68a541ae2ce72d1a6866190fb53fa8cfaee6b
ab5331c81ad601413d85720501856c15dbf5df77d08bdecafe71d62f58ec655c	ok	a199dea836fbb5f961eec05410ce5ad3853efff96e7aa65e05d8c8e77f9635c5
ab568c97bb76e189ee8deb1c7c306993352ef1deb4ba4c6730a979e27b0e58d5	ok	02b4cc7c7cd142806516ff98d511363ea31cec82f24aae6421ba24d4014cd730
aba39b06d5bddcadf527b2edce10928e05dbc2dd769c22ed24c708798cad5057	ok	c52929f12e328443ca7bc89bb584ef403601045135594c39c566ee21a0cb506e
abd9c2da9580c4dabb4f361019a142809b243de9ad34fdd2d85f30cf2142b2b7	ok	1111eed83c159de9f2f1d8290797bb996f8fc791970acfaf813e96b820e677ac
ac0d82bbeb13029438b4aefe6df40240c706be484a919a3e0d1324694adae697	ok	7e768d7957d30e838df36fdcda67fe6f97511564fd0e74bdf99012ce6695d51a
ac3be887fd0643fe6f03f83ac12891bb55625002a220a61ef78112cdcc8d8b38	ok	22aaede021ab3403b5d6c815fa70526b9d3540a9b4038e652bb9448b24947e11
ac3e3f24b64462f3c1fd0005e3ef4e96b5c5925f78d247e21ca713a1005d133d	ok	6d588a042b9f12c4ed623deaada33836521a4d1324b7a9d4853af17a23f7c80f
ac6d778377c8572b8e65ba17410f8a66289d4b96f28186a5bc9b266cd23f79b8	ok	726134d0d78c583f4e2773410f3386ae320845876e8a64f0ee8bc4dde506d029
ac76525a4a847964e2f05d679c03bc9406844f666a0feb1a62cef8d8219f73fd	ok	81889ddf43ccf8d8304fbf3a70e588564ae1edf1f313e98aa78b48fde6a53c7a
ac926f8f22e40d4cfc7c29333b7ab6d76366730dd82678745837f5f9e9e2fbaa	ok	7357a95246e9e0a0898283d3669ef35b6f80935c29591e6e5c3273df6d9de5f6
ac97cc6b4e51112f48e18b6cdaef3b3213d632ff9d1466bd65bcbec806b6fc80	ok	f5a19e695996177947bd6002271a3ece05fc198148944ccfd355feef856069ad
aca43c89a5cca2b43aed41aa69b70e6a36353a46b844391c531720f1b26ef17a	ok	6485a5fce03063779fcf70d199e41dfa005c6239588f9dc9d19788611674b93c
acc6c264af5d6d72ec98940f3e1c25557f0c334d4a73fee3bc480aeba8c2b719	ok	6359a34b963e8cd27b145b2aca9b6cd68a65b4aded70c366054553e7487a44a5
acdc4c61fdfb69093959b0d12687d4d5d4fd59a62909d0d07d50d9e509be025e	ok	11acb4dedeb3e79124aee03975049fc74332dc745f1f8188f355975f1d83197c
acddf0cc002881cc7e35c9703fde344aa92a54c86f16234904cbec8ee8353b47	ok	dcc51207334391fafc8d947697fd3f4db43e82a85a33bdd26dcd65fcdb8820b1
acebe924680d1e5a93a99d910c27a91b1e9648b0d3e90da0ad589cebc791a54e	ok	50410f967f9c064c689cfe1073063382a9adf0adec44f47767a79563696f161c
acf040ec94572d25fb2daa5f0016b7859d17c84bc820716a475a1455abde63db	ok	da1a5fb2c9a0e200ede248e3507d05c1cfe8c2e438fa91e55836498d0c10230c
acf3cf55add917e5c6a588775d0ce6301cecc426e0c8f4b0b2b3bfcca1608a49	ok	84800103d400bfa0223796baf2ff5439ba46f313c66fa50a956dea039a05e6a4
ad0a7d1ee9c0d0180ee7e4a231e3d76e44d025f9b40b57b0df84496209d9d80c	ok	871a8733fb259eebeb486a61394c24ad57d9b412aeee750e33653c997f5d5a9e
ad13f1b6b575de8705e25198095d8ad923cbf91c102ef360842574829c4eda03	ok	5e0d607a54fec48bb490035ef80e7927510d3a21e816bebf3c51dc679080bb6f
ad15c1fed0547e8eaed2bb068c78f287f9c53a065b1636c9f84ad18c5d49dd82	ok	ba44ce8a414d2005c4d7d3d9d702f00e1106360e0a4bbd21802f0d6402abd3b5
ad1fce3eb70b2566e681a672043b9fb4667dd136cbeda9b782bb81659459f06a	ok	e5acd09e04912ee79125266c6166f60550ebf67063a56d04b10233c52d05369d
ad3f5ea7db7d6b3fcf094ef2b5bb6bfdecf1599c41edfacabd755d66e2cdd705	ok	d14c568aec1303c5082fd7fdf68c49fd2fcf5d43e3e033ba0f3de4610a723ae6
ad7c89bb73ec97400801316d95edffae25a144abb8d05f2e906f5550d8562d4f	ok	b60f20d640ea56e134531f35823d22f86f1a91a75085a4f4e9eb2645b8ea1969
adc3cba0a67cfc1a0a38c9d0631c40412e558c43574ebf58f94fe12f38fe7f2e	ok	1ae21d9b50d691b24211974e77b499cd7e856acce97c96aa641adb01c0dd8e4f
adc492f0a90810d8e78b9f87b2ea1cab196c71236949904f044d338cdf23a063	ok	1928504153852e1747fa92626bda55b81325abc10084f0a3de4684b746bcac0c
adccf55e9bb73599a3c4cb0c65bb6bd0f9df21232294239a0769a6fb3323c637	ok	bb41ec1e88e182b08f38d9fbacc7c21cff9f465d6caceece8cfb1b2c030263df
adfb3360ecbda3234e5ca0e3885b57d4e2c218d166d116f4501bfba04b58b3bc	ok	b58687330a6dc0d0a4771d8158d925933e77d62d61ac71ad1230cccc936dc416
ae0265142bcc6739d56415363fc877143383799b7275f2782d9c15370763e052	ok	39af9fdc10d4c779659be95302391a6e6b72429d159d7e77e34a09dced723985
ae3ce5cc982a818a8721b3a06cd0bda49784d192afcf688361ed3b6f525a2a75	ok	de515e69f031d88e0bfe152ec6023389480457944594118dcea7e2e46a8cd55a
ae7e4e7f2d0707cd4a56e3367d9d148d96bf22ce010403b6f8d2b4c549b80dbe	ok	cc2504e630b7193e3c1154c5573a47ee0ca5540351f02e191f96fbf5ccecddf6
ae9a130eb6fecfe5abd03566ec8de274f0003b684bf21b5990365a5c208862a6	ok	ca4ae14d336db86d64d647c5bfa364b0f624211dec6a1f2883471de388d8c410
ae9facee5032da70306caf079090a3c288da884da52217a9a2c4f85808aa378f	parse_error	-
aea5b2a70cd40f17844b7aef9e5cc17cb5685cb6b97312a5d293a49116dc73ba	ok	ea729ad0d241e5089da8d0c0ca8ed208fdecfda98b205602d3ff0bc385cc69d8
aeb45627b5a7267c16166e185c0a193a2cd0d217fcb9c35bae792b916a404839	ok	8fe339e8b9c236316752a42e37f27efec8248951187a273d9072f9498b6b85f6
aebc2997c37c0ec7cd05661410f507c1519ad78e42b85b364be8d1801d19b7bf	ok	6d5e7c251167a950be99e5158833a6136a6f0150604199faae930349dfa58821
aec0f844d321c042a6a94cd524ce3b72368cf4aa89afa6f8f607596919598447	ok	0b1a9d62ef5cc4ee6e38b1f45e3a122b7e965861e96a28fd4244bd9ae3542ba1
aecf5c4ea0272034db6f4fbf431d520a19d783328a033263eecb0eeea1186c4e	ok	ddb0492016acb8e21040bf2878f4a3dec989f5219dc23e650ea66967298a4df4
aeea6ab44ac3ff7bebac95ffe24b260a9341a6671d3bdf93864c86f022bb0c82	ok	80b7681d115b16b944f6eab1e755570a1ec9a3f97a9eb6fbec100c6bb89eb4fe
aefd4db7189499e11df2b4962062e7f099e552db67a2a4675f91bbc6812ad811	ok	36db01216156f2ec6697e65a3be9a33ca91c6e2ec66b9e5ac99b2b542692fd30
af0c2ef562ca461f91216499ee04cd6228a239d6800293d5c13bb61f056bfe98	ok	c8ecf17a06da2dd8b6c5ced8a46563e0f4e1f3c1320def6140b6ccb3472e48e0
af0dafc600e141f0f549515b2fbea64583b0ca82b8ad1f7ebf86287688dd7011	ok	aef46125ca61a6037038a2568485edf1a5756cc3cf9a41e1646950e6e1a2486b
af0eec15b0b1cc92e279887616a5964a213029e6e0538c6d7046922bea2dd79f	ok	6cbb4454df1a60c845fa7f7abacdd552e9eabec53ac48ebe88021e3a425da06a
af4e4392527deb41abedb50d60d9770659aa0cf0a6ddd685bafa19affb177d7d	ok	d16fc56f28754806b35aa6b96b99155cfca4840475b5d78a581a84e63cea5e80
af655dc3c9401017e4e753336ec11b76b214d01f5cc91bd7acb5eeff47eb3757	ok	a063c330a4b5eca08dcb5d94d362775802abda325b0abcdc313dce4d84cffc55
af6a3674d92cadfea38cfb7e7c0c95cb5709014998f90aeccaf3af73ff0438c1	ok	a2e956e4133cc11bd8037f090b6b41bab42d4887b32304092555ebaa69bcc4b2
af72d44ab6462091846f225fce45fcab77992066c54a94f0ce6267cc0934da0f	ok	af7579c0310d543a0266977fdbb2f9a5f4d9be29cba392fb239d9c9a5dcf590d
afb99a96a0a1f6f04bac09e05d1d4252e58f0354a15d41c03d67620cb6d1c654	ok	9f7f60b75eea3d361252f260c2d7423013682176ac8dbb285b7866bb4bd39fe0
afc7a972fa6195628b071f594b0e60d5588887b061bbe9c5f3d3986fedb1f52c	ok	674c0a49234dbf00939159ef980ffa2701ab5f8ba7aef7c8247e0d862c124004
afc89a512e04dae722f39e9d72831f766aa5d129c2dbfdadbce1e9a151b17f48	ok	1a4a702dcd426e3820696b16f59ccff9e81f9dbc9826b87624bce76a6d7de605
afcbb699887c1bed797bbc0256585ad8365650d98d265e192911fcc0ed01a697	ok	6caaa19c8952e6cfdbfe331aad9b1b451ccd2fe7f011df7610e23869d0e151f0
afd14b698c4eb7333279331c21a3375caf709c7fd4e8977e15ce57da570442fd	ok	5930bfaf9b5bb092c5ea06b18439a8f186ae03eee669d83641bdda9d1c60af87
afda0c1fc6191b2b84935169eb6628a8711c1cfb47a260b00aa6efd4393731c9	ok	c095fc2466ac9e2f4b39b24b707606b12e9c9291ee87aad5d8c6e052fef372b0
afeabcdd79ed5ad46211ff3d2b5451fa5dbf843fb93455a45c934d3caae944c8	ok	a8da445343467dcfd8bebc311eeb7724270c5ec29848698fc3b04a1027735e53
b00a53442fea499822f44cbafc1cf577bceb4f83ce717408b2914e9059c003f3	ok	ee4d2acb968b3b5cdb61881b4a353c09033f9b9da6298627f783a3d8128e2712
b01950f82d49f7c39b097ea7abff1a7ef4a29a17a1126a13405d5a6cf73c83b4	ok	662f199e64c32946831694abd0f84304c62ff23a911cf7c32b974bc6b6d4d65a
b01b62a2e419baeda00de27904184d99bd5a705cadab68fdb7be61303c0ebb2e	ok	bac4f6d146c106da6638e1cfd78268433cca1102665633687589166b0a6d2193
b03066b424e0e872e7d443c14a17363e3b92c5882141cf5c53c7c3aca3b0250d	parse_error	-
b060c053d129e58714beeb38c9361eb2db9d0f0cc78f4bceb423c508135c30e2	ok	fa88b86d00ee2de63f03d9591c4903a1c3d66d58130081e9d83d9151678a60c7
b098f64413390f7cb4d1b33d7f3be6b342b408c3a3dc0a03c05bfa5009c39f37	ok	91ebdb1f9e4b69ab480976c1ecbd02cba84bf687334e6b29e36f55c079b680bd
b0990f01a0c4d397d0bea08455cf0c891cc29dd560a1e3562a78b230f45e809f	ok	491aaad71d13f77fe0b0a68084a8e9667ac41a408b41036a82e99dff68fe820a
b09ac1c5e34bd42cfe4423988bfff3365691e8ba2040aa78043c2565adb42561	ok	cd1535c878c9ddeaf802937df68c2a6be3aac64d82870584d3a6de77f4d2aa7c
b0aabcdf8082dff4824f4709fe5e7dd4a0983787397f845365635014e7f0447b	ok	f1b6ccd4b504990ff6dccaca4ee09331545ad4d85df9c523efb0a31bd7355bc5
b0b8c2a69eb8e6ea72ba16cc8b122574d4fee5e98acebb94f3dd586daf80e6a7	ok	5903781112cbb915c51ed9bbdb38b3118c0505c8d5a68df0a9099e512f67f205
b0eb2581cb85d705f12633555f8244127c6d97ab8b03ddd358685915b505065b	ok	08a78551e7871096b27848beec2e6b0fd383bf01f47b65bd3aa34f362d2e664c
b0ff8ff4c0daaa2c64a07b9b02b222a1cd793ce4b807993be8ff9bc2f8e504b1	ok	530824ad32f92e1b4efeaaee1f68e7b614280f4e651029f43e92af234133dc3a
b11d8ae43791c269f64c4b499d684254c9e743dc51ef1e01bdd59339c229bbb5	ok	8be11a215bab764ef61cbb9767b223057a19b80d7574977ed2cd83f98df6f9d5
b12e525cea583664f18c60c3c2c3e1ed27c2e5d1ccb350617451673af9f58be5	ok	c02c4d3869112ddb83a31d5b38a94218bbc0e477f7c9beaacd2064b0138f44bb
b13711416e8e5dd8473745d8f79d283981914714ed453fc4a1d729c053de2aa8	ok	abf837ac76c5aa142f2cc1516974fca5b9c493ed33392a538b15d3f74d7a056d
b14bdb18cc4caddaa892daeaca2b05350cc732cff91e78dcae990e7d55254ba1	ok	86e8a2b016b44b820cec6379d05f2c877958e6d289f93343cd36bea8666ad060
b156f61441186a9a85e6f9757c2138be9db3ad6f63be4f288ca0495562921ded	ok	6d12674e02554eca916f9c06de2b97aa84479e87ecb3a8a008fe11b7c30b08d2
b174545dfa9854131cca2f5bdf1f277a725180e79c2dee3e68b8ced23c14c6fa	ok	f24e111e14060496e0396f7fd9b12c0bfb44a8b68096feb703e0a6a2d199af8a
b184b1023130b702a7ad917003f34ba8996377bb37227fb770ec80bcc30b89ae	ok	68dfbc30dccc6c0b8f84718babac68d9657b04748e192d0fb28a5572931b8563
b19f1f055e7f6f5354be998231b5d03d75bdaedb1f1e0c04b21d4cb2254c2ae9	ok	4ae36a9cd112f9c7515d8a36a80864f911d6e7c4f57f6a7d652feeb41f929816
b1c9a1ca19d5b8bdbf56916b0d3fdf06981f63db486a187e8938a65686e2daed	ok	0cc39a206551e8b9edec901c08362f5c72dad994137bbc1610bde0d45711982f
b1f201b845ee74acbaf13fb207626c63d9c712fce823e5b5822d3d409cbd6246	ok	ddf4a2e3733f116bdc11291064b93778dcaaa556987bfe052c60040fb27c8c92
b2536a83a689689fc539c6deb51b08852f8e1e7b55b474e93ee975d3ad436335	ok	9bbff456e3e589c591f2944f967059c8a92f05d80ccdf685ced4602ebca0bdfc
b270af1be992df67be291cbd862d333d4462bb96618362d7be75c1b1b78a019a	ok	8a76238c356656df769f6a28f1115c520210bad1bdbd755e07980e99f3fb0d23
b271b6b512ea4f83b4887de98d5d9f1bf9d8bc7ee17e5e9e79295512f03c8d99	ok	a54424999555f2572bbb7fcdb3adbf38f6f6e63bbd02942201a070f2a0e5bfcb
b279156f9feec5f9ad3089ee245918e306a740497be511b80eb2d13cd3c569fd	ok	b037209ed7db07b99cff2346354cc3f7b9086c60c96af72f5e7bf801b0545ba2
b28636afe1f4a65672e881c74936a3eb4eba3ee82c403bba58f297cdf27630f2	ok	8f475e067381deae3e16616baff42805003a7b1ec2c4ffc94de05fb4d5f5783e
b288769b1d1510e25cb54c95d96f7d6f0b9329fb088d5d575c9926c954c13317	unsupported_shape	-
b289131addf4dbc07aa97cc03063941128d3b11c1dc21b743de9b76921f7e119	ok	2b84c336ec382fbd0ac3164b89ca81d09e4d0bab821fd5d9b1e1a518b64c8c36
b28efe3b8b35a914e988cee267dcedce53edd0e3ed1423ad741feb8f6e2d8a42	ok	5bbaf71c208b510bc2a75a04ef8d9c2f16a0dc7d523b41fca38ae23dce5c2503
b2a852e7d33ad97fd2bd936e9651f597915562198a9f5f91a73fdf1220748048	ok	69523333f8796771be12d165b06b7a7809353f36627b5c3b1c48e78495dc5a4a
b2c1c5d277b12c57e68974b50fd7b1e4a88e011067b93bccc7f09484c1a9ce39	ok	3d8e5363f65f229a32ea0bf0a402d245651e48dda929319e9fe08900f97051ce
b2c32b67f1f96fd467bf81ec5f15dbcc6ddbd1dc43d3357bcf88fde5b917bb97	ok	097d3827ef5add8f170ffb0e1da76815775d222be38df52c5d46472328285259
b2d01b4e7e4066dc8c56c629c6f590179e5a3ac046cd352f3988f07020292467	ok	62daa9ee14a9195c809e6bb202056a0777952c2104d3a909d148a215d7527180
b2ed002dd1efade3190128dbaa58e8dd6f7e0e7ae5f9a8831a0484eba4253e59	ok	930ce43a1c078ac615d1806862d98775b4fbdbe9b06ca67cbe53dcc13f209d4e
b30860fc9de6e859c25c176bc9263a1cb4a6cdff19dc480f303ff165d3621a01	ok	a2f9a829ff24547167c4030aad890d2d981f420a235e8be5d452c01980b6653f
b3117306c96ab69487faf0c4f6db0c0fa95b96119f00c35edf027fd4d0614325	ok	d93dbf0b173b55a3bc35a5877df0cc2800e16e79c2bc8d72d0961605cd978cc6
b32f476d8b5448d152deba5ce6302722db717ae096db5a07954f090c2030075a	ok	82af1be630a01c508824b9da7de828dd0129563835581634dcbd70afbe83bd66
b338408b943c3887e6c7068ce12e1540faad79ee5f484bf7862c0a8cf5140614	ok	901766e08f05ea9c4e985f7266eb75d0022d24d4895d644239a7489ac0e4a72c
b350a1e56402a861bba03e32e9d614e35972f760331bcb2c89bf80023e57787a	ok	fe675bfaad096bc01aa5683d872a85139f9c77d926294967465000cb98bec989
b36fec45c179bd405c4b3af5cbb9a68c912083593cb792f31d46315ad2a37116	ok	9a4e7f3ccfb40f8f5953ea5125d09f89759488d79bdfae1ce5931adc630f8d05
b38447394a603b65ab0f791740af7bc9b7619da7e5c729eb0902bfafc12f8f23	ok	d9f0daffb36dfec2a55d52fd6f29aea9e1c19935e84770f9fded43457c47305e
b3941642d0ee3fa5e88bab4be2dd0e1ed4520d2da9345eddd6d9589a09137588	ok	373dc8fe85b018c9c22aaf08455b046948166227f1c72e183d7d53d10c5faa0f
b3afeba095aa38ba2153aea2364c2dc9376eb6d2cc95fdbabfaebad993dded10	ok	3236787b70898983471ae37b336fb8babe51a91e8936f5b9c6033c1910849d4d
b3cfb23ba7d98aa396dfd2bdbb43f0d8dc4ba24adaaef1f5dbc54e95642122ee	ok	099d523a539b2055008fce58e404a8bbf6806690f66ed3a082fd68471cfbdc7b
b3d781027d9d1cdbe4d9c732a17e390ad2c0f9ea427166a95890066948789c3f	ok	0adf3fabc4e7bd943691502a5f67996bd5e470e6f03d704f0d5da68f367e48fb
b3d866bd73888c7271d92a5a2e80934c4b0d1e93ac4511130a8b2494ef658fd1	ok	1de53eb604b1963a977d9d8e59f02e53be0c49f30809f98a01820fa9e01ed84e
b3da6f596676a63912db91ab74ac9e41ab1f2a54cb3634f42159f4f7c1535f1f	ok	09eeea9ec84b82741773452579bbed4c5507ff536bf08e7b7041b1db82d38e0b
b3da73cd837ff057a645835356148225fde4ef16e80d6b497f0fef6cfbefb655	ok	595956816bc552a564f60c96921c7491ad290b48ca2cae936acb9bc1b62c1339
b3f3e64a5d8234496da9f86741364275be8eab2606cf6fb5fadd35f62bd2079a	ok	4bd6f143fb77c16d0b056f0d926ce25e09058d3de16475846c4ac76faa9caeb5
b406843da927b45f61d23b65ee92119c88d9cea4ad22be458baddd8ba63e5c83	ok	4ebb48bc895ccdf6d0f9e7293330a02f5c0940be64b4752f8aea5915272303b1
b4285553feb81b9ca23065db28f5274950370157412cbb1238c21a51c5d882d5	unsupported_shape	-
b466b9ff70e967ff52d436a86dd1da21acc991d215011a43c43ddb2f6b8d114c	ok	12fb15b2215d69c347fdf69ac9ced013578375a8c5334c9d1373940d8ba9d1fc
b479481958d3254b2ab3b953443c2e24e3b3b6d4beabb3bc8f8d41afe991d9a5	ok	862ee3ed5d1ec6c467b99f30b0b0328b1e8e8422d55bf1b4cf83fd92cd37fabc
b47c24471f4c9ee2896af5ab079b24ee9fb1eaf185cf69d7c63e03d36668cd04	ok	8ce39a2e163304d210a903fde6a6b26f4f5183a7ee932bbd43cf853e99ef0a43
b4b7b5333be82b1ad815081542d3ef2aca976ba7e678223f0b74ba7f3d676d8f	ok	3876dc7b7d8df32707f2fd7e2e81d10ad315c59dadbd1debbf1a80bd22b7bddc
b4ebd33aa58b825dbedb6b2e5b56e10dc0e5466427a0d03dbf0dd16a78cf0220	ok	8af65a7d215320c127de890438f522cceea5279e260a3fad7d085312354bcb3d
b51326765e57d3f0f00c8310aee47e3a38d992956350b0d8f9dd82660f0b3e57	ok	e8ef477c79bd3f857e8fd3a30ffe4738ec1b673238be088dab4c57463d009ded
b522dc2f994d32c6f94bb89efcab04a214c3fc53729db5b1773ad2f2cb830702	ok	d9b39246149188eae00ffc1169401604a0d34261c1034679e11335ee98d7e415
b5339474269c87115704248ae824ef485b93939cbc41bede11ca8bb026caceb4	ok	52d9199dd09043c357df8e6f6158516c546630ac14664826e388150ca87f6981
b534e0fe605f5e2d4409b63460d29baa75b91f10aea1595cbe652608ba92ae0e	ok	be2bd11445b0c07019b2232526c23d12c0ad7aff4ce95feb8fd52dac96b3d541
b55c041ed04f941b91f2a7064b22653c52ce5a376195584055494f59e605d81b	ok	577cfdef038ebd75266cb7d198a6e9c0cefe4d3112f3b2d8b8d2c2b85644d640
b56ce175fdc1c37404c9aaff2f57a9dadd3394a0a446a3521532fc2fe9b65185	ok	4fa57222ff9e1c1c58d18cb91b56f1d94f311963e29e9f166b0e47013aec9a18
b5745f4f41f85ddfe14f372de1fa6cce6188a252d5604b3ab13ef1c46870cc75	ok	728d907d37b0fc83663818cd806cc2677a886b396170b23410464112e25f00ad
b58f221ebb535ef19dbeaa7b41979410e7204538c50387060fe8a74e804c3a2a	ok	4a85746baae999ccc358c3b781ae7b2be12db4c118f21ff048ecabe55e35de29
b5bc5b7f28834f5e7c34c8c61e9942b1420e8f305f7b117d243bcade328d8f64	ok	ccf3448349695f1874b6803e044c4f2d380ed9c69f4942f80d42cfc313066f98
b5c2ed997669bd9d1a9e69bcfdc4cac6c77d271d1fedd82a0601988e359612ad	ok	bd53834d7d5a455cdeb2e87d6884329af6745f1d32133acca84adfacfa712690
b5dde906af5e5ec4cef45b0d6acf622d916a290bd690cc11a19345f9c84c98c5	ok	99ef28bbbda36b7cf9b13750efcc6f8eaef5a452edffe2babe19c813848aba04
b5e5000069917b21c3d22f840730fd0c4e792704e95176f14dd5f337f21cf486	ok	6485a5fce03063779fcf70d199e41dfa005c6239588f9dc9d19788611674b93c
b5ed8fdf54e0a62a5e6cd406b28e956698c8d292ce79d2ce88bd41791b5643be	ok	2487d412f26fa5005b49f98b4cd22f98c6c5025c369f72bff23f6ea52740f106
b6263be3632689f178561c4749d0bfccd1625af87b79ce4a86d4e1fdb90b783a	ok	e1687ad759a308041501437d9a7462fab426a93e724d3b549c169af0b82dbaa7
b631aa8cb7212579c9a87c47d7b08e023cb1b95f699fb15d801db06d6f7cd0ec	ok	cfdcc51b440bfc54637bf35d84f13752623bf3cc6330598bd1f626be84eb65af
b6567eb5f30b8a8695b2396ec979aed89657ffa581f7827aa4cfeb2d1b45ff3b	ok	384771ae15fd70d01db9c8b64e742ae9c90368a8394d73028da2ea0d01d93404
b6c71d1fea5693bdd3eca8a5e64fd0615ff7fa69dfae26a66d36d5f0e8c63347	ok	8f734f53361e3fe3514b34aa52438a70313aaf3a96f5740b647f27ed817d7cf5
b6e3b762bb76cadc102baabd712ff257fe990d1dae1e9c2f2745ad2da29cca72	ok	bc4f2cae9037e123bfd9bc4ca1391e4d4e433f3b4dd594795a36b6cdcaa86e5e
b6e988667c90276b297cabb63bfc8fa2fbaa65512c457ffa94d141df81227058	ok	b2319f0eb3ce7e5ba06adf14b9e477eb09d8c25448d5e1eda299dc8a431dfd8d
b7162f36eff3a23a8c756dedf9149e4b5825f5b81d35fd8ec7ac148f3bea02db	ok	aac5d06a9b0c14005bcabafca8f8f2b44dc121ff8f40ecdcd14d8cc96ba421d2
b73a774e430ebe6e961a2416a8d78a9a3eed99aa6d75b4c8a7c10e53332d9caf	ok	b0e0382b5455bd8bba6b473dce109c9276aea18fdadc6e9cfbbc9a26121fbf59
b7750f3199634bf806d659ead1aa9a9eaa61a67e33a84c54bfa8a217d6508a61	ok	d84cf347f38ec6106ddc8bc771fe6fef8bbf1752d16aad91e519fdea2327406c
b7a08f5e7c6bb1b0439eee7aab15148fbd74a0ffe442f1c6444b09564cbe2285	ok	7453dc22347fc95ab0d55998d1a2d97542829ad4fa170b2b196224f1e1bd7fa4
b7ad9befc3c963866dd97aad6dcbe0f150068feb905d87cb42ff55084d2f0e73	ok	3ac172fa395d9248d059c5388c10d02c78075720b99474f1211ed18bf5ec645a
b7f7ebace7257d30bc1384724717f1dda0631365210cc373e1d7abf66dd2be8d	ok	2145491990f12642211ca6f1139c69364070af8e76db5b76b8c7739e8b482e7b
b8138b98c0617c8e3ff7199fc6213ed5466ad0ddf2d133a5488389f2232fcc99	ok	d8de2ae585da63600abedcbe8aa4703e945aeb1c591758d6ce1ab165ea297dc8
b8328eeb5bf7de72b75c312456b0aa64631e80062869b57f90a0942fe020c3d4	ok	0ac3b38721d7b0adbe5edd729b08f857811a1e857cae0e06563e5da5de09729e
b84954111b29a867ea7abedb921039ac0b93b24faee1354c4f7085bb0a7ef45f	ok	d5275ced7e405d421153b6ea486d2cf263c56d933557601bb256d5e5939a8d92
b87b305ba99dd80a1090e56ae98d30bf9ca4f50389142562865c8be93ee7caae	ok	a7d1b9aeb90d51b32c7883e342e59034ff402b9284e8e959a9d8b0c0c8cabc39
b8a0e004a7921c3c12988f37ad0218be7c546db79b58526521faa0fbdee816b6	ok	8bd405840ebb3e015b994694faf4e886eba0e9342d3d476a07094038c1ddcdfb
b8a903c0d2d0523f29c641653630538d6ec4d28066e266c0abca5bf28c2ae469	ok	81cf72f5901269997a53b792a82660d4e311c7458329046400daba9e98dc34d3
b8b1b816bbb735b4bd672cf8218685cbb71ece8655073c89d4110fdb726ff0ab	ok	b5b389efedd04b89e2f501101faa360c2e87054effaba1be5223990e2f3bf191
b8b488578dd30acd6bd40446249dbb4fbdc1a7e67ec569c95760aa10da763036	ok	fa3245383eb5f1684509c4adc8bb57ac904727ffd503250795476590d99623e6
b8c7818273985e30f0641b04296c7ff6350c878a080b2ef9a94d8122bee09655	ok	2c45c3794d33d163680754ebeaabf9d6cc2190b9a319f077b0c55bf6db069d03
b8e08f19bdb11eec970fdd816351a4cbda65d1b3ba16535edbb0180d5b5bc947	ok	c90d3f668e5272c563657bcc9737e8d17ee769ea1b0533e4c7c05c98c6a7e969
b8e3396dfabbc221cb0ace0f1c1ab3a1bce9e8b0e806f5f25209029ed0470f7d	ok	b0e0382b5455bd8bba6b473dce109c9276aea18fdadc6e9cfbbc9a26121fbf59
b8e9c787481d812fbea1f114639530ca3a577db2209e8dca9014735a930c9af1	unsupported_shape	-
b90c27e7ab4b5d45c416ad1b1ca85ddabd000b89ad2cb1d72f91b48c401e27e1	ok	e5cec8898759c806ff8c145e28e63d6852298b2c28cb8874ef7ff4b8c3772ac8
b9136f445c91d2e9d0ed07abad373aac4a88879da8f41a066675c09069a3e456	ok	69013d867c91c3c9ec88d4e5a0eb35bb5670486d9cef9f64423fabe6e45ad410
b91d7f2d352b73e0bfea4e750fefe84b78cb26b7defab3fa5105efd217483c31	ok	1c83bbb7aa8d97509224f11acdebaa080325a5e0257f491ff3a5257ed3598cce
b92ffb032b992e9bc0fdf65d339183f094d4712776622c5d2ef609ace87fa6fa	ok	cefa831c5f1242ba96c1bd78d6be6763a50cddb7cad8bf7f747e3d2aa922e005
b931f3390cc1409cdeafbe9cc05c98e87a7d1c4545f6241edb6c92ca6e527b67	ok	998aaed8b9914c3e1e97977a1ed377da105f12174ca7e8fa29a464bed3e8fd27
b947d0ad50abeba8c2c765bbbd8dd308485b64139539225a28bdb1734833d7e4	ok	d533e2d15f1b3b45c4845a3a94afdb9a3c74486ebc69186f771a3ae7303dd585
b98ee9daf47825dc9e73915205313777e16ece36360f3d22f81eada89d8d538b	ok	5b9636eea83ab318965d0d1768652671a486312f9df1dfa0bbcddc2fe491f66d
b995bdc5bc7e96dd411ef97df02a8ef0107f66de9b5ff359217252b71b41470d	ok	ad801bd71db67b78608648ba29dd1b1610a9839ed9270958abd844b7fadb6036
b9b5b247147ee67f14545bf113b19939769008f119183eae984a07ac5010c02f	ok	4a086ca23d7104a1915b756e8a326d880c731a770cc8f4c42ae486922e636216
b9b71cd66b81de3c13460674fcb6d480fbbdd3006f9b2bc0c12e494f0a55f910	ok	244f6def2c70f436793d9db01251b6059f3ae0854d9f5bede9a5f2e46425b071
b9b99b3696aecd559b8948400e1a5e8531f226f954e644ae4eeb3a9815ed17c4	ok	0ab8a4c99b4498e5a6dda8044e41ad4fd6c6042476c66673993a64fba1b8fce6
b9bde5a2c1f357ec4018c1dad79d4346c760f0737e2edd68c56b15510d0263f2	ok	e8ef477c79bd3f857e8fd3a30ffe4738ec1b673238be088dab4c57463d009ded
b9c5be8f53aa5c957e5d6a4571aed365685e88f57fe22353adfcd71546795a6a	ok	25185860980d8b75a684631442ff123b762b5f95acba594bf56e01a531db7145
b9cb8284edf2b596581339904c412a87c3222239ced41336d9e3d8666e09cd88	ok	3be0f00f30c2c87b36ce336408f0f796f5e4bdf34aa610d75a2b87bf0952c8b1
b9cbcc51533b7550847a37b37ac7726b5415221ff41409e8a036fc492a3e86dd	ok	70a87df85fa9089acb2a625780b1dd36a2fec558d7ff14d677bd753520caf866
b9d5947fff44b9ce07836e4817c6e46629b3d6ceb9ff35723f237d8c1c28e18e	ok	103b76c30602cffc1ff3d51be917857dbb1b7d1c29287ec7a3d5019ff3bc62ad
b9ee672c608dcc47984a9fa5e2cf0bc3456a357834f0daad1a3150eeeec5ce42	ok	5480b6fab553e4d25085db252f7c91e827ff043bd4bc10ea0b6ece2e11cc5d80
ba0fc5b2cfb6899d40ed21b29e28a79b83fcbc04817b1ed5a196ae20830ef0ef	ok	662a3a90480776aca13df078a0069460383038043f8f138ce1062c464416cc9c
ba1f55d7761ca515dfa964bbc42791d230e641481ff9314040c22560a2c45899	ok	f51b0d80ef0f7648330b8acb9bb03a6a8c41265ad3cf1d2ca2bc6ef8bc6f07a5
ba60864fd72b7ca28b8940e64fc53e1a69fff2fe2b4bf1cd936dd15337537a0d	ok	78fce35b1847c26e24f6466d7d2799939fb3fbabaa80fd2614600bcbe8408525
ba8c71e94c8dfbdfde9147b410da96a3b18cb686e9249ac7074d9946309e6dd0	ok	f1b95be77a2a0b62a95c85078821d22e61e0481bbb1c8b11cd27265d5b28b7e3
bab769c80ad7c9526a076a005159eec5fa58ad6aa04a7e6ae2e2fdfc10352334	ok	6c19f55472aeecd8fc67d006e5ce29f27a51b184bd425702bd55c584357044c5
baedf15577ddacf8361897bd496d77434cb8e7c05c31bb0c8ea9839da5f66e33	ok	06ae4eea96cc6d533778a69096284b5ae2c0954b0b0492fd56b554b8cbad6bdb
baf3b85e039ef034b82acaf12408658f2ae183f54d6b2a021fd631756f02bc49	ok	ccb792a9bdcf96d7b823a7be19b1f407dfad0cc34b086893251717c2963a9d2c
bb0ab4adb3395cbcea89c861afa09fb0e7258b488a1621e4263a5d5bb417174a	ok	a0426b7d6676dd9d6db20163aaafeda496586524e64a13721acde1584e93ea42
bb18344604538409cb22bf5175390ac36675f52913a3f5d524331bb48cc99d5e	ok	95759f368f3cc8e753548fb85aadebd36b03fc08773c684946478021768a1285
bb1ab851244a0debbcf0e7e544222ed3f0824d9ce480c85410e7287a78189e30	ok	63827bf67693388d2b863845946b772143a74833a4a75af4cbdfdd8e64d91507
bb457a11bbf3c010120ea6537d34d4a40bd78a7b2ac13f0c09d13f776f67d761	ok	a1f9cabe8f1a04b0d732068fd113a482773198efb89d487426d6a938b38af5f7
bb51e6c2404adc7813f6881fa0fad4c9b7cc385d647a4b5ba599a2e390488fcf	ok	7a1f19f7856c75d265152c6f5448dd5cb2543f5bd071852e0a89b2a76a092d5d
bb6b9901868ce1a34f189206ffb3cddf315856e9cdca41d5ed7a3ebe714fe7db	ok	d4729666a5bec2ab62c95beaaeec2ccd416e85c73b26c2b46d583b93ca5f992b
bb73ccfb48593ca3a937d3285f990ed64573df5b9fb6653e555549728837468c	ok	bd53834d7d5a455cdeb2e87d6884329af6745f1d32133acca84adfacfa712690
bb80a79d5540479760c2920865bee348d74b6eae7f63f558d58b06ce16a78d31	ok	4087500ecabbe4038f636e7aeb4af788ac2601534ac71046124e243202083f94
bb8c0428e1fa1b7e14c9d590b9827c1352bdcbf48e6e6edf0fe46013cf25d796	ok	68459e56f58a8699b84748b82477382855dea3a5f3a90d73375f1eff7cf50ec3
bba874b0ea3f6c1cce1abd92e77d60e4ba11fe02676a7aa2b1b01db37418ba14	ok	8aad13d154db300b36b647e84f9978b28b0cb711af17f90b24aa275c52cdf6b8
bba8b9347ad759a4d2255d9f8621b0279539a4611b1c04244133f2d2ce102deb	ok	80ee5b11a2e46d1f937e47e7a995e60de13ab44f6313927aa3255cd5e6def6d2
bbb1827901cbbbc7e0e7c23fba54d7f871161edde987670ddd7553edd05983dc	ok	8a67872d01ea0c3fca08472290a944b447af64f2f916c8f56eabe12834dc8a84
bbbb3237e4b2f1ccaf61c2a4a505971047a47ae241ccbf0047a2d1271c4eaf7f	ok	f9c5521ead844cf13b5bd0dd11ec47438416c9a31aed2ce531d9119ef05bf344
bbe0802c6297e151d3ebe628a2b3a66317e89d7ad3b8a98af12d8b79b93af658	ok	372bd621d49b26465407fc683b2b9b95f4b15b1942b9cfce9dfe1948e75ada67
bbef3e274e305c4f375672a63a99ba32ad9161870c46d2d403d875d6ce507ff9	ok	4cd477cba093c77e6b49d9af213c79f57126d8fb8333fb39bdab109b4dca10e2
bc0351391e9c71c553b269f2c5b0115d1e6f71a2706ccdbf59d744e15e141062	ok	d92e0b94007b17806d5656c2ec2fb655c249bf0ca4e174e935c2e03d17b77ffc
bc0f90074990239f830130407445ee8920905b95991cf275d4c4f0b07958ecfb	ok	25b383552e77f8fd3d2c3872c0477bf98a8dfe523f896798bd0de028497d2513
bc19273043a9ea8a0126a724cd6922751f78389cc2ce693939dfa7d9bc9b5bc8	ok	d6d152b486a8e4d5fbba75411b9c7ab32dcf04009b9cdc8ec38a62c88784e0ba
bc21076f0cd3ce19e23feee854e8be232fd5d075d027073be34f8a172950077a	ok	952fcaa088586f8adb7a29b2768954c33ac7948d9a8f604e62035d79113de8e4
bc23772c2c55e4ef4745c5e160782fe0f4d89e2a211c05612bc95471a8702d00	ok	1abd4a7dc4f17c41c2a725cd109472a177ad73f573ac4fa0d7856cea3847e7e0
bc417fe733877c72311a7b4ac36f1b486c916520c3f3f6eb1d4b49ce7f4cebbe	ok	e86656ec42cd0e69a23b9acbbfc3a39c1610e0bc6edd8818e12eea2bb846bd7e
bc423c01e3311558a9ece4ca688957b5a5e0d829896e55674daddd3eacfd18e8	ok	6905e7beec49d66b140e5c43a56682fcdeb30dbad4cc069f9eeb71ffc05f09fc
bcc46f54c4756948f7bef03451662abb3fe9ba5073bcea982b4d6efa0f58f77f	ok	fe1a587e67138bc701572aea40c0a33e475de9e0c4f65555a36c0d529d8db419
bcecbf5227653df2a07355ce54abf5cabe8d60a45f3f43adc7e3a70cbc7d1523	ok	71db9a61b6206a68624b3bdb5504d4706f462ab25049cddfa152ce8edca9a8af
bcffaf0eeb971880661b5f2fdcc3b02570410f8a3c260d8f67b19c1c43ec1a59	ok	fd5808b9d96a59f568ff89d804ac3a34a9a9a1f3fe683d3349d561580dc43877
bd0584863fe9430709c41ef53d719385a050a11afb3b8d5e0093a36d750e2852	ok	f7150bead75ab5208ea1ad6561406030dfe66fd8045ff7f6de5e306c395cad84
bd2d1aa7a77a07fae6c42358f485dccddf9028020a60cc13d9be41c67133ae17	ok	4a66c0846d8175afa77283a903195c325ef82b7f6c3058adf2c5e9a0ae56b6ef
bd46113bf2e56e94dea7faf59717fabbe401ad0bba1cd4eff6a3c5b7b8468416	ok	dac49651110a373f52e182dec5a8b458036f73d9b5743413bd05c1c0c542cfa9
bd509c7badf7bc5f77d2d08042c6853241f7cf16d99fa6746115d0f512c3a43a	ok	775bac489c0dda3d44dd7efb2fd957e5680f82c8eef82b448341f82364a24301
bd812be963f7257a91e3dbdf25ff0b70b0fa87a997a61712af3a934e2fd55583	ok	a176475683a953e9f35bb9bea257c6fc6f9a4787b668cafcd5e2111024d6c2b1
bd9cbab9e008073888aa018a4e3758d2f2d211f23b801c3d79e7ffed2040e68f	ok	675ee0ff9b91197f24fd3b8821dea6f3573e06e4063f6d0a40df71e5904e4aa9
bd9f9b311d6f098eda412881a602da08e6ef4a0eef726aa936735f7633910519	ok	820c833438d07a73b3fd51b135050484e9278c2a968e19e8ec6b6930f7b01df7
bda2b85a3b09f8b1859a94f32e7ede6663a1f5404880c3c95bd99687cd09b327	ok	d5024bd9bb9ca39bbbe9881bc0a3b5f61fe11140a761b77d4e265c2f678605b2
bdb7c10dfd0a5d467c8239f5ce74a9d126127c1b8a029155ce482b567dd91ec3	ok	232b57e21342d854964ba2d5363187f2ae0e6bde59d097ee372bdce248883e68
bdd15c2b8081273fbaa973d1b6d863610eb55a047aaa2ff039088f0e5467eaf3	ok	ef8a110dd6fe3d2d6cd5062b0f82a2e4a85924112829f69e62ab1301619c9cb8
bdd3a122da85d597f80078781334387d3014937b587107850cf82a9570d0f79e	ok	e8ef477c79bd3f857e8fd3a30ffe4738ec1b673238be088dab4c57463d009ded
bde1c15d11c5f6d6f5605560c1d6f4826f219dfd3a03d10e8586d201f26491f8	unsupported_shape	-
bdfb7a2700ef0b882fe2a662b3f7580558ae1ee947528ba2d736b03ca492dea5	ok	416e12656d1d87edb6d356883ff9251dcabb91cc9c13569576ec08df0ae9830f
be2317b03dcfc428c55b09a678d8b1fff9199eb35cde6c4cb84d648763cb9ad9	ok	e5cec8898759c806ff8c145e28e63d6852298b2c28cb8874ef7ff4b8c3772ac8
be283c9d75cb3d13f8fb6b986044d4d94ff77f1d0a3735fab05962bdcc1f371f	ok	3b4e459de48b974a3aecd5fc3172dc83779a21355500b83b5ba36d9269f726fc
be3b206636434f45a1bb164a4e939825161e6f65dd241c60b6547575460bf0eb	ok	480ee2620939259ffc2ec6ae54b4af450c9f3102023e1d24feef27db99c32d32
be447246d3bc5ab3e141677158b648d7ec3734d788e8633308229c73f1524283	ok	3e8966f8dd9a8f694409afcf40b7e21fb74c9d661640de639640fdd2af36576b
be44c36553aed1167470f0a6aa1c249c05d5e677ff0b85be6f918dee99e42753	ok	8941c02858ba0cf68c813e786cd443c5a5ef6b9c078142e770454eb120c86250
be6af7f06cb46a2ac7d558caee38bbdfc9e5f1550cf7da04a4c83c8c3b75550a	ok	51c3f148547c512cc68974ab276a04ec30fed209f28e56cf82dbf9cc92670539
becdce1ff9f8afa1fdedafdebd7ebcab6e6c4df55a015637927b318b7ee1d388	ok	a35837fd9369ca85eca3ccb4757e4ef7c4fc2ec3a6c8e8d299da23da51ac3d01
bee9d8330c45b5b52abaad536731e85739c07503f24e36927de19ad5940d5caa	ok	4f574d0486cf1090c4e7ac3b6841e304332293980a2b009812b197410d40988b
bf0704dafe03c2a4ea634628ba029e6e40bfa9c9253a0b824544598f2d16c957	ok	a03b1061ef384b00879537bbb84abd3b14a995b9e3ad78ba3191513d98484d38
bf15f3e4cf727e9c9dae7f88373c65305adf1893bd93f17535049976ddaa61f4	ok	bb41ec1e88e182b08f38d9fbacc7c21cff9f465d6caceece8cfb1b2c030263df
bf1c476e49529f95c551102fae8a4676bf338baa900649816ed4718119c0f9fd	ok	42cae656efe12e8d020194d4b76715de48e8a2837c86070a8c27a6188da46411
bf327134e6ef22ac46f935acf3c0ec965ca32056d2e73c6a1b0eae28bac9eae2	ok	a4453672c985feeb7f9bcc63767b4df228572f1f3f583e0065dbc3ca143d9349
bf4096685312d25722075f81fbb7630b26f575d1b0c220cfbfa50edd7b500e32	ok	390e2998c4a6201013fb85473a65726eab6425c4e614635c89d6853f14106b8c
bf49a8f60b5a44d3e082c1a4c157fbfe4638c9d1b7579bd63993ade2fa602b95	ok	cbd8961ffb4937a7c98d5ca14dc6468106ee29b7df898a88f88956a7f8ba71c4
bf50ad6adbe038634a67d6fab2e762b8868ef7c108531fa5e63024eb0d2a9e40	ok	e9f6e30ecacd6d5e8067d9ddef8688838698b6133578be4957ffa67efe1b7158
bf5806859515eb252a704ae034f7a4df2307d489503eeceae560ba75b6588bdf	ok	0f52e74e40cdd46055afa60778a80847eb7920ef61e1f92f25ce3e270de04bde
bf82ce93ef65533cdaaea091709ed7efee8f049749224b394379f3e86d02513d	ok	10e0ca308cad77c02b45648d73ec59f426fc43e7d73f5894842befb17de2c595
bf8d6dc13101587b4d14d27472633e242d060e59653a9c6f2ec5e32539b24239	ok	49349124d3a2fa42018986455ed520e7501ed52347208c39142e3beae41b7d09
bf9d41822f663904fe2e5b337b87403e2f7cf23aa16629395a13899e8d49a161	ok	d492655ec4f410fa9a4c90eea72fe1028b7e626901889b85976573795f8aadc7
bfa4b3574d7a729d2ac64255b8af26517a5a949c3429c5bdd6bc743a0210dde8	ok	7cc56c4f838c3907fb545bc08343ed473b84531a57f983c0afbbd8173a7f99e4
bfc415694879be49c919fc2e53637d23da375b299313db12935b64c40ed1e8d8	ok	ee8aa3245bd25239608a776ad6acb4b0c26cb66fa4be6dab742dead52f0d310d
bfccb75ac8065223b73914c9c7024bfe2f8b09a226de483a53b0b02ebd7724cb	ok	71ef486225982eac77734778664ed9ffba5ecc216df2ad1b16cf444a76fbee53
bffc46adffffcf5fa76100cf2a0c1a30f75f1ddb6d4cc5b7e9793cb8328a6916	ok	8f734f53361e3fe3514b34aa52438a70313aaf3a96f5740b647f27ed817d7cf5
c0231a0f5f0666d95921bf781af5091ee516d703b626c6c90d470951c6c51bf3	ok	b86d6d8925366288d85459893c093ed23fa9d47d45d4738c3ce60a0f77630b10
c03dfbe897c4fed01ceacffdb553d0ec5ef6a0efca502b8daeb6c63e5260fa16	ok	d3430b400530a43ef2f780f7db3c034cfd486440e935639cd60441755cd75154
c0474073067477cd577de5e03e540a4d174cb456514964f20e1b67e7ee21fda3	ok	ad18c51127c20b9a51da94c7c1bc43d4200215fc75edba47674f22a542e13592
c048034a6d67ffdb2eef5ab8caa23c2787a000465dbe87d5855fec64e3ba4e64	ok	ceaa75eb12faae86a15a449fc95383f6ec66dc2d5ea41b48c73c2d22f2b72dae
c05359b6276beb736888271a246a49d0920fd7f5e49e2026bb117ff01fbf76e1	ok	2a3b672e158d61872640bbfd252382bf4cbc0ecf87e106debc24b78e6529b4a3
c05408ea539b9134eb394a035c22c62fe24454152ac770cb8a2b1a9ea770ca74	ok	e607cc4e01492a638a71279c174fc97a3e31359db20c2a3b76d75ff7da987328
c0707b0c0cea086bbd570b4f5427e98f506fd001f7d270657b840839722829e5	ok	0dd41adfd95e9581df44b60a40113ccf69bea17003bc414a9750b66cfcb0dde9
c07b77ce0fa616de3e5784d18796168a8dc49b439e6ab7dcf5afdc126681c27e	ok	46b5c81156e83adae4860be596cb6aa7b950b0978b64ebd1686d5b91a6ab131b
c084907f0c49debc5156a64b6efec05fabf65dcd45f3a92879808f17cf206c5f	ok	749a949dbf8a6fa162bc4b20f67160f124884d80c462922fa1a1e74472550191
c09662fa61d04d383a2fc299e116b8d28b7ffd690605f4b87b73980778561827	ok	89e95ecfaf179e06c1c2b8d91a0d2654c38d42630c0bd9909980df437b06768b
c0a604ab325d7f4deca7a4c13542cef533739d6702c19d083b09a896e7c3fd71	ok	10ca835c9425ffbc672aad19524b2f904398823100008e7b2bcc61023ceb9a11
c0f365d4250e43652a693b413072e01978fca139ba5da6bc432a22fd593a1f9e	ok	bc4694f9295ee9b6dd17b6ad21cec4bee5b587fc7b957ae57ac113a164a13970
c111ebcd4458b956e4b0709c177416c4536a0f31210c92e5dee504e4258726a5	parse_error	-
c1741641b03ed1e0f617adede392f0d6275110b0148a35bcefea5803bd5b0ffb	ok	2848ebf60d2c4a3df678334fc7b1a1492c0cfc00c0df9d535a1929f1e76ff58b
c17e912347e7e7402fb7d7b32ea9911eaec0cac778a85d2465139f611e62880f	ok	a2f9a829ff24547167c4030aad890d2d981f420a235e8be5d452c01980b6653f
c19760cfac08d1f90e5d19d0fb8fd04f87e0bafacddf0a3c3aa64f5f790c2350	ok	bbf9083440fcdc2ca3497bcb656475d1e6133b4e5f702baaf7397d251da0f572
c1a492efddccf4acee5932dd18bf70b573c8a8b9f804bc53b32699287b6c1ff2	ok	9508516155eeb1d07e6c80e2ad8096ad275f667f124f1b72a9ef3f5e8251d780
c1a9b5ba9acc55dadcc417d8480f38ad2c9c3be2a20347905131eab8e942db8a	ok	9376239dfe79b534827541d1aaa42ab800388658eb1e456329af39b1b4ab49ec
c1b09014bb2f40c47bdc7b167a73992f603c32a055014954e2578f2a03365105	ok	7a1f19f7856c75d265152c6f5448dd5cb2543f5bd071852e0a89b2a76a092d5d
c1b4c159d28aabafb4e5d43139348fad3bc065713c53850d43af8cad54ebe05c	ok	10f29d4b02593b7e6f8b335c0e5344d3f91a4e8cb7766ab6ab3008173dca7240
c1d1eddc0f40644cc18220d65f42b8bf91101aea30496131e2814d5922741f64	ok	0c37a6d299bba3da79b493d84c635789a9cd25b9558966d6dde58be36fdcca27
c1f38b39fad3c52445ba40af89329c91b584e6d90f0e87383d572f877fe58560	ok	bc7b1116263ace5a0f2912a22280397754d7011f317f8d847d2296ef8ce5366a
c1f7c842690216577b8e86a24b5d5bc39d3a6daecbd1c48919fc79c50aafdce6	ok	b0cf30b6d8169f2319b427d804a585e67b2040f0562a20d2ad91694b30508784
c1f824ed04f047140bf85898466f23de2154b8848f548cca053e19c9f06f288e	ok	3dea88f587c6e8a0449e67f90b46aab163dcd89084b51e58e075b7659970e56b
c207e42918dc4a1a939c4b2838d7add4ecdce70a50302e69f6410088dadc3027	ok	4f9bd0a7aac8d8e16a565e6796da722934a86226d173800eb8ce36669e8f7523
c2350fb287b7a415c09a1bc4e4b8f340e48f6aee07b3e44bd86f4bc76a05e246	ok	83c1523440bdc4343287d1c68b7fdfe1340af8d88ce73062eeba35b5c3ab21ad
c25beea9c80dc417368756257aa55f024692f8129c6ec684483e25b205f6cdbe	ok	12fb15b2215d69c347fdf69ac9ced013578375a8c5334c9d1373940d8ba9d1fc
c2930676f9a115bd70d6ce80382f15ff29a700c96f7d35fd3ca1688956943a5a	ok	d4d369ccbfd3884c210d1f243f6b99d7b3fb707372525dea4df4da0d864d1db6
c2a8400bbbc4245cb44272a70dd94efd081dde00aa6eebbe12bd97fe1babfae3	ok	45af6946d86b70830ce1b02ef01b46ac367e031f0207359f12562d1bc93eb751
c2bdca415ad562a21d24bf7e95b23cce1b6bc4ba58f519ed7afdf69817b455ef	ok	6bf8ad2cbe93c69d7518bf0af191f954740953d0ec7a8a307f37ff485a495ae6
c2da81aed66f5e287044c176b2377e5c5f25b6328be08600bc6f346f58d5c8fc	parse_error	-
c2e23665fec2812bd352479eb221484814730f0b3eba6f086314777c9831c4d3	ok	78fcd288369032a2ac93b765a7f99c11111578b5f420a6b717b829aafa9c7860
c2f128548642f85fc75fa17a9edf1d9a5efbc1b9b7a2598291fca4b28bcad83b	ok	a00f7d94f40e96e628139a4637d6955dfbff7435402d2a47e854149800cd6036
c30f5e0a06f31b87366a26b256c98b18245b7dad036bb35c9fcb237c6522988a	ok	45e5993b84d39f072a7c3539207c9e03a89122d209b4fadca4029d6563f94b19
c3234c9496d3e10e056d440fe24c0065d01c53333519f1a7a495f02a4be26c51	ok	4ac63d4daa7b2f292ec8da4ea9d25bdc65467018b49ca93825f4ee6fbce82ef1
c371232f544c02c3ea344687bddc58dff7acb402b670543cc4831e5a97565577	ok	b9d95fe6771ea907036b6b96b5a0a00ce8154451356a7fd0dd36ceba04f0c83c
c37e810a17acbea884fa5549e0e6cdb5ab1053adad66c13e45757940cc35df72	ok	48c25080897b2535c90d234aef7ed9803d4ba6ccd33d4041ad1914e486c0e4d5
c38462a1a6ef89c18a525b4e702d1dff928d18c51c2174d74269b6d11d44fc31	ok	1767186d18e91da121a0dd62fc87d8118343679b0fea124313f4c12efe59f79d
c3a8007a0cda3281dc283f8f00283fb2980a1f624859ef90c737b71c7150400c	ok	dd9396336cfd5e2ba0df00efd4c7f27252af655323a500438b0e0a7eb22cc816
c3aabdf3025a443558f628f5a50562e010c1f722413e9b8d3b33b9fe29aaed24	ok	033b3ba422257fbaa2974752712aaa04fdbf3a7535dcd846de541ebe83ed7ecb
c3c03bd2661c7e827b1a939ef948e3df1fa27d352053f68c7aa4397a49df8317	ok	94290e50b46c7417400b589487f427c2f468b7cd4345801065287f4cde75cb9c
c3f786fd897fa61382297e128fde6e1d61f601d844c96859fe2afae0021a063a	ok	532987be27177e838e14e5c37ba1a38a12bd08f175f138a0df87ce4383a5569f
c4076c4e1d1d8a850efe83b795697205f95ad2fcdda3034ef4d366dfb412b917	ok	6f77c5957f6b348b63cef0d7fa6fb1bfd7cb461c8b35a2da3b66ce14d697a121
c408f297397053442466c7b31d9a14ee58c786f64724d6d22b38e68ce540a8ae	ok	bb8952cc2f75f2267e3e22de8888a942bc13e3131b0f50d7ea41a78b696ebf09
c4124881024b1806ba164644330f1299995f4c7615eda04fd0d5909614fc9df1	ok	f4f7b9833f82f507d584a8d04c47edcac29269f1775a2f97e1edb134a56fc86b
c419c79c947dd1d3b459fc1b4597bfe7dc38324e62aa7cccfc42bc37691e4f02	ok	bc2a700fdafab927abbbf1b3f37e9d0d65c531da446c205c848f1d8872aad610
c46c9caec6b66cc47cc4dc07312502f7ee55eee0308f2751dcecbcf3e8a0bf20	ok	c7186f67a8b3550e65f2a11be8f71a2525b63ebd31c81df2048d32f686350f49
c482f6db3dcf2ded69cc2eb7498a982cc688c164e3cb353f5d27135f72fcdda6	ok	06848752d35e0c96696d9b3654e921ac02cfba1cfa4f3ce1e3371ea30f7cc80e
c4a5ac916b91f1d9ebf5fc042e5ebd997256278c0c17a3a31d0e0fe122cd41e9	ok	21efc28540414dc89a5b1b7b9a04d6750e96a689d4613437f4ab9b914156e9b1
c4b484948fa5fd7830c08570fcfb82e82acfda83fc082c80a4ec1c7b1f7dcb42	ok	1f55431f6032145be6ec3f7a5113084b4a277229798537f7359b47e384484862
c50f37b6dc7593381e30d0747ce97069b4ea71ee11e2ddc865f5532d87934ecf	ok	5771558cc3f58f03abcd80ba933bd068e57207887f7ef941b578eae85f6b8c77
c52e555ca4722cb4898172c33d7ec4879e9d352a3b771fe715007025a350bd90	ok	156822e0782f037eb4a87b0dcc0823dab6d665670dd1f7cc1f00bca0d27f3c6c
c5314fa73d82506af0f7d2567650c4a7ce7a1b7e1b3ca471ae9193ea0127bc87	ok	b48544a9ab76e8e9d28307fc75d1a54641ffdf987c03f8e545f7b65f5ccdbbe6
c5385b45c0678a30d5d709679d877176b3a6ffe97198624dfd6a3b32d0d4f0b0	ok	7e30a7462d7b2323e9734d6dceb658e8282a83655bf3a045993f769d29246217
c53c093945be4cef71db5153c20d0a44fe3c1a202cff732ebb69addde06014e8	ok	bd2b6857febe51ab4f215cff2d028c7ebb8d56c7b5a6aadadcd43581964f2e3a
c54871a14c9e309bfea542686a3feb0653a6825393eaa10eee4983d8ef5bc8ca	ok	317b24671518001fd32f96bec9570fcecefba31b5d95779949cf477e60dfe92f
c55aa87cfecdd0652dc004ecf8e3b41fa5523363c3875e9e6b6b5f7ef76e5efe	ok	2aee578a7d60affe9d9d3834c464e632e77b446d192902379a117033eea1f40b
c56260f0f8f442c7c5889f7d27f2d1ca2569bb60209cf30a10bdb031f778a2fd	ok	80540e793eaf014d8a738960a60f5fe2913ba5d0b60ee0b418ddc1da28cb3157
c56c25786c0002f70389a3fdb7dacbdc4fdbfb28a621aece30da69272b6d63a2	ok	7dc7253084ad0a8f04f274df137ae52ed0ec1bffdb08774811cd8afdc8fe8e62
c57e3f38068979868d5e72b2af61d012b57cd3ccb0dda7aaccf0e206e1f636a8	ok	c6ccb08adb693e7d902e3c46b92cd91a2ca0bace2029cd3f48f90039ab41b7cc
c58ffca7a699115e11ef6e516a867eb021f317366518f153d114ec15aee5e737	ok	c0f175f9d3505b35f6bb3105dcb33419c9e108825fdd08da1602c29cfc43a6e4
c59e3fdaa8f587dbf9c8937ae02a6df5bafb2a1a8aa26bee056dc1725ed195b3	ok	2a56f63f63c2fd172d01707e921d7991bfd6a75a215a4b53b47bb28a972c08a0
c5bff1bd07731a6a34bf9b54896c9725ece354b63d148cd6cba379c9eff10251	ok	998aaed8b9914c3e1e97977a1ed377da105f12174ca7e8fa29a464bed3e8fd27
c5c0232ec315e6abb8eac05ea537bd66ebd4f631a5728a5ca51f81706c96fa5b	ok	c4cd10a55468262875fe79fb99ab19f4ed6d162bfde013cbc29d060b0b10a036
c5c4903afc898d70295833ccc1901ce6bcfe0a0091348a82ec2e6654a038c8c4	ok	376c24d1326975b8f7c13df135ee34aea7a3b3d0e212cf120296dcd50afc0f0e
c5cb46dd0cbcd56fc83a7f554c2c2541ef3b3bdc61ae880c96e00ceaebfdd2cc	ok	ea5ca2ebe332d95bf13a3626e2b9ec797b59939ccb8723d9a2e57e5e78ed7a11
c5d3369f4bf58bb51a8180ffab7af762700f558c5797dd89069e3bbd1ceb83b2	ok	524ca6183c511889efb83e6b8c27145472b22485e983fbebd57053a45f051233
c603fb16395160c5f05e5f252eb9c175d0c7b881f2cfbccd5b7a4f5e86055181	ok	2de275badc6cb50e82a05486b8212ad682434ae53ea3d482dc33f91695316c4e
c6048eef8e370bce2d171f573e05227b7647cb3096773ed1716ec140c0a2a5bd	ok	4d7901b40e5e0d30e366db483d1d33b72273f6c3f576c132e48b5ca59b93f1b4
c60a886b9f5cec54e7c3f669f42e12fcbccbc80a7dceccf910f7eeb75e863b02	ok	92bcb80e53fb91457a00955e3db4d723f3155cf5b2fe0ffebc789403853d30e1
c60ef9d09f3dd95b1448b6c5cc41dcf8ff46ded1c1d9aa9fb33286b0cfa6fe7e	ok	51c3f148547c512cc68974ab276a04ec30fed209f28e56cf82dbf9cc92670539
c6136029ae14e230b5fa9e0126cd8688f65af6e0e73f4eaad4383352e4d826f5	ok	c3134b15d453fd323b89cc7e48c74d69e18eed605008902b191a52c39a37a1ac
c616fac425edafbe8e324b58cf568b33485758b8898bbadbfc7195bc12de741e	ok	9d7e1b8ac79df529499434072f1133c4e75789f08a386c4b6ed780da5b873cb1
c62381ccb6d84d8a9483c27bed0860a60a1ca29eda04fedef74e7f00b0ec0d87	ok	e10284f7c7a8031c2707b2706f29b9a628f7c542a034845a304fd85ab9eb2c63
c627a8c715d26e93047c349ddb8719e4003cbf304f83337e9dc55ee3371d621c	ok	40614e00704a24c2d315b5bef4d3964e020a93bc32d99e96abea18986e328142
c628885f5309bb6371acbc8bb16e741e6e915b4467cec204ae58a2f0a53d62d0	ok	5bbaf71c208b510bc2a75a04ef8d9c2f16a0dc7d523b41fca38ae23dce5c2503
c635d364c44681a007f7eed9fa43b8196df2f7e41c4428bf8cca53ab214aaac5	ok	b34575e404c8b5c14aea298625b0bda756093c6b826e6179449376734c8a19e7
c6378eadb35063a6c3267e913c8a817895fa0ea887fe51453b34785a0b7a0002	ok	9c576d93e958c301f45ef3a824f798afb81a7af5ade9234caa08c4866b55fa52
c653286ee2759bbaddd0ac660d0361972763fb89dd0f2a828a9fb835bb23cc7b	ok	fd2d53c125e01396becd2ae989b03d9935dc4c6bfecb28022f420a9da445ba73
c67f2650d62482742dc0dbc7afedd3848aa4203ec087230c47d445d244d0ec78	ok	610d902aadbd822561a1898ecd8164d2aed7f099ad8d1951d75acd627b87c006
c69b6b18dfdf3f319f933e531ac705e81fc2f8686d823e4d8395b49777979e63	ok	320c737f9acbbddfc7d858b01e9153a0be576e2822699eaecc2a2fe768fb86ff
c6a73a579e8ce9a008c3be7b95814d3dac8bcf8fce3120792628bd49233a29dc	unsupported_shape	-
c6e2bc66181e48ecd4e0196c366dc376cb7fe677867daaf48ae51a271d653444	ok	3be0f0c8bd6aa4739432a6de133c0724fbf6de969ba14f620ca5b21cf85ed9a7
c6eb0a1324f2437fef4e12d2877460c464bacb4dc17060d215195e6ec1412337	ok	d8783c64ce9f84a83f9357ba1fae472c601dc1f1c389ffa96191cae5716d83b2
c7055d6b54f50d8a2683af1187fcc8d66b92d62772fc788b6c491362459c8bc3	ok	5119667b15a1691efe01b49e85b41357e57b701a483d5352050804503038cc46
c7077acca9818e6f12e03aaef98542968fa1748930c5513fefaef5271ae8cf24	ok	a12409f10a4db96e617f77c366661abc1a12fa2ba7d8e16d2ff2cdc4feb07a18
c715591b1647a4e73ad81e8ad5fa6d24e6ca7cacee5522fe51a705663f8ac7b6	ok	d6d0a386d6921f7d87cb16a3fec781f7d6d5408974b29e2dddc1fca5babdb366
c7163aa87ddffe54b14e45fedc2e9391bbfaee93fa184cc597ddf7d0c3fa5d01	ok	3c41c02ea20f095daf81443680a8192f2ab5acd4059a15737a06ab31216bbe6c
c71cbe26896baac0cbbee64491a4a538e479ff20805ca9c5135d614c96b8e470	ok	42cae656efe12e8d020194d4b76715de48e8a2837c86070a8c27a6188da46411
c72503dd72d6a6432f161b77df4b1c62f64824e21ed68ff2699ac6382c3cde94	ok	886b5782284aeb1f81d96f53204dc9d0886ee06f554a4cb142d28a2e9ee4441c
c73627f597834bef8677a0bca9fcce34c93bd8a012237a83d4dc93172cc5b138	ok	cec712034c204c6f5aeecfcc1ee3ba36465ad0445ccdb496fc3a300831c1d872
c74688d10337c721ec8f1e327c22d308803b35cc775a058de1d532578bc8794c	ok	cbc6b97df088fe6d7cc60a323f9d59bbfb991ec3b31d499b597fc7abf1b2671e
c74cd3e3c84a9f9e0f38dd469a720ac67b5dd177530926d910c8796fb644a756	ok	f6becb18e4886cf1cda8343c406ba134e95e9728093d2e29166059f145be33de
c767cdb69de4a95712e555191d877423215fc4909deed0f5e2228bdff1329323	ok	3331b822e13641c4a799183736e71437daaf1fb5df336462ca06bf418e19b316
c7853de3fcdaf9db855ec7ea2cf16f165dbe840ab921f012ce923e7cd7e1c7cc	ok	a01fd9400ac664dbf2f2462f754535092e07ce25df71d43aa073a25d6b9d8716
c7c5ea06caedd064ec6211932e0741642820bf7050b3a368338e6885241a945f	unsupported_shape	-
c7dcb0a8ea310ac1c35aefff761b4668930236fe85f9ff377f4914e90ee64d58	ok	3872221e33c0a1f845e3807bf3dbfedb4cf8ff76b8d4309c6638572151f4df9a
c7e761813216ce45eecc80a80013d61c97b022449a27aa113be1152a7de2e355	ok	a667457290177f5c373395b56986a10e968f57d413b3162721b2ba30d4add1fa
c8023c009011be262c0dccc37323d689a31253c1219dbc33c4d2b0e89b052530	ok	2a56f63f63c2fd172d01707e921d7991bfd6a75a215a4b53b47bb28a972c08a0
c81727756ac5c09050296d77cb7fe9864accf1cae3d1ab5f36bc5c3c2335cecd	ok	52dae182fbd09631dbd20202527e54cafc5e12f996e361eceed39bbb5905d224
c82977090a19b405789d4463923fe0e757454df42d948450f5a885271dcc34c0	ok	8d25cceb7d6095b8ad6b3a3fdf4469aa29c0c80e52ffa5660bc3429c4abf7780
c83000f95ed8657edee500a1358d19c26e246e0e68d41f813a85bcb95dd9f11d	ok	af3a064d0d17296c07d5fd196b43f70c517846a46754c2b4cb11fa407ea507ba
c83332f69254b4c578a470018d595c223595bed0d11ddcf702a52c941e16bcb5	ok	6d8978d3595a461abf7bf89f837f1d535b17259bb4bfde3cac1965e66c92950b
c848ac95251b7f134449da382bb23f7a1bd99c54b85a16df6c96ce0e2abd6ccd	ok	dcec9446c901687ddac52d5887e8bed6566df5d6156465e5346440fcc5b7976a
c84e01b66c50e68001ca75782a6bdaed09b9daae27fb7cc4852bfa983f6958aa	ok	4c35f25d43fc9969378d812a58a8990404a63056d5cdc46a3455a75ea2336ac8
c84f2651636bbbcfda429b3f8ee9c2c600d414f4d6fe2aa3a162180515bd0122	ok	ee2c57f1999df6a8f626d13844776d2a9a283be76550074201f720dbfd464ea4
c8581e3db9fcc7652e9760cedc3de91e25b4b865e18bc5aa9eb866b14dde3575	ok	bd53834d7d5a455cdeb2e87d6884329af6745f1d32133acca84adfacfa712690
c8593a35a1f0e804271be81871ab264cbafcf97207cb4f37c7f11973d693f386	ok	4f89c0938873c0fe5dc73bca71f13af9a5f0ed6a505d762b2a8bad12301b8c7c
c864108de5c5d71d596dfb28a9bf7c6a6b7c4d1f70301f1ea9492da1245a0851	ok	54b8be14ec36f8faf868206bcd949dcd18bfc95fa57b8f0c39155341817d6296
c87ab93549007a556c5a832288424bff7dd40a8c69d25d5f6eb4ba1f40108a65	ok	cdb7bdf5acdbbd5bc5ee19e5fe03f16f115f5562e6f69bd568e9ff81ee4fa90b
c87fe29d58e1d81e914b8bd6b95f8e42befad65a1e03c2e888a055ef3e6ae1da	ok	96791e2956491523e5a043357ae5555265ede2193319a4667615e55cd0acf84b
c8839d1dd85a4cd395def19a74b1cbca93069d15bdf448123dcb0c14cb3e6d9b	ok	b0e0382b5455bd8bba6b473dce109c9276aea18fdadc6e9cfbbc9a26121fbf59
c89b68e3f1f0a614e53a8fcea7550a2290910833550897c03db24a04b48ddabc	ok	c824a08d3c6d8af44d3eb68f0f2ecf8fee0b7da6c014f7f052f05b5ed865236b
c8b8fe6d2936d03311df7a1273ee9fb01eb6c223b847dd1091fc9141401ce6a2	ok	953c140541f658a9d980eda74aef8a1362344dd85f18f393f2b421866910e513
c8d4233ae050c2ecedf30428e09fc70051573575ffe0fd7e163ea1141224dc41	ok	91bf2986141cc3f3b1e4154beb8c1b08e03e46001205f6038476fb2dc3a39809
c8dddbb4392db60d6c85c7198c7b1c0781346a269fd25180e0d9d0ca7695d3fb	ok	69078075c214a64b7fb1fce6a4ba5960ef4f7c3b9add914770bd0e5445df6d0c
c8e29ac7b359535dba97dcb4dddcf6b6c874f5ef8b9e3f1c75813c67a1916fb5	ok	b02c487e1e4b79cfdd300d75c4dce5bae0ab17a510d2fbeccdecfdbb625b8000
c8ee198cb120d52fe217838ba2f37310922336ca4717c34ab8e607c3c47628e0	ok	c7b54c59715ab8de5b4a2993dcb308595e0d1a15dfc9af2b43690ca958a37fdd
c8ef38122f164b9decee532c56714f02c6cff5c941c90993bce6f4964749e748	ok	1000f3c93983fe7c0f364cfd8939b03a7fc33b3edf8531656e5200989a1ec56b
c8f09d6df310ac8e854853faf346ab4d4b510ac8d44d57b2cad7b165c2b03f3a	ok	3f2d505d26647497367e38a8a99b1e9d9309a0524ec210df2ab45d6506921b09
c8fe641b5757d2945c10b2e4eae52f1808d19ba5a8b98d817acfad3d42ca2276	ok	9fd78a69ee3845ad23b113f0e3c8000df4dd5b565c56fbcb1a0ed94ea784053f
c944a97f8627bf5e1f0b11e2b04bbb9a284b0dd7d7c59b5dac896a4a7aef1a16	unsupported_shape	-
c94a7bbaacf11acba62a01b4b1f380879ea57e328b210fb8773454974fd5d354	ok	254c4bd933e766b2622d21abb6ed5402431c0a05922cc5232122200a75ec7a5a
c95dd06a5e36ce739c18bf3f5d38ae44a3f5f44653e5548e0df229e0ccf7464f	ok	a777a8d13f1d9f7b681a887a985007a10d1d6c2c3efd8b6f070b1d0e6faa0f56
c98aa9fd0f71c8699497e0b802a3a7b47999fed16efa73ecc43cbe67204af141	ok	b8a1958c8ff58f939d4aa124fbc8abc6d1f811fb1a055030b2da013288a04039
c990bdf5a9a2e9c6fde7c0219b62ebc57d112dee090790238128d7e8fdd018c2	ok	cfeee13a59a83ed99ec0b5859d153fc3f760b40572da1182f133b37fe807f1bf
c99389b55bf9ad6ecfa4604447789ef95dc481e51fa8eff9fc5434d477d1ba5c	ok	943b537defe3e31662c8a0525e9563069984e0685002480bbedc0dbf57596749
c99574b8c86aec7f6e56677ed9697e0e35b9fdb6fadd5f68003c4838d5502ecb	ok	bfe295c497e6d35f8533fa7e6e8c7b77352dff6836e3e02e613ac9daef8c249e
c9a408669bc3efde7b5fd78454c529b03ad7707f6067e6889e33d2b67feca64c	ok	ff3348d5898b924dda1be0ce14da163f2700982cbae4113f27e15a43e84894e8
c9ad627504826d90bb6edd3589d4876c7f33772721b1ba15a49416eade47d1fa	ok	b9d95fe6771ea907036b6b96b5a0a00ce8154451356a7fd0dd36ceba04f0c83c
c9af74894de6d7825079aa6cdcbf2a07d8b53f0ea36b3b5044f99d1e28478046	ok	016307337e52799587f047eee3651d19e35bc0126b775a7d25ab5ac1694da258
c9b722d54b20c134a2245d68489db9a8b3ee17cc24c26803d7a0fa86bcde8cbb	ok	36a6f8431a784e185ec70f8cf3d44b51035a53c05c1c5454ab7bba634cbb7350
c9ba3d95483befbca7a4ca413fc5abe66bab541654d448c4827bd98f9802b9e5	ok	85e61a525476a43eb5bd10d62d31105f294b3ffce18f75c98ddc50c88e47dd28
c9faeb290fc699d6e20f1ab68d012a1735af9f420063ee28472ee4e4f38c9075	parse_error	-
c9fdc69ad62d7addeed0bde524bef363aadf232c7dac539b5f8a4c174bfcad79	ok	259156d26f2776425e3333d03c556c72ae2ba89046b4811ecd435649b16596b8
ca3ae509cfa0902d7a5b5b3608eb18e9ad383fa0dc1a9d7022ed0521556c4ee7	ok	882410cf3b9245bca96efd30f74fd8b89911366daeb7b17fcd5e03d182b0c378
ca5fe898c246aa274f9ad846ee9969a6d1293efb5ae71ff0f2c5c9019d682d25	ok	f7c1103362015906003c34795f6afdf01b3ecc58cb30edf0e9876a78ac68f539
ca7097e50194bbb9ae7b66de2edc906bbcd666256793c83a20c3154ac253d0fe	ok	24a7f423944c64a2164e33f108c3ddef4de297c4f09f1f3538b1ab32644aeb51
ca7f9a2ce2a4543bfaca26419e94575235b9b3f53e3993aaeda12efd928da1e1	ok	faae2297a37b46e9b4c544d01b0ae834f78d5ad56e06ba269b511cc9c16f6fa1
caa3b0cf55eee8d0677c48d0a0244c5c3a1454f92c20e2477c9d973f7f738b4d	ok	0b30502ca23ec54ec271984f22e38a680c17df21c8895d6d978f01b549bc9874
cab0c52ec9782446c7cde0865ab49af49eb9b5bc039b81f187403f603cc22883	ok	ba6b75e03f44ac74c422f257cc96b2ba31b85a09ff59c6bdf16e9c23103088d5
cac8124e68bc70bdac3f9cbf07b6e9a1218f4b63bcda20f4b97fd78748ae2444	ok	5364a401972c6114971482e001a38b2d462dc18df782d8f6fb0eb4787a71a665
cad22050c0c3c79d694e45f9c426c04387ff238e8c465df324824efdcc2487bc	ok	cdff7fe5034c5db823c72f21949627ad1e9edc63b1fcbba72fc61eb069895ca0
cae80e86443ff2bf007829f4698f394ae473c394da28f6445997ce9e442af288	ok	6bf0695abd52ae22853273c5850c3f0e3027675de2445efd05e23223b4214d0a
cafb9a0ae6ff2b972e05fdb0a7d922c237764d9cd2f007d4ffa355a77af3eeb2	ok	0ee97acb67f6ae085c74c0324dcf21f7a539df9ffeb8c1a1db0e31c0b7d4a626
cb0d39e0e374ade1dd2a9df906734a4667d1cd4d4fe3e7af274639ce7e858d1b	ok	2bab74c2df05bda1202758872a23466c6911c09d343139d7402231bc24a99fc1
cb31f36d038f8b1b6d2f4956c632bb4c907db29ac7ad26efb3c9d3357eeade7c	ok	5e8ed5228249948eeb3b5b39a6a7e76a650cfb1089222d19b68950df7ba9837a
cb64bc31e1d323c0a844a82c2a24997d3cfbaacac5f3a14f865fb57fd5c6c973	ok	e2d83e32a283a956e686d53cf6fcc38059924ab37128411037393b7ee30b608b
cb8b4f3f9edceebe218df570548eccd3654f104377d2184abde8b8ba5e1ee628	ok	e0241d40d27ec2dacb2ae5c59696eeba08b917137e57a24b13456f26d21ae9e6
cbadb12ddf78130a7545c77b5fa795df05058fe34226cd3b1d98ac887306833f	ok	13b2b6029cec6c5d8046be02d312c678632c5a43357bc22a8569cca67073e863
cbb418bfb59388183e30f002bfa9002eb607311284022fa658ffda02cb9f861c	ok	b02c1b2edcc3a74d6fb0f680518d57a31e09fea246ddeebc70ced35986b7f0ca
cbb9610c515cbbdc1ca53bccc387854ec7bbb16534e9ac4a71bb0e0df2c1f782	ok	a4453672c985feeb7f9bcc63767b4df228572f1f3f583e0065dbc3ca143d9349
cbc13aba4cda0003908bd4ac902424207cd81c1e46d1708487902a925c3e41c3	ok	57883ab6f320c5ef740cb9f8dc745829a55284750ff02a9088e7a45a549c9042
cbc44df5ca2bf51bf7e3f344bab5910b87125f65258bae876e025e22712e8639	ok	ea20dd1f2c565e78273cf97ea13a03bb70a84aa2a2c56cfbd4e14d13321513d7
cbcd91d707c3b38a217342041410acf080d674d57d94352c54bd9ac2cbee74c8	ok	acbcd9972b93cbeff99533e2cc4370fe9ba3539ca74533bee27d09df4dcebe12
cbe07f772e9d5439793797bc7e5318fb895401a3e3384e00f1a60363898d87c9	ok	63aae1c15a07a6dce360f8a050d68b91846d7110d6f82bd1bf1f98e173f4d3d3
cbfbc5958117420e666f8d7eb6d829ecdd09a43875ef169ed680d71318285820	ok	1c4fe7a7210011d794f43872709c3bedf45899ee589caf22570051e5710363c2
cc081f35562f67f52236d2ee31f8171b673dd970471676c6ba28788173fd2fd7	ok	cf228a1e7a3086f8eecc780dbe82562831aaa106c4915991e7500fd8e536ad11
cc120096b939f5ea1993d7a494413e33632cc05a96a6801aba7a438520af3152	ok	20b7e2cab0a1ac75f9ea4f8e81823de839cea2129d069685467d4bcc8776c15f
cc146111b67e3994e114572821da3098f118102ba8824d31d961a48e1426396c	ok	1302869840900cace1cce908b806d3bfce96bd02440cab86a16a2f65de9dabb3
cc24c25eda0b030f5d1867f3fe61f9354d682479cdb88172040f52ba39ced739	ok	03bf21d7c33585812a57892d7b2752bc6df8a0dd8188e77b3341a05712814fb1
cc28fc7f4bcbfdce4dfad1141187355a6701cf34284b916787d40fd1e51bc051	ok	91766f86760a46cd4c22aa8967134227ed7c2390c44eb8e902e1edb7cd6433dc
cc2daaa5de8e1700fc4b9b472b8ffc7ebf0f86871ede323fd70fc065dd36c57e	ok	2ae41dbdf5972cc9b345d1627c6a81ebad03e207517229238d8342a8dbe3c4aa
cc3dbbf3fa0bfc7d476090d25446f3fb42693143c8fb0f256e2601b59ac4fc8a	ok	0cc39a206551e8b9edec901c08362f5c72dad994137bbc1610bde0d45711982f
cc4251d903e13d27e314809f5b18da7a715b08a446f548f38cb829e0c154c6cd	ok	5f798a701e0e4404db7367bbb22a5fbaa800a0c52915da96aad6a67837310ec7
cc43746e40b335a6b66b0291fba64361cdc27cbba862aa7ef3b7e62180a65111	ok	5e4412df022b3bb36becd4302eb2159cd7aa965f24780fe8f2daa26f0f319761
cc9b85fcab9a62d9c869ead2af17300dbe61e496bd0136ae2f3c333a19495fca	ok	e683dc5976384ba198cdfbdd6cbb66e8cc82b3aad67dc2fa91c0abd451cb117f
ccba0f88976605f08f8656f1f11e5ac003b664f1b665f9c9cd7adf0c444c2870	ok	b2636dbae0a3ef21cbaf6346d9bc449756826841b29f60e009ded55b52682f0a
cccdd5c7b635fe2e7028b27a6f5e8d1e956ee517c783ec4fca34896d82ebe693	ok	11c5dd846f99b8b0e495313fa4c51037c0881cfc459a331aff6f78651fe7f477
cce6ccf11efd76baeda309804dc3f3c6afab81654fa14e2496dcff2a351021fa	ok	c5d44df0a270128d0dfefe220473292b649a1afd19b108f0278efe77a716be18
ccecb67886b75de50c59dd212acb3dd582f3aa2df5e63d8b2929b82301b5c66c	ok	80a70095b271b687e101c768edaaa3027fd49398b5883a1256883d7cd2417620
ccf9944dcabc012e272741f6ba1d93b0d7c9f62ccd959ae9753719718bdaf64f	ok	6543d324a097e2aa7663c15ee206ffc521be4a68e48759f8f17bbcc0e5440865
cd04c9549f2fe1aa1dc9933b26ed79d227af509146ccbd4d895aa2d34fa83556	ok	58aebdf80c15f476cf5cdd32d2e7c01df8603fefe812348b7d09f92ece20ddad
cd3fb5020f1575129f75e8c98d6f2faa1cd7f61b264ec05bf7ad27278d6db2e6	ok	82281fa91a7feee229f7a3fc842019f925ffbaa5e4b0724fc08b9e701b85f04b
cd4c6431dd832aabbc8f7f882eecdb71714d5d48fff6f90fa17466c930012fc2	ok	7ddca817c75359cec9462f83703bd6c3548072f2585f9cea901137370dc8a802
cd5a019695421b948bd22aab7d3be509598a8b2392217cf179f259fa1b731980	ok	e562319d6a59eb6dfbf77f2768e07b5ca9c9289c631dcd486b461047960ce494
cd5eba418a07ee69e954bf5d7daefafdfb518684684820bd89522f8a0c781021	ok	6deafc60ed8f8aa486258f0bcdd86169dcd1a5872a272fa2e7e433cc51003bf4
cd729a4377f14cb32144e15f6369d1c946ebbff1ff163f9800c8ba9693899253	ok	d141e7b5f808f06035592819fcc9c1589a0fe24928174749726396866c424d62
cd77ab65863fb90f390ee58027fab1a44bfd241e33980a630328e10a8c831020	ok	7cf01c148f26638ea20d226fb6980c4f8bb9d08b28864cc92feef6f3b8ddfcda
cd91286c328b81cb801e8502ecfd563a50aa26c99b51b34e864fe13bd6aa315c	ok	70c217c65216727a31654c3268b9b9cd83098d9ea96b4b54c50a8e8209e09647
cdbfbe015f21f5e31fb7b762871a7507d5cd845a28b5d69b615411a16e2921da	ok	61304bf7aeaa7867752b61f54932daab38c8b66fca7296dcaa3b949ca2a02666
cdf12a2d199de806684f912d16bcf412e4bc7b0911156e1fe908427f8fe8d38e	ok	b2d585f36d6f18e7adf905908fe892027f7683c340b8274b2a53648c54013f81
ce1ff50dbe0bcd0d42dc6b5659ee381a11106e5436bf72488e4d0e6f6b5521e5	ok	33da2ff3e3070e14378d6fcf32787dbc9c9df78f1f9fb37ecd0e11a40225c229
ce34f263e8e8fd14d63393725ffd723bdf2428107dfce0737855200ef2623138	ok	866c601a1ecd1f816c5f1eefa0064dcf20a1a5be7a0ce97afde8a7b9f91e40b4
ce3e884adf94cba0598e05c09fd9b97ecb16859482a3c9dd19c511aadc46480c	ok	3d65bfd9a1872036e608663b3e2f89c44f0a58764faaa0e4ac180e42563c175a
ce45ae9582e9d5d48f444861e1688defd7f930d9fbce568e560a806a3792f273	ok	291620e44a8f0751d141dc2bffc0c9a1723794e2baa676e2e3aab12d7863b15a
ce4d15f43e22b1f9cd5e8697c13c2da4f6897cce44c2a5e8de3d378c18d04042	ok	9715003aa2059af328bdebf04f17a446a4ae6641becbdf768dd140f1f1c02cfd
ce72d743131975985f581df66c363365e616a8ce55a6aca0d78b386292756940	ok	2124ee5b63358f588e17b5e98de9955453e388837c4a715ab19dc02ebc00c510
ce98d70a31f7124b63b47e4a557bd58a5a77ac8cca0f29d4a3de6959676babd2	ok	7ba2c5062add218411fbdc1c21c73f4ba2cd9e2cefc7d24cef6dc08591992b8d
ceaa7b41f65dd083c89f72458e4675474fd781737d998ec7519a363d4a3acb62	ok	af86d9ca63cbc40d2bc4e492a6c4da4c42fa1c163f6384fb095705fc2444b8ff
ceab6eab96361c634325b6701d2a5bece81e254b39656c443446b1bb06aebfc5	ok	3dd51164e3ce44a4c193e574f0f1802674047b4447fe5387fdc49077005886f6
ceb6532f23ac4cf31e549697ecb02b228462cdf2cb9a6f56f9f4117b5c45c6c8	ok	aea59714fdff4972daa103342541b1fc4360bf0e20e244ee8d6a9ca0080be404
cf2c2d7ed47ea5fbefe10962ae263c1e69590acb522f89ce4ce7ea77b4a65214	ok	5aac92fc649ba4992388d858d3dd46058ffdee2683c22159b83c232c0e23f7ba
cf2fe181ee5979b03d198e6a12714623739da9d12b19f4ce4ba84c7c681ae69d	ok	c6d960ffd3d0a69a735dfa13c1cf36023d47dd14f183e9e65005faa24be034b4
cf77f49953b44924e9f99d2d4067f10e1010826fe709839b73d679536503f730	ok	644f93099d433742f81a0fddcedbf614cdf8f40d0661175b4f9a73c2fb2f2da1
cf90c06e0b4058c6ca356b7a9cb010e71b194a495cc01abe39a04229b934ba83	ok	d0cbffe2c73810e249d3a5b2309b2876486ddcc4e30c4e85024c462ddf4d8347
cf9c221b4801c09eed1274b909684d436a9b6dd3a56617628968dc2c8af80650	ok	498e6e9511a025a94091fe3d5f0cb1f34e29f24372361163584eee85f83b5cc2
cfbca2c83e7e2a0181072e64a2908512a1dd1275340cc5330127f385495589ce	ok	c4f11f1a3190ed02d68190eca3a58605e26f76e838636b01d667b6e3a94289d0
cfec7d92b65a20b02e65b8c76ccb78de762bccfb1df8c3f71f3a3070701673ab	ok	e45d15d61e91a5a98d10db39e669f2bbcc48b39c046794e94eaaa825f00b5f64
cfffcdc4ab0fd31ccad0d5251770989300dabe6943cb8c3191df8f62d327454b	ok	880e184bad0c4f13847406fcdc5fe5221fbeaf186717c9019c956063a9d22587
d00b87e8cbca8ee1368e76aa7f45755435205cc74fe4078a43af7aa40b97741c	unsupported_shape	-
d01ac08cb22b72d60c3bab1ac6ba5ab20b5f273565db4ce91e7d64f1fbd7a1bf	ok	96eccfaad2f7ea47c8e98f123b60f5bfb6334ed50b2bd8e70d6bfbfced44fde3
d02a14bfbf48a8d733b7bf323f2e0d4535ff6c23310fd406c6aba2b7b158f4a2	ok	7a5a0f3b0ca53316ae3cd8a238a41dd9d199c2514e8b71ba328c67d55cc11472
d03e8854dc7d484152c3c88c73f00012773d9957b0b527dbe0f670dda4c85df1	ok	fc4c3f8ddd0de4829df1bd01b1ff4f13c336155ab3d3f8b4f69389b9b2da4d5f
d053505b5bd726fa7eab8c636589763bd37c90f15b14cfdc1552d93028db87b5	ok	483b564767c4376b43e055bddab0a78fb88acb009b79f566e2b2b1aa19b4790c
d0712b23a306efecf88ac4651d4fcb5aa86276bfc8f9a055e3bfcfcadeb79d70	ok	9019bd855651b5e473dfd0d849c6cbd499957783417410108138c260c069d36e
d0760f7b2a3472c5ae24d7ad7591fa114d8ab7578f54ad135a23b4fc0df03e46	ok	f25ca4ff6afd7d56219621483f4fab0bc4837b3243d4f60ba3cb0d2b83e668fb
d0790ac351937e3017cec56c35a1e37731229c182563c9b262123e44145ddda2	ok	b0552cbdb2af5a8a333293b9fa99cadb756a99b2d250a4bc90841155088dd2bc
d08a022b50220f3c0aa67236b98b7aa0c289c2ed441691fc7395a9bc66a3ba87	ok	0479a96293f86310a955657296f26bdfbe65c5a343f8ed7d2beae492159b2f98
d09efaecde3733ae0178da5451918396b3955fbf20517724f5194111f7a99f03	ok	8d71eb2eaa3e7ebc421409e8c53dd90870a52a03657fa06bcc2a90ea9c23a99e
d0b5f9b59241befd8be61704f464de48066fedd7be5b0aa97e68a72d18be270f	ok	8d2ab2861455456c3c35b67f7d214302a704a8ab8a1dee2b6b3e85306ca48f6a
d0c5d474b95a2c0ba3d29c797a729a6fd1eec5ba1bc2a3a95bec3e6e17e43e72	ok	f8940c2c3d5015fc5429d02d1290104264ac523090e52d5b461b84b9f51925d4
d0ec9042057a98f51a9e578d40844dc181ea6a85b53b8df552a9bae9e4c0898b	ok	3014af82411a1a69122175156c4df2c22fac32813f104c4b7b5294e121f2a466
d100a976da2a103dad4559b72a2a66f5ca98ddc1231d4ad89d76fdff9dd8db0c	ok	344c080f039be9c4f01d6e3cfca5ef4be0654ea2f30053a089c35d0e42cbedfc
d10cc1201589dc2abbc641d479a9a7de9c9d4ea631009c451d78aa226393024e	unsupported_shape	-
d123c562bb8061577ed8ee3ce3951db952dc680e6a1837c89646e131a0e2766d	ok	532987be27177e838e14e5c37ba1a38a12bd08f175f138a0df87ce4383a5569f
d13b83df6cd554cfdbdcfbad96ac56d17d69db530754278c48ca3993441a0a59	ok	e326277fafccb0fbd098f1287ac6b5087f5124f957bbf1469f72f684c5e322c7
d140960a49079eb7b101cf91e20013bee520395acb7285da3dbd5d7b93a2e1bb	ok	a0a39bdf27faeb7f5f1b0fe43ebfbc65485bac54d6f8c1704cdec4d613d27eaa
d162ed15a4559deacd17858481e4d5aea5be00f09cc045b5aff73ef4fc93caa3	ok	94f2c53c7c0170787d8887b5a3d823dfe65a5cc88da40066aba6b5866a1b0046
d199fa8f2d375c006c69cccd440bafea8851826f97769dfe3d9dd9b7128d23e5	ok	95e62b61021ceefb8580acfe54a02b6bb41d98363e9018dc972dbb9e1fecb682
d1a3328cd3ffde01aafe5867ca2a21d8d829efc73b288e0972ab85d9361ce121	ok	6adffaa39e81449886554c9089c8ef6ef6b3ac6f8ef8e1a94547b6bd30a74b85
d1aa3869512bf427a31b2939b630a11a4ffa9ac3882eaf8574bb6f333398d2a9	ok	460e181c5d23c19442dbcd7390c9ceacc9a38f98dee190d49e14cdf86f4b1838
d1c4dcb21506d80b1eec878984d7fcc48db3e295b1daf7cc958da263fd7a14ca	ok	f80324598a7484950d9df9385c7ba3769b6680ec091b69b7d0bcab50f555fcbe
d1dec96e7073f8e1551d3499ad043ccb61551229b78566b6f40376e0cb757178	ok	4876ce08df17c5e18e89e44e8dfa67e29b1cf1e029d95175733634b905b74931
d2407b3ecc5d156592efb813baeaa2dcc3f013d1d115aee05621d3d50d03512d	ok	b77a3acda17f293267c827f350df699d9b7e242fa4f26a117d53cf14d56cd38f
d25f74e2cf15fc798efa2d6818442a92f38921565715f0c45215aefd8b249ae9	ok	c7d47a7835f19ffda1c361ab5f78b5c7675958f6a860fbf7b1d70ec7efa7b58b
d285ebf9cc3fb269c3b601384bb85c5d9764d91e28e77d1aa5f6f6b19e5f2a07	ok	731ce2f97dc4c5b12cf049acf4ec14bcad6658ec41d6dbb2c5d00cb3f936f209
d28694f8410094485830643262b9383bacf4c4af9b0460b7387f15df0ebf8db3	ok	880e184bad0c4f13847406fcdc5fe5221fbeaf186717c9019c956063a9d22587
d28bb99d64f30b1a10619b490afb04c073a967c8502b04e4583fba5247d7dd11	ok	dee185af2dce49f13f72f3260eb19e00540ced0d86d90af5859b68be75223c34
d2b9d189a3840919b679b4d6d3e21f20cbe1d7eb4a0ae137a7ebec15f4de9ba3	ok	e5cec8898759c806ff8c145e28e63d6852298b2c28cb8874ef7ff4b8c3772ac8
d2d73d3c8845c0d29e93a02acfcb490a40d8884802b6f560f89de3dc7acccfa2	ok	2c21f5a1fd58ad33f27aa6992df68a541ae2ce72d1a6866190fb53fa8cfaee6b
d2f658aeb0e2e4793f1a306214e4a0a99c039b3f8f5697f162678a55791c2def	ok	0b6be24c2e9bae964e37acdc4e18589b21da57b666aab524c07993e5b3cd6861
d2f83333e8327a382b7c31163724c4bcfd16d2f8711aa9b4f8afa65e19cfbd16	ok	12fb15b2215d69c347fdf69ac9ced013578375a8c5334c9d1373940d8ba9d1fc
d3018981262e878207afc5a339ce6da6e9690efce813ba2be5ac4176f34cbe05	ok	15078fbfe5e686112b302c34e6a896ac99ba60af2201b34e3fa75879a25046e4
d30ae2c335c9860f2619b7692996672ae53293b461ff04dcd4d4dc7aa828de28	ok	e1a2775c5a57ca2a59aa74cb4e919bc09eac533735c9f7804ab73a21c788edea
d3107953c8333ce8986e07f426a3ef81dfdce7fc8233d2ca56049bdfbdfc8f14	ok	df86d48666b30acfce818f44c12f0f5215378c7bb31672d3b3471495acb97258
d310e53443c62ab2809339e5fd6c1f2cf1627475887a0f8fc3739020265cebd6	unsupported_shape	-
d3258bddd4a3f7f79a351d12c590d4e86058962d5710ee13f49572a764ce94f5	ok	3c034308b4c82df5dad2e098a99bd556c66cca971780ea5eb6bc88063b2342cc
d329398aabfa815a65121f1c1c06702086a33aa7c1923bad4a638138cd22a619	ok	e2e102e4ff9d497ddd213067003fea93ec41ce384d101c69e8f8cc7f36ca08c8
d368b40f645e99a59395b9281c719a71b9b9ba4c6cd1ce3150cf735ee8dd5826	ok	275f10ebccc6be96f8fed25d7a1a94e3de1b00f75a207c3b3b46387c775d97e1
d37301819d4f3ec073261ed34eb5982d8d5376d0a8974907973182c39cf4c0de	ok	f15faeebb4a03429d4431105dcf96c27f0a1e973e709c06f6f02b6c31912ef9b
d38ae1425cdf9e19266a074d2b3ff29f73aa562b26bafb3ae87aa031c08531d1	ok	5ad458310e6465366d2335a34e503cd6f3cc6689b7d495acfc966f1c993f7cf4
d3a54c5ad9eb53411038d1bfa947bba3466a65fb1a6f0f612d1c6ccb76272e20	ok	4db1de10eb370cf39f8694f36ddcc311b320dcc65f0f302cc54ec39b5d19fa32
d3b5803566f4439f1205ea0599610360f1dc4565cb6e2f98706e3650f80d53c9	ok	cadc68a0d653504d7e70c4f768a6861e79cf920ab75ee4094748de60441f1465
d3c43bf79d95e3d048b3b538db773856d79c4745c383f7c20524b746ca66e0d7	ok	126105ffc067fa9f43cd35ad76e19fb712f82fdcb7971efa6e9be96e979f3734
d3e8762a574a373dffb3bc331d9f9a1982350bbcff26f681986fbd9c7e4313ea	ok	9a18babb79d8d35007a4851eae40589635e43c0f46f32d57f24b917847c21507
d3fbec4962caa4faeece3621aa476126ef2d4d404e23a47102534d6099933475	ok	68976e06ac3cfb3a5c5925c0fe7b49651e8d8abffefec09a75afe9c4d426467f
d3fca7a3520db35c63a8332830cc7e5fa42e794350abb6f0f6dae0090abdb5b9	ok	cc2504e630b7193e3c1154c5573a47ee0ca5540351f02e191f96fbf5ccecddf6
d40a3b208f64bae8301872a9b072ae7dd2bba94c7efe06bf29bef7503ef4afe4	ok	060f3d2106d919b0caa3dbfe5e66e69b2c526642b57a8aecd8c50ae7a6d6e6f5
d421e25df1b8883262540ae78f1904b160cce8d53edb5bcdde25094560a23b78	ok	099d523a539b2055008fce58e404a8bbf6806690f66ed3a082fd68471cfbdc7b
d4371f1cdba4d96309cc441e0a85ba0bf0dd1c3c4c3fb989d212824f91e49d4c	ok	f35ea92a65bfe0ec0d6fe2c6db8e5b27473971e9d7bcc31bff23c7b995ba77d8
d437c635de2712a5e880f7c6c7bf3cc83a6dc66ec3c55849ba4f15adf8b6507e	ok	e5cec8898759c806ff8c145e28e63d6852298b2c28cb8874ef7ff4b8c3772ac8
d45fdf847271bf906d0834b381d1a751c8d67fb1a3ce04b607c05e8ea377371f	ok	c0bd7cb3700b1e80c2b991d9a5a31607dc68eb07c491bf6e4295e440ee1aa4a9
d475bffb00072146ce7e47922e91c2144d9295a63c896e019d901a8f009e22cd	ok	bc81f4f0f1445691a1abbfddbec6b77a21b651051a98f46312c2085a6b242a99
d47ae676948fdd37a4ebce1cb6dafb7a60b83f6db4942f92a522dab7cbf90579	ok	5a09689de2f97f7f3934b4c165aaffafe329d39914b45aa5cd4beeaf3ba6a54b
d49ec334227aac5a7ac4604e7c0022073eafcd0168add75310680f074778248e	ok	a54424999555f2572bbb7fcdb3adbf38f6f6e63bbd02942201a070f2a0e5bfcb
d4a66e8a53c04575d775d2528b9e530a1c531c3c20c3cddc59c161a46ae2baba	ok	927250e067ffad44aacca716c0496c22d0c7c20443ba1a145aa74cb7dd93765e
d4bc01381885708667538a5faddb3671002726285e2c29865a102ad691c7baef	ok	377820607110660d9ac664bdb13d472d9462cddb6269512ed464c578344e1d82
d4ca7098967a59170840894b9883efd543155f98820e672c4c4b8a26e3bf7d09	ok	e747ec2a19facd2a5415ff666a44c44b6efddf6ea25c9f815a3e994871eade8a
d5055b0cff3908b2dc5877e9267c462f2cd4e512685b1620b7eff45851a11475	ok	69a33fb1900722a6f695e9d195b4d2b6ec52bed93df6dd6e23d1e8809c61b498
d509d55f1f93f5654ee2da685272b7a49102d922c845f3878e6c88dcf8aa1f18	ok	7be378b2df2e39a82b10b7073d9f730c28672d9d360c36763c64cf65275d77e1
d51930a3f60771d4fbf14a52af4dd225faad28debdc2816c1d617950488337b4	ok	1037e55a5fd618ff44944803e78e1fcaaf3a93a4f1df2015d4f415c5067770d9
d52288c453539358fd3a327d79a84ecbeedb969cf08217b099ab91516e67cecb	ok	33ee75fd209f411579138961b81d6d399ebf4bb54afb87e9f28c9dd47afaf019
d53966e33743152ba58cbfc9fb4c1f87de28a807e417a52a2d5aba862e11f3b1	ok	39a641f4bd9534549a1d403ce1850393457181ddc29bc8cfd5447e67676f565e
d53d1a6c78ea91643472dcfb3cffd91977129932cbf7f4def7d5388d2d8660af	ok	c6d960ffd3d0a69a735dfa13c1cf36023d47dd14f183e9e65005faa24be034b4
d544a1659ccb17e3d4e80546ab2f884a5f8de3fbf0a4a334ab865ddafd94e82b	ok	99b125cc4385d28492440d1d67e353996736abe631c84b24e5796035e0e22adb
d54950b5528d2f1cca8269ee08b780666e3739baf7e250a6be294a65baeb9c5d	ok	d34bb2c28bc876b7dfc6a5c357ed45f6052e7f8751aae35088bcef161127c75d
d5610bbf47aa6d45554e64c7b32ccf97f6cc2f9dd05ee383336cdccdaba80cb9	ok	387dc35a9c339335391cf99b794d2a10df7c17bfc44a81e09bdac04f021628d6
d5615d805867838e721365e0a4ba789bdaf5c938fc385b14c8c19feb29cd6193	ok	ed29cbf8eda2461d6aeb6962158138c389400d59094f431e7f0de95a6e810429
d5a5d4da24a3f4aaf7713562bee034cc13616cce7dcd85409bf6701cb268581b	ok	7bd0a9f960b42c0b0a44173d486a0039d9c246ee884bfff4c166fde11d267910
d5c1d4407f9b0fb487817e558ad51b19b20c4ed93214f062d47d8c2bd6495bdb	ok	81c60b6a22dd07328a127ae753aaee0f3c4b6b28df4af37758f4a73c88f09f43
d5c224e9428a357e6f281f3b853d43fe97626ee672e79cae7d1e3cdafc1cab43	ok	fbfe9d595accf354a1feb170e3e9033a1ad0ef3ac4056aa406d822daf7414edf
d5c98d8abbab94ca1c3cd6c055671779f77cbc841ef2137bf42cbf011227d04b	ok	2d06243b85045e642db1953b2a64db417b189792ea0e7f3dda5d4c3c54cc435a
d5d35747006bd360fb20acbb6dceaf16cb3079e50ac88b7643265af3d9b13d4d	ok	b51b9c40cddc10b38dd942d553482670c31e720eec957e4fcdedbbff207c076e
d5d9c6c1632eaf5a4e930a1087785a0edf74f83838cf4343b66a0caddd656c79	ok	a77b20d00e189ee0d6bcbc33f20fdb07f571a3198cfc2ca2a137382c22c7ccb0
d5e54404a2d6bba31b3a127aa4954cb64ba956e505267e8e20ec903984081f3e	ok	326f270df98874ecf5bb5899f543eb8a25fd1d7c3a7c36ac32c1a5e33934fb0e
d61e3da5010b185466c575648ccdbc0e5caa803e91bce334416529335900b908	ok	0e4e300852c0f3ed6947a5a2aada083d3d2a21f2aa5360172b5e57202fdb999a
d62aa1586c959c1a0b95c9f5327f9211ca418462de7652d9f702c5e2a814b050	ok	b84db79cc823d1a95a91c81d05aaced5cfd2dc8d25cd86cbd9e330c4bf99db99
d6375396dff7a7c3d51c7986fb92d7c7c6570f308ffe011282dc898130292154	ok	06c11adc5eedd7a444cc0438e94a2d0177feefa8ab054450550e4ef7ce5cf4e6
d65d1c123c36d641ef44690b9b7556c54e7ba5db551bb5bb2cf90954cce8185b	ok	5a1760e0f780bdf1c4b11bde0457b3c178df0f22a6943e50f06aea58285871c7
d66c9453806cde5e3e348e6624beaf244ffb97d95767606738f417b99f72c5cb	ok	5e531e67e85b86ab2f6034370e1954182206009df3870027d7ce09556e592f4e
d6712e55af55034874f56ad22ffedbcd14bad065438881da0c23ab034ec74e8f	ok	45358d9644265938e422085b56ea0c7591279ba4d47efe43e61916af7c3f1cdc
d68365d09c255b9f62796fed1f09e7e366eb459dc831639d037a80d758d00cb1	ok	288480b45e801faf8409c520a1d67331a7457e17b07e855a56a31fcdfd06e9c8
d6863d99f14532b9eeb12b01c12c8888633c1ca43b67962fce6697ab4b278738	ok	5480b6fab553e4d25085db252f7c91e827ff043bd4bc10ea0b6ece2e11cc5d80
d696188f8af0f391e926a266f2e80c52762ae4670f75aeec4c8584bcf6774948	ok	e7c7e5fa553ade3752f85f170c594f63e9e723554531337ef313b2eaeb2f7bd7
d6af447b3e68409e70eb61ba5ce6f4051c629404dd0bf08251fa84862875d436	ok	d492655ec4f410fa9a4c90eea72fe1028b7e626901889b85976573795f8aadc7
d6c8575d2b18bfd5f88dcdd8ccbb24b629947ad368545faeaac4810a1573f5f3	ok	ac99c0d786b4515b4172f801e6d97cbb705a82924e439a02d93ed15ada4ed2ff
d6dad19966e06871a7b97205c5d55fb1378649e55c70b04ffd7cbe75b78a9a1b	ok	ab5fede1a00239b8397a406df7857dc41d720d7b67c8ba0f451e6344e5261a51
d7180c1f016e1fbba3de687f75b3184be0cf17c9eef93822817312cc8d691c3c	unsupported_shape	-
d73e8c971848c0bb79bcf4d3b62dedab42cc55670b5e2abc628b13fb56e046f5	ok	351e95a40c3e73ddade4ed044c572f67ff1960c7f633ecb47858c1d975782872
d752477049555c3f21ffb7510e628a6d88bfa331018886b7f827d20ab758db83	ok	4f387d2d9564f7873d71ae45dbdca066b2d2a60049f25f537a62bbd4608b339b
d77cf6557f39f8f9fa64c67842e8696f5c1aaff8ed8b18949a666fa7a2ac08d1	ok	4775e053ee6b8b061d9e811d8c4bdea5c4cb9bb5c11577caad9674227ffadf4b
d78f3589ef56f3a648c1e8898ec05b1153e7afa0a1fb994806321155ecc5b94c	ok	8f3c0bd39e5517f16839e3063caf851c911e9baae8f20ff723b1d3a7b90aabe2
d7954686771d57efec36fa67d2fc3cce6759d5e2970162b379ffbf7e4a06531f	ok	d492655ec4f410fa9a4c90eea72fe1028b7e626901889b85976573795f8aadc7
d79db4e89241feb3e5faf3baa66c5fd39948e78c28fd64265412ae7cbd25c11b	ok	4db1de10eb370cf39f8694f36ddcc311b320dcc65f0f302cc54ec39b5d19fa32
d7a2dc3a57cad23b306cdfe91dfb4d11ac5333d835d6b8fea108a11d7e9abc66	ok	b5ff92bb843b2faad13d073ff4d3d7b208328b0152fab1de0bb5079e0d6166cb
d7adebf7c4b15f9a3ac3bc95a0881827daaaeb31440d69d9a8e2be3a1f289710	ok	90e3b9faaf1c6b355dc2e24391ac3b82468867d6fc4abed61c12e69fcb6f081b
d7b9f3fffd77258aec879b7ee5446a933c47a21cba06b68f7ce8287c71ff39c5	ok	d39db9bd5a5028c4738a5526626b30b305f209edc613d0a442c414a2c3cade32
d7ed175cc323025e2b6f1d0178afe914b2520c6e504c213dfccfbd592f7243a7	ok	ee94926505b063bf47e57b6f4e0b11434935db5b975747b72647d22b0a8bd0c8
d7f68918520c9a97e954d0f91d164d33ec9e06acddb1fe2f02f5bbe53a08639d	ok	e069c9fd60d842ac063134ca86914d7b1b31eef99b6ce766737615344c7c30fa
d8036d76d1d87d950135e38f57040416ffd8ec04e87e63bb699c7b176b9b65a6	ok	c6180759e3279d05d1fb09e1438e5a391faace10aa9c10625bd86756dfc7c698
d80518ca9a9736393030f84d15626ab913236cbbae767e58d2456763a15f3306	ok	6a13c5dcdab57794eeb3811630ab33b2003daf3e0d158fc20cc96d785b79f324
d8211e7a1074facd5c5b55a03f36d2f3a63324145672d1d5f542932cd0dd0dd6	ok	a5c05f62fdf347ba37a06985ac250c4f9969dd796b66aa3a3061fcc845116118
d8288b94eada5d568c95f4d62b25f1e65b246b405b2fe94c2091172ae85babac	ok	f608912bd275b9515348e81b7f1a54bd8381c4a61e5412fdce0a77c498e79b20
d82a6e81731a93e9830d680d27b89df27360bdf5b377eb02e1f9c551990b5b68	unsupported_shape	-
d876c8d2f141ba9748fa30aacb2772864be75cefbe14c37dcf52dbcb8e43d214	ok	af75bd188877a41ba94684c721a0980cbe5de1e12c2515b60bc0f7e27e8553a3
d88924ea0b8b7ae18f3e6bfad73799143b42e8d7b707cf37d88d32d31a51bba2	ok	2aa6fc92246ebe077175bd2a4babdcc3c3530f3bf82b7e12897b010f47e1416b
d89020daa9b0488f403de09bb69fb6dd367b7d8caa166e5047ca2eab0e423823	ok	912ff38f0f54945ad238e438c4f4ec734d97f204f254404f7869de42c9ada474
d8ba2e60a7481ca8370e092c43fa4bb23e90b188d57c4da4520b6f4f37d71c67	ok	f4872bd3e83861033cea93a0fe966d61ba7bcc729471617a688f2fcfcaf473c8
d8bfb7760a19ab78ef5edd7ce9a2d9b72131537b8c6d3c84eb9c20f38c246371	ok	9fc6315841059e50823c8d247fe61e2de94f16144b15823ef30b14b40a14c27e
d8ccc20f80055f6923284a9693eb7bd7e24554c0fe5d406b5f9b9a2d73d4faca	ok	d60068f50468a9b5c4eac9a859c44d8b25659fe9c93c79c2d6a0ce51828ceac7
d8edfacfd95455c98c05db4df2ec9c20de023bb6018fefa30d01fa4e930d4954	ok	1c2ff4920ebb4b3cec875cf4c7bfd1c1f99b11a64e2c51573249429da230bbec
d922520ffcf8c40becdc9d817e388539bd38f39fb5dbcc9f8deb9fe87c5a9429	ok	6153ba082453b96069a64824e674e083d7fda3e5779f86403a49cf62906390e5
d92d589b5ebccf851f8d3a73713ccd2816ea7f310e32877cb80386e9d49f4a7d	ok	a54424999555f2572bbb7fcdb3adbf38f6f6e63bbd02942201a070f2a0e5bfcb
d92fd50b01e740da42b546884a6537664c21ccadbc3031dd11a0ded9496d1676	ok	fb80abfa7bde2f5f3511a23e0fad180e99babd0bc019e132877de3ab64ce0889
d93e1bd560e0d75f5a2580570c1965012d4409c2fd2544fc47dbf8b99a0fe0a6	ok	b6af8699452ce09803ee7bf3f784c70d3ac8b4067a26209085b5b74f2a900cc6
d950f75eee76304805dd12441802e2a632c1375d6904898b5b03c3e213649369	ok	d3b4340dc0211ea7bdb271e734691fd028b2d8241e9f29460590f3090795fc0b
d965fb0360e03ac662045de57dd8dc97eca3516bfaf5227419ca1f68b2036974	ok	348fa7c211188feaac9b12262ee0a4c93d272e81da0337492e56fc81939175de
d980b816e861c832ca05463f818dccbb0ccec1c21e5f349f09518d4bc03b4e55	ok	4cd477cba093c77e6b49d9af213c79f57126d8fb8333fb39bdab109b4dca10e2
d981684d7bbd88ba014a4c283aeb968c1e8102a363c60f7dc209c1dea08a669b	ok	a8054b537ac555dd03728c87790b714cf9e4dfa38edc8f8d630de6b95dbbfc60
d9b53e54bfd82831f11c6aa31c4e238ad1245e781256769e09b12b7d683dd6b0	ok	376c1cb9b029729cbe938a4841d26f9904b20b38401de234be3cd2a6b7ba972c
d9d530f586f41654d5cfc7174741c622f1b4709b3a0bbb6dd8b412657576347d	ok	92ef94920af7373c80469a61130cd801a2b59084ed02ce168bdfe7c39d653b56
d9d5d6449b5385670258fb4099160c4a5083ec6ad1a31a3f83f771885e63e24b	ok	a5c2d60b7daa496f3c33a287ea3e09819e1e096345cb4ba8f186fcdd2ad9a80f
da1a01565df4fff8656728ff57ac4288958a7e0b3469d5dea3a6b049d0c5d942	ok	5caebaf72df6f5f80e573de663be69ad4ff656811359c1427f60fdacde9d309e
da536626fcdeb3a84b742f9e6925a05972d178507d384781cc13e3922af6df88	ok	f057491b4c67dd4b2ddc8ea6a520a10b761cd4476f52a9a48df826c422eeb807
da688b485ce669756413162b2fe3e9640d84d760529e7ef3f36431637a5d657e	ok	4b241f63efe112f01d033f61ecee8dac62b60dbfe2d7d610ec527ad7d758918a
daab5deb3adb947e976697963b7b0e85d74a26927c3cd686169dcbaedeed30db	ok	6e196fd318ea0e7e1da6eb4ca993b7a987b27ddbc5b9ef1165d27fe47143633c
dad34d849c433dde4e24ae26448cbd2704c8bcefa044f60f995e17a90e7613dc	ok	b9d95fe6771ea907036b6b96b5a0a00ce8154451356a7fd0dd36ceba04f0c83c
dad39d3f6302a40601428c980d1505d1f8c9fbf0b4383d984adabdacb8334985	ok	d5e092aae435b2a3d1bf9bb666b31aa730d73bc197883558cbdd76cec7b8a762
dadee6918713545fdce85ebaae609711749f20209ee19352cd81db4bb9756ea9	ok	5e740c38dc5875eb1ddb21e3e12d010f981f96733c3bc53e729a47859e42fabd
dadfe2625b07ae57711720fae1a00176de88578ee6b6b88ade36a77a5a3720f4	ok	4f97b3441d47fb650a509683df8c4bfd50856ead6b7275a1a45824c6c3805778
dae678b031e0bfee5fc8e99728affabc5f23254f2fbc838259b31e4305beb1d8	ok	69aa42100dddcfc6543ddda3a5f3eb5668524465c9cf2520802a9ce1b73c260c
daf88b4bb5866035a2b5e8ad1a84913c9fabf05e7b1610693cb9ccd3b11e8720	ok	9388a915f10c10271fd7f8ef69da796f7ccbb77c169c6030df49cb21985e4fc2
dafe52e840acd4f891fcc55b9fc42e606fb41182f38afb98eaaa1273e4cfe6ff	ok	e29c4a124b4aac46f8d385182eb1e6607bb32f800bb1f877807dfaec5cf96645
db042aaea2fe4dbdf64e09ca9bd18d861e314065933cc2a47c9247817a2f2a5f	ok	b7cd8c42430a74b3e47ac6a66546ad8a9c44f7465d1c0b062e38e3e77e08e12a
db68c5969b09d292d2f37884e3eb451767c362519d1adbdb32ef4d4d1f5967e2	ok	643eb7702d16b821c9a6bdd06a7df619f833db0983246998bcc5a0d898f48e13
db6d691294f8253404eef0d8f0941b830410151cb202d37389dc26165320f9d6	ok	d93dbf0b173b55a3bc35a5877df0cc2800e16e79c2bc8d72d0961605cd978cc6
db8f65d146cd6b15d2870b981dabf8b33efac0b4c328f843aeda56eccec78b96	ok	abf837ac76c5aa142f2cc1516974fca5b9c493ed33392a538b15d3f74d7a056d
dba5ef312a9251277ad36c21a7218cbaff18f3b2c5029398ff46651b9e43a1ed	ok	cd0b820b012cfe05fd08381fe211cf58fde0ca8b7bba3e4b5741656544cdc9c4
dbbce4acfdd5445060403428af02d96f183ca4391d92089711911e55db400b84	ok	532c7edfe039cb7d2bf3bca3ff1f8e913e871f372bcd3e1b32c75e3999bf8ece
dbd6ec533f453f64c508cdb19578cdba21da2449c29281b0304bd03ebda9e603	ok	b332255f8cc2a79aaadf18f3313870e1da2aaee5bcbdbd56528724ce397e029b
dbdcbf9e7fe80e9065f245f8d1d7552e7a6137b084091fd1976ad66f9b8c8aab	ok	12fb15b2215d69c347fdf69ac9ced013578375a8c5334c9d1373940d8ba9d1fc
dbfa9aa79cb7fd3d897eb02a90ae4c2ae18a389436b530f9ca78c367bbc652ba	ok	1b80751b97906b6912e8ed6caea6c14f6e4a3144ebcbb5c8e19ffce59aa2f7fe
dc0b2f82dde90f828a367918e015acc955f6b884c33f022745babd8bd24f0066	ok	6c39a77a2c412603de7ae02b3865ba251d776df3e2693be650ab8d15b832b75a
dc2cbe5e7f9cb053f191891dbcee051d5dbe5a45766c7a8ece69ae2b6ae15da3	ok	4eb088740925870d88f986deaf383fb3ff15e60a6af964ec6ec55fda286d2ccd
dc34f7ebae29f80a9d1da867b2df38694db890eda3f16f18d887e0ae40353a8f	ok	fccdc58359e21a9c4d337086293d6b9ab555684f339deaa8a740a35333ae1b78
dc40f0d751695be306fc5329fa0a98a5c8b57fec2ec731542f946cddba462743	ok	94290e50b46c7417400b589487f427c2f468b7cd4345801065287f4cde75cb9c
dc636ce3768d29dbcbd5d049253adf610c18946c6af258635b7df636b5d9e2f0	ok	54ba1800d3996b7535ba2657396b72d224d6771a9ba7030ea78c36dc3f9e8344
dc686856f43bf18467dabb3752acdbec002472cd6770be41edd851a4521a3a53	ok	a26e9903aae0efc6cce1264ceadcbade10a1f47f15befd605d99308e5bc53be0
dc794888731088fb5148b435b3f269da7c3278ed7961c9e94aef2ce28a5c8889	ok	ebf3ea546758ef644f3942994bb6d3a62578a552728f2637dd5dae437fb577e8
dc8faf5fe0aad59ca0294e3e027d517ffa89470f042a0e24ee1ee083de714310	ok	4775e053ee6b8b061d9e811d8c4bdea5c4cb9bb5c11577caad9674227ffadf4b
dc938b0e23e7336102969ef977b2c9604ebbe1a9d9493c6be2189517aa9c7934	ok	352bfb33c4a8911fe1ce2fe5cf10174eba0df9ebb039911cffe807a5dbd144f4
dc9780e94ea590ecc45b55d72f516879570ccc8b662fe05239e35f1d54617c30	ok	5480b6fab553e4d25085db252f7c91e827ff043bd4bc10ea0b6ece2e11cc5d80
dcad0eea2e252e5d59780e2b85736dedf7f25e0bb1de060b7f0266e5e897d241	ok	38792efeeabe4abe8910ed4d887fad9d589df6b550ccfee59af2095f07cfadc3
dcbe97442692e0ad3bef280cf961e9d3e31dd235efe204f270bc41b9e8e0072a	ok	6c19f55472aeecd8fc67d006e5ce29f27a51b184bd425702bd55c584357044c5
dcc1734102d6cfb65d65e289bf8a9cd7a874e56d03fe31b57e275ac08a9e26a8	ok	3a0700036f2b628435afa46880aa0f617065375266039917b5965496bb8e82a8
dcec3e50d61eb809f1d1a723aec9d09b03ece444fbc7893bc86373f582e6ccf7	ok	f663dfc3b07363ea495d21477b333c074470ac762ec5ef09cc58c73c46def72c
dcf61d1e04d964241b7a6e44383e57aaa425f55b4a66391a1363f800f3699a55	ok	26047f2df8fc770a3d891bd268de912918eaebec152f751d92f9dd3da9c923e5
dcffcd4b359883b373e9eb9b2eee38fda90952eb7a93a57c9248b2921eca2116	ok	871a8733fb259eebeb486a61394c24ad57d9b412aeee750e33653c997f5d5a9e
dd1e4192415d5aa41e049cbade7b3c471d3423c15f08203d101b8f5c295ca891	ok	4087500ecabbe4038f636e7aeb4af788ac2601534ac71046124e243202083f94
dd1f2e8cb117e80d2a870295bf5182082d48c4cc75b9119030c08e57ec553265	ok	331ba5f022bea665dd5335539869aac364cf0e95b38107ad1385918d609efa99
dd1fe5a73faa893da02859e25b106b60f613c419cd241759e8e02da822662af6	ok	27f3f821096601f9231511894d17e3f9c6a69f8fa22e209030ac1e08888bc983
dd7d8df872aec1efeb4501a6e126c710b2bc206028e72675f222111534181104	ok	e747ec2a19facd2a5415ff666a44c44b6efddf6ea25c9f815a3e994871eade8a
dd8f589f654999d95a262f618ab7ab92d829752c3fb0fb53b34914f99b83d090	ok	5123c2a1a7af58dc7a20fe9816bbb30aef0aa96201eab1079a6017cc90211faa
dd900032e59d16ff750ccd76324fd26b3dff2d393f0c0e67454cbdbfe567c494	ok	6eef480fa9b7ecb9dd2e26420b5e93f3588d7abcdf02979c6c1ac951de3bac55
dd9daa4ab29ce29c36a38a2e57019b383ae330361852b077f2715e4a40c4e20c	ok	e9ca7c79a2a2f95f7fb247fc639340ef261374fbe2d98132452039a73e44d7bc
ddaed4387bc01dfef8013ef9666214899a7b021029e787af8ba79e857b6fd8eb	ok	d381c5a0c4399cb7c90895200eaacf97fe10ffa89a96c05b705269654ee94869
dde1777b00b8e352e300e23435f065383bb799d6ae7884a74ed9d319217d4e78	ok	dd9396336cfd5e2ba0df00efd4c7f27252af655323a500438b0e0a7eb22cc816
de497bfe8cb5130635c53036949809c16d251a36dc43102b33fa9222f5f572bb	ok	8606fbaed8ab0eca17391d1d5f8f018317a9cdc3dd3147e5b20d547536dc7ae1
de68f7030a9337607073419b755c36a17a07292fc1af5f30a494ee907871ed0e	ok	5736b96b33d24e3faaefc68378a7cedfc6f78a9b971ab43849dd89f1e293619b
deb9ce43019bdb20524407a61303c197057c9154b2a942eeed4fffdc2f573daa	ok	9794f94a506b69fd09ff49a4bae6723803c8614a28f03dfc0612a3a7261c75ff
decb86037a5070d12f016247277e1a26268d714ab373e79bcd1a4e29d3ea7689	ok	dc00958c248f391d6b8c330ba961dee32700d25a2513c30244bd3f9250fa79be
deccfccf87f43052bee7faf6a039d2f8f1b67a014134b0e6d76904cc4df93ba0	ok	62906f008a55f5093ab57cdffb828498d7fa8f5cdbdd9583a2869e95616358ac
decee2b08ec8bd7bf00b32c56d24e237f0baa761fb4ab44aa62cc53ea7660254	ok	5101af9bacb9dd46aab19cfc9d9436f1fb303b54fb89dae293eb70bd8d638916
def15fb48042873b55137556cd453cacef5aebaf93c87ab79bc85526c1bc9666	ok	f9ae18188fd4b28ea3ecec13d95d92b89ea4417e626d630789403cd50a897f9c
df0388e47b6cff5c92048f04c72df854b180252984aa4ee6cd2a072b8b29912d	ok	a484b7faee96decbb19fc83dfafc3df840e48393195670f38bf07c8d5dabbb5c
df509f94e1e1f488a64c1a8b1adcc94ecf6b8d3c6fe79466fe58877a5ce9624b	ok	c03a0d7274539dba3e468d512c7f48aee9cff078e9e10ff6f6855dbde0d3bd19
df57f0f0c48d9b77fdc7cbdcb40ce146da42fc74d88a22836c0dec493df79059	ok	5000c818e6b0ac902b126f0ad69ce685fa9c99f182f09cabe7f5a9f3224ac6ea
df5e079f5f629fc5ff4500770fdd31d674c5de970cacc52e803095d212593ebd	ok	2a3b672e158d61872640bbfd252382bf4cbc0ecf87e106debc24b78e6529b4a3
df780224ea30b4b5879a2a18eac6746c71a8ad73435d744d62ebac595ee1f2bc	ok	0e42360163ef1385b3ba326b21c477c3ad33537d9372307c0a3b34c7ca76a515
dfcc1d986fd116bfc7058ca67a67a4769e1f8c68545eb9a579c3cacd2a0db98a	unsupported_shape	-
dfcd6855742336030b1a2d4b191dedb45235d2f6b660f94163774cd098f6ca9d	ok	287d2c2214a65245c6a8cfbc19e057c7112daf35f17aedd358cdcbc04ed9f97c
dfd2f251afe93a6b53e0cf33f177acfdf4c8520aecf36909f6fcfce10614d300	ok	5594559f4c6b81deec1876dad8459d15d2fc056f81767c3f78fe9bfbf21bc977
dfd2f4e73a9343d64bdc2990c64d7b159b4bc2b0cd83f1e765bf4f40524ba0c6	parse_error	-
dfdbaad58fdda862c38169b0e45d317bcdca0d6a63692e454afa4675ca29b447	ok	01fa59e201f26a2e07e65d3250e286ae0a39d720d4c26d9a75bd458ae54ee48e
dfe542382ae8c6d88013922b7f194942a658a97aebdae2340e18119423c6af0c	ok	8a4fec1ac8ee0ccbdd677ea65f8b9b1b6cfb6c05d26cbf83a68343176f4a9072
dff65ff38f118025d66f768f3ebf22d47ce18203a202a971a7bdeb78f2284281	ok	2f6311ea7c671e7ccd97eec6b7e2ed55d029bb64e19b76f24dc5555074814f2e
e0193e5704c62f80f06690443d403b4e0af2b4e0f75d47fe0c5f88b6bb314eca	ok	07592d42a1cac8113bb8f8251f472d9351b6333c70561e02389fbcf8dfbff14d
e034b37775feff14a68171a964a492a33d5ebd4aeb7440df4ee4c16160cebde6	ok	46f6ad910706449073f3dc595cec2f199a179f7d3fc1f14131a85043f657b57c
e03c95dccb079bc8ab5aa5f5622202b2acb1ba6e5b6f45f874e1ab8e938a5c52	ok	16d20ccc9a90f8737c9e66649dd9af0328356fd2809ba140402d543e4db14c1c
e03ff5ae87aba06f22961b97fe6ab737dd8a5cc196700d407fd0751d43fab565	ok	4087500ecabbe4038f636e7aeb4af788ac2601534ac71046124e243202083f94
e0495dd54127f51e00ce699ac9c822cf3539955b24e0bdb9d8b463c1b4b7c0b8	ok	69ebb7bf6ff09293d3b531c2fcfb163a1d05ec277e769062688336b001d7d97d
e05e20166d90160ea74dd1ff2607db8e90b5aff20b5b89330aa1fc3aa2781bce	ok	47b1558a725fada5fd79b041b957999a117ade86837da1a3f3d9112c07c865d7
e076f1ce6fd0a8f38631a07cf680cf20a5a85e9b10c3beb1cc8e85b4fa5e79c8	ok	54827ddceb6bcb80716c67207a3aa5f60dcd113f4782c2f7b3d7d16b6fb242a8
e0786faa2a647e922f73402a3be2265e0be2bc94b22d5c2f9c9043d0d245a63e	ok	238c6bd66c0d3cb16ac5ab65d5e701ad4afcc77c602dd40239e3db1c561cadf4
e07925113001f2f3758b3f8b9cee994482e2cd87f1eaf9b84468d752d5d71297	ok	7a07806d51f4ef1bba0eca009a174af4903b58a6dff1c4715596b039ccf2e56e
e07fd431d88cf7d2fced487393eb5e3f468f50099baff3222c89dfd2ec543a17	ok	1567822084e2768d1c41d1bed0440d7a8d7f3e8316860a44878572cff1b2908b
e08df5af620f03e8e39ef8f5cb0f4200c541c75780853646412ce03ebcb5fcf6	ok	a56043484176415f253f46ee595f065a194233224d7eafb5a5efabb2a170b575
e0b987f13ff9279ebd3bca78348fb54ed9eda0123bd48e237ba10a2839114ef5	ok	8d6f43436fe08c5cdafa96430509adbe7e2523411de46a0f5d168bf77b886afc
e0c095007d3a253e1f2e494e5de5a1af158c7a0e14f94e767041963ab64f4ab5	parse_error	-
e0d07e6bf1232895f6e230dfa3e79d2079e9525622c4cafd97ec8b005d986c34	ok	e8b2819082367bb134ae996d0c4c6aa8be29610ea1319fe3223d752436bb0228
e0f743bf485d05c3ea6616429d25c955fb29553a0adc70f248748f233d117c08	ok	0735cc357710c8eef03b0a3404434d0bc083f70c365e4982d2194cc73ab72892
e1128d453fff51d60748aad686627a7e888c9f04983c24454b08eca3ebd2183b	ok	a7a2db3acf0f759b7c341ab432ec4699ce78aa7e0a450b752abbe955da6f632e
e125920e5b6d54bcf918837ab8cdccc4a02bcc5732e760cea9897cc2acc39dfc	ok	c5cd84f0a1ec0e901fcbddf0850e3eb1914afce110b3eab203d8febd3f7ecbe2
e1316bd9d985eb2f697c1bee9db23c4a4c1f3b7a1d5aa51c95c3a105d995acf0	ok	008cb209429cb5fc2f5ed7f37e92b9e6fea51004e81729ffd548a235484ea6c6
e16c569ec3c2754e5f3c385abf57fc819d8c383e394ca0ca2cefd3b60742baad	ok	2ae583bc29a31b2936f9b5bc1d12132468110d2aecb0f2695d4a7b2b500b9199
e17436b7920b40e4a111f9496790a4b401c4ea604e60052b738369f6a3929b48	parse_error	-
e182705d7e75ae4ffb219c6c418f2adb3e64c8f87f97c65fd01911b9764d7964	ok	86ae82cb3279508d773e00d116b87f0bae17e99be423013d53d06b09b55cd4d2
e188747c647b50b143f27d6b75feea2b27a4b8a414c232ec1798c149a4653f47	ok	2e340cd809d9d45c42d94373333d1f80bbd5cc29c7ea87359251766597bc542d
e18aa82b25cb4f46cb0a8f9584c1316afcf273554089985c27917b82f4a4b325	ok	72a5511a0353f9cf5d9b08f4c1e88f8af5d6f72a6ecfb2125808ba9295089a84
e19a4de4ecb4258a84744f0ed07c6af335e6f68c97fc9d5a233911c05b711a04	ok	d302ee23c04d6d42e0ebf11c61c75a27b0f360624a08911b64668125978eedb8
e1c30a3d324e9db748ab2a9d445d886ae970cc434fc6b067a88821cccf44365b	ok	c4298c080c6f92eadabc56ad30214345ea5c7b4222fd11230de83ce75309848b
e1f57455ca4e78bcffb3c9925e8398d48728d9136ceb8ef20d48506a50e00ed0	ok	71b70fa0c6e66891f25d0195c16140e7dc9297a8064b60967dc2b2e7423e6da8
e2118c1bf5da95a88e910e49f05efaadeb4a9a11714a7386f3f72f48c12936c9	ok	ffb41142e99f1fe8ff014215f6fcd3cd569eb0576466f9357262d8865c50df7b
e2266a7bc55a2a07a7613f629b37e0536a38be7019c5f77bb1bb9126b2181a50	ok	b7fe4ab78bead1b27d041ea3f895d762d79e955e68dce610bd976b63e3ff04ea
e25031db39d80f5d71162b800962090acc596e3c76e30ac706618c7a73dd69a2	ok	d1fbde0c89160b4f896d11b47bbd54e9e1451b57cbe2100dabd3314e63d1e2f1
e257f58661e1b5225033df124355129a591aeafdb464170a9e408a2638f09b81	ok	10fd996f9479ea7eca2fcec42b329f2f5eda501e5d20d7c2aedde8eb093027ee
e26b316463af50b45763b5a7f86bc6e37b65653cf2cf48564074fce64daad56f	ok	4faf40f7fd0f3a578d0834e1ac33249cd5c1e2a969eebff15e34d8f5acc4c401
e28ce6fcc0714be129798aaf120944559794fbf590d00c486b0f0cfc26d31a8e	parse_error	-
e2a10d033ff8190aee2db2eb720748d15f11f6b127693dfbe50652dea27ef0e7	ok	f28a4523774a40c1e917d86424d3e33216d64592b9abaacbd7d887390283dce1
e2bc1e9fb20722f98d8c43356f075246c7906e26d0ff598f8618b991503a0119	ok	78fcd288369032a2ac93b765a7f99c11111578b5f420a6b717b829aafa9c7860
e2d63351f32f31bbd2c70d3bedd13abfa176f1c9e98d9c4f71258e5eaf73ce9d	ok	fb54800ca1ffaf3246e3e3698812f2355c0bfc83318651be2b27390960508866
e2f827884cb4cf472bc1fe7e88a17b044244ec5c4ac1f4ff8d54a2e0567cf9c6	ok	dd9396336cfd5e2ba0df00efd4c7f27252af655323a500438b0e0a7eb22cc816
e30ee55508f393ff10a6511e0d47f9481c543db49caf0b02d82f9edaa97786d3	ok	5e990c11edd22dea7034278dc0a02eaf76012de26b79d7880c4f65570e7a7750
e364170d85700fe072cf7441898a6cba564c8859faa516fd4d10db7ad396c8eb	ok	bc7e06c0bf65bf09e71f8fc8720c7f6fd2359638807b668ee136c3c708dbe1fc
e3691bc859d2bb6246fbded2f88c8d3a20466074a6ed15d1a0d69df076f49113	ok	fac6674bbc11dbc1000f5287046804b854c2402d118ec27d69c23fd5f14e3a95
e3a3f6571072ad7b320f89ee936b52866ff4e762a8ccaed925f7f8755c6ca68b	ok	8b249ff58af339d36c51411f258b61bd462914b5815c9aff4468693324cb8ae5
e3f4f54a1dd088588f1dabd639c922894afe7ca4254e664177d0e6049422666f	ok	0d3b6db1014e3fc05e3ff8a92fb70f51db09e0d00aff6b469308f813a277b78d
e40d463b46ff1f12e22182cb0e9c33b74a0169fea3a7b2fb591f413111820315	ok	ae914069c62722c6605fab34d6b4d8f186f1da9a74e3adfba779a5c0e4bd3c53
e43778df9758d2b8aa7f14d9b7448012dcfe78985efca5b8f36944a21819446c	ok	f74f27c1153a2311b8dd85293b1460d92ce9cd76c34eea7d0e77bbc326385f2b
e44717231d728c07777ecd524aebcc3c4c6d24a5b020a6a00158beb0cbc3353f	ok	2c09ed3a97584c1bb85fc44660ca5eb3957f63c96e6ca7204aa52a655296f7bd
e44ea1c40776cd93f241cc64ce251429e1b60d5b32aa3fa567ea404d3a5f4884	ok	fa48d9c15cd1ea71859f9f6d65660b93431305a67754bb8790aff97652671e99
e4568a05c79ecb293c045298debb3d497d97e957f40def8888e55075f58c8dfe	ok	ba44ce8a414d2005c4d7d3d9d702f00e1106360e0a4bbd21802f0d6402abd3b5
e45f52393e90231ff706bd4b8e660e77f2fa19ac755b0ef58a884d22b8813678	ok	51e3960f703763a65c937f52ba6459bb87729994843b70a1e47fc178ba7d68ed
e46fc2b72f4625d07b34e266c0667cc98af97029be9b8c8052a5392baf6b0555	ok	1481b8af4ef0f46dca8a9090647a750f71dc0d497bd4ca1f3a871f3bfe8d13a7
e471b8714ff4f9ce0cdef02fbbb43b1f626b3afc3dc70466539c95f48dbc7d56	ok	4de565c9c3d8c1e88445c1d96121e6fcc05c459ada04fb7aba9c0ad59b22c1b8
e473fceeb595ef35f236bcb3a558b7ea744779b3051195ad3adeede497788fd5	ok	015118d37afa3f4922157264c356778bfcfa7901c4bd4600ca1e722722da5b11
e47e9f360030780cb078a08f2db9ed2c3f4a14e55a51fcf78a7f93e5c014ea3d	ok	fa3245383eb5f1684509c4adc8bb57ac904727ffd503250795476590d99623e6
e4817e48be3f8ebe53d7ce196a4e26dab7f33b2ab0bc996f99be2f7f202d8391	ok	5e098fb6e735d81376ce961360bc0b6bf3a98bf9bf8cd15f78cbec6b6349ae7c
e4857657d5f28b8653f0e4e6f59ecf62fa0a4606dbd323d2114d1eaab6a529ce	ok	2a3b672e158d61872640bbfd252382bf4cbc0ecf87e106debc24b78e6529b4a3
e4aa6d97a9011d0f718ee4d0d234334884015dbfff9cd9ca392b19234003f2ae	ok	ae33223b925ecccfb2869d98514f23c3f3aff02a1111c1998e1140bf712ec2a8
e4b41be39f613548310b0ebf6b48aa32db0e169940c410b2b9e1aee870f29858	ok	7049d08082efe65593dab8e8775db8eba46ea3fed6e17c5962101644db7dad5c
e4d3994d14ad93a8ae219638f4d755323d06c1f521bad64357773920b596fa23	unsupported_shape	-
e4f27e4267fbcf8fe1392b66d399f5d47df19822d69b5364129241b4ab25d3d2	ok	a540f374d080ff0f6df895d38fe2920e5220d63fbcd6f4a038295c83b4af8d86
e51ef0e12a2d2e86c320664d0bfe5a66cefcb0e69e767597e6e13811bfa1f4d1	ok	8d731c12e8a086c6c55b50dab2f5ff0d1d9d6f20d327cb8e5d87b834dbe602c3
e52333ea5eaea1f59c186c72b9e37f15a930bc81f81d77aefd773e5c362e9321	ok	6caaa19c8952e6cfdbfe331aad9b1b451ccd2fe7f011df7610e23869d0e151f0
e5417e31d77979518f98784a049c23b62d0a5fe96ce3a0015700e039ec13d10e	ok	46f6ad910706449073f3dc595cec2f199a179f7d3fc1f14131a85043f657b57c
e5787e4f52b6ba51d56bd704d8ad7aeda99008bd5e611d5857f608295adfd127	ok	dd9396336cfd5e2ba0df00efd4c7f27252af655323a500438b0e0a7eb22cc816
e59084204c0644a9c11973b78b31f1dbdf7af3e3eca2eaa26e54be68636a4c17	ok	44ab2023a7fa266aa1e29a7137e7e3ec74a9b42ab7b5fc09655971688183129d
e59400641d866abb3b27b15e5d345961be4847c2c3ac51e9f4bf04ea5d360ee8	ok	679a3ea617eaf8bb76288add5cb1f51e867d8aba2e715214ba946d5b653f1a88
e59f947bfb48819c17aa714244836db93793b154f1c1f4eca9f5dc9cfb5fbf3c	ok	c0a816b23f1cbd9180284f32985bde476ddf7a1c58ac5f8aa9151dd2e52650b7
e5a7a8af09bdd5bf194d0ae3cadab7f9388b35760e7a81600a9371e1fecbc3ae	ok	c34f665793b1a17093c875d7d9733e4f0e127b1ce647830025f498630659d8dc
e5d8bb93b9a827ba2d202b327638d2c2839c12379be2b0db1fa9c3cc613d7833	ok	01342721a8275243b83193855b2104f0e4228f4a3a3bb8cedb309587822d322a
e5dc1be3d59823dc1fc9bd89a34337d4b4a4e06b376a675547787e2ad2b56522	ok	8f73135bd1f6268c501037e5305a305afd1a6653b00c579996d7607992053b11
e5ece0bd7d2348d634440b2a5c19b69b52d8a4242302156e3f0b8582429a90bd	ok	bb4dafef9287900576ef27f4c57d03d8c700f7d83c620f22bc10a746ef9a00d7
e609a513104569faeb34449ef702043fcdedeb00e8ff8bf3c3d2d7d53e3fd08c	ok	8eb956e56785f51097f0a85b57784460ac341c8b8c4e1e50d5aa3d5fb6e3ea83
e662ce1106b0f8753c300c039c1d01aa0a9b2f0e8e0c703be09ed8e6a1e9d793	ok	541c130e2771e2c276dd6e7bf6bce2c49d6a563421c611d7b01e2a5253728391
e6856f1be174b556cf1daecb652ef97ec4ad36bf3670cf15e65acc1fc84515ae	ok	8f73135bd1f6268c501037e5305a305afd1a6653b00c579996d7607992053b11
e68f4fe1d55bf734657ba2d498b61a24a416d2d0c699d5fc2d335391b2133a32	ok	aad2b474a37c559fe7a4970d1ed2a42c1155300ebaef8840627077fa8676d7e6
e6941639b00b4c6161dc3fb3ccd2dc9422845e96e270d10caa8c3cc096160eb0	ok	0e221a288be5aaaf2cbb9c01d3dd81577df57db3ee6f40dbeaa0c66aaba32349
e6baff640455f1ae5601193d5e7050f1a7a79bb3fe9ab25dfdaf3daab09c81d1	ok	aa465b79a3521eef2b7f010745f3ded2b8be828fc16a899d4a3f22be7cd23426
e6d9f77cf860c9dee6452cdb96d8af74cf6448e78dc3c5a4f927d5a24c77968c	ok	a8831acf688bd8f0ee50134339135fb4664e209cc22383ab93cef7187fadc5f0
e7029a5775f47aa0122ec0a35028e48823eb1ea196fc3e79543b2954d32fcedf	ok	c0fd9dbf47227b6f33dae85d77c0ae6c679db3fd16a7c3882474d0050e5d0523
e73ee9169de90c51f4c50ccca300e21c67cda75552835e90c9e31efc5d2154a0	ok	852deb0a127814a52fe1432c79489d128c8893b2770ad34243d8900d1b412525
e76bd98f5049227e3ce18e111d097be8df7f8effe5c332817c69ecf67bb7eba8	ok	7c92285be38e8dd3abde6148b64fcd5cb074f8ae3bba34dc9c9ebb0b379567dc
e7723b5c999167c0da1449371a37d167504ba6eb8d7a8d4fb522ac2fd69c81e0	ok	7cde4fd4b4e092e019729407ad68ea991f370f521bff9d9a7dc57df8e4d8a464
e7acdd5c9263ec076441f5247f24256dc4390d7b1aeb6fd7c5a20845f7832064	ok	f63062d6ff9a0ab0246f079a525853adcd307fa1d9bb2fdf07332c20c2194697
e7cf20eddb72e8b3ebebbc30a282cab388b165ca294f37852c2df9cb9085336c	ok	33ee75fd209f411579138961b81d6d399ebf4bb54afb87e9f28c9dd47afaf019
e82d412e0870b09fd546f5751fcbe7a116446fca97834bf53bf6d3a06029e0c4	ok	1000f3c93983fe7c0f364cfd8939b03a7fc33b3edf8531656e5200989a1ec56b
e8609e0b197cb95d4b57b1cbfc1a10a8766a268b9b79cea53173c74095e94a56	ok	af39b89a86a832d7f0b2f2de91e9eaf1daf97c649470e2d1fb374178d679b2c5
e8649355916a9b6e3159fe925e01e9c1e137a8e0ea85a8aa4e73bbedb854d0b1	ok	5eab36cb9823d06f25845f467f572579a9ebf13870dc38b2a18d6f7360b840db
e86e8711c03ddf60ebc8e64c70c9f366b2ddb082aa0436956f9cd2b0202a3f10	ok	b463f5cb0bc5b0ca23860f25703a2c6e1751f298f3c129bf4fff2f02fcb2806c
e88289d754f1d65784602e78b63fa508ad83d9fa482c9297903c336966299b3b	ok	0dbb74619a0c95abdad21077f8be14b4aba8dcbbc503a55891749ef2374bc3b2
e88c8b8a9a84039ef13099d741e572e7ef822182117ae950370319ce013a9cb1	ok	753670eb7fe59e722fd11c0c84f4e513fdaea3a144abd97a575113948b718681
e88d6f628af88ba9aa3fbec16a27eb16a401f3504db392fb51c7a63af871b3ac	ok	075fff1dcd150c2c3e91f751397250a34170c239c67831df2fddea557cea8d04
e8a3de68ec7001856f7e9d52f430f5b56514201dbdcd187ec5ac4afa87bcb8f3	ok	7d0d460d15856a02ddf277b0cf52bbec13d7e0fd4466a1fa9922443b6ba79e8a
e8ab38a0379d726612913df61ece8c3850994912209f0b59abb6fb0c2d1ea8de	ok	a2f078f7fe3b7f5bb487bfbf72b7eb61e1eda4c8b34890e67385c4e5360742d5
e8cccdb402a9107725f82b785a33067887235ee887b624c246d1c4b7e9be81e5	ok	bca06805686d154c40149c403bf8520cc934a0d85acb868298f5676ac3e5c6d0
e8de301d4e88a3040e7918de39f839afdf552545be6b0f0440ebc96fa5122d4a	ok	aad2b474a37c559fe7a4970d1ed2a42c1155300ebaef8840627077fa8676d7e6
e8ec9262719ad5cbae665e848923b9891795ccf724d60ce3a47888d412faea77	ok	86c5ca2b20c7a9e1770ce81c4c123e274c787a5ee988317858df58508da3d1cf
e912b6196bddcb495fbd79177d78805d03f13a48edfc047c7228186a34573095	ok	df3a53ab4df67a8b313e935747b8db333e528e2549299ef85ce759a3b8bc8a47
e919ce144253ae728ac7be059d1f62ddd823ebfee071806dd969051ea3fa1879	ok	82f4408246280bd28267d545c9e9cff5bd01792f85b38ef5a00a4d2a385ffc42
e92a5b67ef4e3d8f73cc34fa9d378f8321ee900688c9c33e0d139826159810fc	ok	f03ddc22e22efd83b342ffe803eb409824e5c206014a8df388be2122861e6ce6
e936fa21563f7c162d22a8ba3e45f19deab6a777e17e7d062d2f2441a7c9081f	ok	ceee0caa42bf64bc80984504371259e4b071cef9ab959026a71f02a66c33621b
e9562ad3e64dbfaca7ae82f5a715d0e35349d2b80f529faf11b289b73a5e1b1b	ok	73311dbf2c4d0c03e70b826ef3b96fc071a26c2ec7d884eae23d12561b813529
e957c6019bfeecde757915f41d496ad036224966f76f44144d84dc976fba5af3	ok	d4060dca06e81ae7fc51930e27111e8d4388fd11f17577125974ba71ef1e3d7d
e9689a09c3af0ae3de604e393c441d52e7f91a620fa7a2345d06e258c56685fd	ok	4f7e4ffe3339402faf7f95d5e768f5f5d5d7daf46472f722d4bc4065152465dc
e9738eccd01c2ed999a5304e467dfd0a6d63d769add260f34b5117df54806ad9	ok	92bcb80e53fb91457a00955e3db4d723f3155cf5b2fe0ffebc789403853d30e1
e97cf5989bbb8345da3d17490f2bd46d312f420fa22c215bd638582eab7bf1bc	ok	71ae7c1e993c8b55a90b8844de07af7c9319ae90919dadaa535ea687e91b7f41
e983fbb20eccaa53e2edab9f3b984de7fa440ead9ff09961b6b5dca8cc865f78	ok	0638ad09fd957c6145e336dbdcc0097b4b82d00253a1904fc22a38efad733e87
e9c46785a2e79d995e282d5540899b292d237c90db376b332c1f8e89cc5a9645	ok	e22c5c86a5699e2c406aeb9bdadcafd7ec5b7a3c5aeaf06a2490b00c1f282295
e9d0c65e3831e7e66e51567d19dfd61d2e97ad5d14edb7c9f9e3598733454d4f	ok	2fbdaca60c3e0464c40a8ccac994e9e7348bf79c4d53b829eeab8e666902adae
e9e93fa0051b37622c532097e8724b5f97be0479d53b16ae4d4570b34f7930f3	ok	f39a3dce673e649029a73a5634fb23073e7509f95b03a022b72a76a014607977
ea0327e9779069136adcd9a10e36942d03fe139d6e925c71c48727bdd51262b2	ok	9a642b36d79231da4deed0be7dd74796cbcce73c5ca64de67070b381a1e62bba
ea0a23b3719a3a93f590ca6b26b90a82e9f1d1821936ad5afbff27e2dcd9a1d8	ok	5d98f9bb27a7543e6acae9dcbbcdf89aa6c6ea2694a067bd41376848aac6be35
ea46038deaac0f161f01ad38f8c5508d59bb5301d67144ba9a91b550a4372268	ok	431e909decbbf22e214ead6033d3021c27232e2e13596361e0ad69739df7d7f0
ea5a4ffdd681874593fa4bd710fdca92d59647071e3474ec39c5b742bf9cfdc2	ok	e3672f09a79b13d18548033d16dd8691cb12661843ba6b400ab2917d9413656a
ea81560dee169f7e81f769fa070e80bf331ca9adc53e2b655ac8f261543c5484	ok	709d6296c74209e6db465a10533186e43a5a1a3dfc334af1bfe5de4d1133d8ff
ea954ffa03fcac53fe35f1ca92bf6872ec655eaa8792d03840027186ebc32a11	ok	8840fbfa8a0d2123cc41e8ec6c29c42f158964663a3dc1d0036d6d61d27045ca
eac64cdf52b7f84b524bb3365c80cdb141430db07c52c7d890eab1af57997545	ok	34f543e5baea4be1b54ca46cf66cee5e0dfc0dcce428d070755c5c04dc0c53e2
ead8a66093c7bad35fb000c122f89be4d66d7fbdba6240d81e6c24caad8b51c0	ok	fe9b74bb3c06a81f0c6838739bd4c46623ba6724ba4a53e6f3e07313c7466c27
eadf4b2e8adbead0cb9921a7304fedfdbbd6fd5e3dec639ce4902bd9c01b1b61	ok	f4c1b32b0358b2975a36a43ba240f651b336d36cd7f9073c34bbc0eb408f23ab
eafbb76ec0fc43d8461ec4d584e3edad6ff43c802648c3ced5ff5ff363c58d1c	ok	2c377770f10c6476aede576820d8370d9090e760f27f3b8a9f5e8518818eaf13
eb204432f073b06ed3b23c2604c5b56252e8220f625dde6caae875f115c96dad	ok	c40e48ad198a9afba6116bd26fd21f12e1ea42bb3585dc23dc8bc49e1c5c92ef
eb2692e65747b927b48d03b74a34b60f39b3248929afbe717b7b4c5db22feb5d	ok	b6af8699452ce09803ee7bf3f784c70d3ac8b4067a26209085b5b74f2a900cc6
eb2d5e42c6511f3dfe50b42b73994793e1cdfa234868810fe1ff4729c65eb5f7	ok	74bcf7a225f77253802e00a4c1f621df52bb22ef96d59cc96a6d8794aa65d8e6
eb312089bb9a82114fa56268c0549b01807713cec5148e760e86138bd9ace7ca	ok	2930aa14b73043459791a45df6f850adbef2a29b57f107d25c589b94e1952500
eb6d93429e18ba926ad58328b7cb77eade83e6fb43e59c6ec0cb339e245f35be	ok	1323a1261f1e4c67fdbbddc37031c27098bc4550edd8080b34074385ee261b96
eb70b85ebc51ebbd523fd2aab7faad307020d2164e154288f55d42780c0f4364	ok	6528a6802d63163e5c26b542ee03471976b7b0cd781cce1334e3b4ddef313838
eb7f7520e576b41fb2bf8cf3d9e7b8a67fee66bfab5e69beb990d9109ff94b88	ok	5bbab821ccf782500cdcbe54342f70920c7a2c6b31779eef1e6da749a4607fe0
eb91d7fa26edf331e28e9f2d0e76f4f803b688f41b373a3562f7dd4bd0248d11	ok	f89146bb8c02015525abc7c0ae92293413d9563a7c861c0d8f093b374a7bae25
ebae9eac113d75cf813e9c2b2f85466a6d2134b3510d2420971efbcdd46c5537	ok	ab8e7c21e17dcaa95768fb0ae535680a36d9d2048edfa5ed0dd3cdf8eb41c21a
ebdbce554ce293baa4d21ab5de74c6d3fc281502206f19f83d3cab94b99844a4	ok	4b241f63efe112f01d033f61ecee8dac62b60dbfe2d7d610ec527ad7d758918a
ebe1df593ff35f4ada15e5f1c9dbc96ae2bb8887fdc0f748e2580c9b628bd430	ok	2d86ec3cf6403ffc0b69e0eac83775bf9904db5251bc92c3feb2ed7046d7a9a0
ebeac89fae4b081a3fa2ad0666c4040e154d8614e7f8ba59bdadee50f4a1fcba	ok	2e6633b631850a7a90e726c04709161741c544894892109f452be837f9322066
ebebeb83d06da3c06a085a8d4054f3514ace05618fe5010ca6d6fe493b6f6d16	ok	0f27c9ecd3a1a4cd0ed3a96bea4c269d95330d2f14d5de2ff625f7cf06edef87
ebfcd186153c9107f6d1262712c87d9b6b6771b55dbf4508a6f9fdab76771cc4	ok	ecaedb28506fd5b16520899d3ffc09d13fff8eb04e8a6b7840471922cad06839
ec069dd651dff2feb85a1b14e340e56947ded87ed0c4bba0d23ae08c8d2a8729	ok	6d776019c01b90b45af1fc9218687cdcad94d9e722a18dd4129675f225bccddb
ec0950fb63c755e9e055b274966adab9396e442d6c9270bcb5d43cdb989bd744	ok	7d502e2db5e944802f413386cf95bf7158967fa56d69d477f73980edb7e10903
ec12d9c2a26b4a6fc71b6f00ebd631baf664a270db3575f25bb24c02d835376e	ok	ee627512b250e1270d8ac518d9e0354b7eda2fa9e1d44ff9c78a0dc7421cdb47
ec29a86e034d5e0c4fe6201f51105f4aa92a8e6021a99ee00d1833e8450ffeeb	ok	bb8952cc2f75f2267e3e22de8888a942bc13e3131b0f50d7ea41a78b696ebf09
ec53dc817e92412ad64591cf6252c3657b6fa25f7b582bffba847eee84065403	ok	a3bc04cc4d9e8b28fe11e72b348598221599b4c827ebc27f99ceebf11faffd8b
ec69bf84d2fac97d41191c09c0e04a76730062ea5506501eb0a7e1ba3b582461	ok	9bd63b50e086e7c9e323d7deed9c208742cc29ba82b8b872f34b6f06e8200681
ec790d5b79ff59950d86c3e6c6b7bbf4ac77c51f061e53c7d0855c9c66860a1e	ok	d95ac175348e824395c939c956663e38c5139a1ed676180a64ad74e333445806
eca1be4dab5b95b382b771ad7aca49d5a6c0471bf102a63829947be55b3b09fc	ok	0b5e1108e24cbe362c07035066162d9e356bf925b5bd5b7257b779519ce40dfd
ecab47c618cd07314acaba5a0e66353b9efa6efa0da1fda296af67862b2644ae	ok	1a071ab1fd14c97663984be6e7c2ce03bc183316250f230d306ea0e6bc625e15
ecc88bc61de1e4c33c7414449f9b3bf16096aee106f51002aedc4b015e59a508	ok	36b6cf6c61027ac19c8e01e77d7950d3da04148ddb1ab76d3a406b3693aa26c3
ecccee28d6b50ef4a6fecc499794ab689d47d3dcd47dde142ea3d274566dcfbd	ok	374155faacee2352611c1b2b0ad8e6ac2250054d3785d99491670f6827c1d765
ecd6c8611d03293f78e3905bb22623616f1c70274fb812e32921d7e20a753e30	ok	13132e1816b43bd4d9a37d710b51acc9fbba17c8dfb3ecff4a293fa6b5e47840
ece53b2961c3709e401cfd9b2410fb6ca2ac581c29689bb4fe6f962df1f14259	ok	653b87125e07131dc4b1dc529ac61c3663fc5b09109a6604e88b81c5ba7a9822
ecf4ca294e54dce42cfd7cd76623eff365853ef1de2665a22dff48c08393b9a5	ok	0d9c9ab6556ee6ff1cae42ea7a5d5f9beade0df5365469be3982ed4e01a880e1
ecf6eba1baf12dc91341f4bb118b35d9bce7f535d4433803c3477f1300dde3f1	ok	cfc271e7e53309bb35f52d34d51bd7be898753e15dbafefb9a3affe690e8ca89
ed0457163305ad1169b26ce8b970e05e5de12d0b36264c38392cfe91e66f560c	ok	5caebaf72df6f5f80e573de663be69ad4ff656811359c1427f60fdacde9d309e
ed07ec91f985c201e6909249610b7b2ebad78f6b3ff39012fd4429b622af08f1	ok	0f39d239af2b4d7b849a9c37f0a51b1a642d44b6baffe1fa219d2323b914848f
ed45ea5098c0b219e3f1dc1da738fbf8ccd9bcce0ff2bdc83600227899c13628	ok	b64e243253182fc0ca927a0aae07041bc5567dbea375b6e43953f5d9cc1df6c0
ed46b11a86453248edfd34f707fbf70c5eac64acc671a1bcd2388d5e9025723a	ok	4cd477cba093c77e6b49d9af213c79f57126d8fb8333fb39bdab109b4dca10e2
ed58fe91d665c07589bc90fe6d05365b4f5c371f9b8a6a2872593dc849166a96	ok	ec25b30e006d186e11d6c7ad10581eb76687dc16e67324c0ad58ece9e4bf957e
ed64d2bfc1596c891e2ef6b20354202e31925860c10f2cf7d06b0f267ffe2b2a	ok	d5275ced7e405d421153b6ea486d2cf263c56d933557601bb256d5e5939a8d92
ed6ae57b2484a0fda67da8847998dfff009615e4383871e62799888712bd8d0e	ok	8aa90e3f7ffd469ce69e5b4ccd08709b7f1f4bbf13e49403daaf2409adb2357a
ed732c8579f0c6edeb690d9ae7820b2332e8f646830b24c8c698df36c5239a81	ok	5e9dc5862bbe6044547aa503744207eb9bb2baeb3f656e409809aaccecb824ae
ed8ecbc5608cb6b0cb131a58e6ab7ed9a265233862ad3bb25c4cb7af709dede9	ok	68c24506d949fcc20d1b35b547efe0a8ce2f3d3b1c2550d68a1143f040c27603
ed9ffee6178b9d7a9fa30401f9450626c4ee5c8e7ef3f5a290b5c3d540a0212a	ok	9135ba64274423c9d3d7baa6811d6c59458b1c1a2fd5a432152ef43c07750499
edad3757069229adf6bee41b1e01cb789557fc651c291cdbbd456dbbb305294e	ok	dff82eb64d793c43cddd4602821a7cd24b9d6b9ba12b14abcdc89605bdbfab47
edbf3710e47e4700dc559b2b2bc265575f02c49641213ffac14176204e8af588	ok	900ca8896a6e369d627be07cdea5ec7f09d5d13516a6fe35861d62c7a3c76b69
eddd083c0df412401df139c4e28cf67526dc8c9bc4c29bcb2aa502afe54e073a	ok	ba5fc544b32302bfce666c6ad0968bbfc56c1e695b97876b6b56c09e5d75cf51
edeb73b911eeb8a69995d2aca36602499edbe083eb7aef2d22a6c67b9995a2f9	ok	5c405df97ddd7b97787d8c1a0cbe326bd255b369763409d91f1d3a58a432ef7c
ee067a079542343d1cc0f0cfcfab9dd31bd1bf77fb89a8da1958f09cb91ea6c5	ok	bd53834d7d5a455cdeb2e87d6884329af6745f1d32133acca84adfacfa712690
ee0b8943bed97184a950a950838f3b291bd7627ecc9c6afbacd2f35aeb6a16cf	ok	fe7fab91656f24d8ccc5f5656eabbb2e56fbf6cbd330fe83ccd434cd39eff08e
ee237981574627a7a8a218db43e3bfc200b118012521d0edc44b27e5376082c2	ok	7cedb1679ae98b9af43b17362610530222424356ef697542226e63d9ae73aa39
ee6e357fac60d21a5cea8318522e9028d996b7f3554e735107a28b8719654fe2	ok	4faf40f7fd0f3a578d0834e1ac33249cd5c1e2a969eebff15e34d8f5acc4c401
ee7e089a3793372ded0b0ffe7c60343cc781265000f0752fa5f82bc378e38e98	ok	491aaad71d13f77fe0b0a68084a8e9667ac41a408b41036a82e99dff68fe820a
ee812cabe0788bbd6ceecaeb366dfa13bb47b78239a3a1fba1e0aed00c42aca4	ok	e93ac936b374d72acf2cb6d891a526e557a27bd9cb8bd861a65a0fdf8118b00e
ee8f070efdd775ad677d4d8fbb26d6db30a4a7ca2711b8355ac8c5859c4a11f7	ok	9445dc9384d6e130514f34573c0674355d47ca0f1e6650adc764939e41aa1594
ee911d1902e4eb700ded7b8e17a869181dfe841ef2165a88a6b9812b67c4b9f3	ok	b96b35f4f08aa11e551b4ed2fec4afd3bfc1e21b07a3e2bbfcfeb65e969bc0c4
ee93ed31c8abb4fd5b1aa00a52b2105c744225fbf90fc00691b982f2461ca78d	ok	7da80b9d8e9bd37db27b575a02f9e0349e26bb3888d66ab85b61137a174dea7b
eea6059e680a27d9d6e6963c6435834485a5ed6a5af6432dfbfa7f8da3220296	ok	244f6def2c70f436793d9db01251b6059f3ae0854d9f5bede9a5f2e46425b071
eee0f42d042faea16385483f4923d47880ae030729df961cc57601bc936a23d3	ok	e54f357ea6c55c5ef0640f02327437c24cfe9c600a78e9f34184de5a6912af06
eef754f1d88b48bd9325c619934bfded13d0e0effb4dc699dce88ba951e54354	ok	875cb3d822e3b6641ef218f40b2f09c444031e6a59832feb8c8ce18deeb77dec
ef035094f24c3fa16083fc6243e858645e7a441bbc5154bfcd9af9911a72b1c3	ok	e258172423370823816e1d3690b8704c28cfb1ee3d8cedf1035ca82044b79fbc
ef095c85c2c2e6c67a3d0fca2934ef64650df81a884a863934318fa84a240e09	ok	52da1fad08d51a33181d381eb2648842985ce7b1ad40186d41ad285cf4f2591f
ef2452d8e1a35b6196ad128173bd92c506b9a2588d6e6814b083d0ef0afb79f9	ok	d589861b656a50493292d5adc56ea1d899d35703f06704c4b54b50051fa6cd1d
ef36570a5a88e3473fe02e3ad3597f4d0a8953f3f8f4144a3e2d37be580c43fd	ok	cd3b7ebee15ec7702e9e779dcf66fc4ae8768e3c8359e31fae12213a6f0b69db
ef4a707c440a703d3b28d6d877a1a8b0a7c19d18a0e023ff10b957f7c039c542	ok	f3d000b96826b11bf62aeced143d58a051432d620016df9724c17d37936edec5
ef553fddfdb5da3646e7254a850eea4ce2b3811e4f6ba5e55922d44f1136e8b1	ok	709d6296c74209e6db465a10533186e43a5a1a3dfc334af1bfe5de4d1133d8ff
ef941202803597d5c70b4dc50e1b2b6d82126298f6a8fbc02dbb1bde94c1f1d8	ok	ef6c5fbbc2c087c91fdb99d1621ff4c703f35092d3633e9389722f966a19aa1f
efa60b3a11b4345aa74b7ab37f4288e5214be791ed2b921f59b8d8a6764c3040	ok	c247fd5a425ffac762cfa9a7cfe9ba5de272d9c59ef71a92196472dd08c91af9
efaa7cd6c75c150c0d48c84e263a1ac5a1906ae606d3f2c9ebfbf819e48d57ce	ok	c630eaa053c63d2670b332b957f1e643d5fdd03ba4a504d5d72e4e9f56c0fa72
efabd11ea9d92d08daca388296bab86554782bcbd3ff23f1be7dd8c89d7bfaa8	ok	74c5e20ee150cd9c23bfe126f9c6eba03b77295ff9714eb4fe3e575d4659f036
efb0db1d6798298d70bccdaf340b05c2f7853c6795a8b3938a5cd7204f1f20cf	ok	035c4a1d574bf2331ea56372257a01c831b38e08557426d63d04e9fb150eb156
f006506d5c267785a30df4ea5b3aa0ef07a033f960aedfa5766c4eab7de259a7	ok	55cc8e2b6caf562a575c8a34a9e03dac254519e97f9cdf510ebc2ed27aced8fb
f01c8e4109f0d8f31870003280d741fd253becd84516ed06e31d43ffb861cc24	ok	021870a972626ea5bed64ecb8696a5d32a8ba819e20693e25e76b06b7b97f768
f02f4532e9083451b11bfd9d126988f3088a8f83e97003fb555ba4f060f40d51	ok	94843be4eeb0c9080ea304fedb6b03ab80c785284f2aa02a584c7eead77342d4
f04b05506728ce2f1d09e074a6fb050db9ee5767a1164b288ee874c3456d5827	ok	0434edd1dd1adf6d5b64abb7f6a2f1bbba9223c70d73fe45bb7e1931f5df709e
f0614447760316582cdaea41864d091168cb3864ba088e92b98db80d481abd96	ok	2b28eec914fbb42463a0452c9a3011d5c4d09fd2771824c632c44900079ac662
f071970a493acdff73c5d9d1be7889608c1165c66143b84baa50002535d74828	unsupported_shape	-
f071af8a47daae6766afee847b0c378e9b124cb2e7f8682deddde8682e5535c3	ok	adad9214f0fa7c499c1ae02c3e34ec6392511e99b104725b9a1c79b72de8f988
f09b538aeb102da5c5dfc410a3867c7662109b4d8f1a177a23fcb5d75c0f7323	ok	05d501d55a5e7ff75fb6cdcd79c10125e2117f307e9d8e819278e08b0496f0ee
f0ade1ab36c6f834aa9c85be52579e90a99e8768672bcbfa5cf88adea4e8c11b	ok	0eb5ac92944095bb3e7a9a5f31edbc9e007c914e913c1341491745b9cb33dddd
f0b017f84b2b07eddb876fa434e19c5e8e50f3313fae5d19393da6e6de6d9107	ok	9a572e0467bbc36adc2a1607e29090ff441074286dfe333e52c1e90a65b0c1e5
f0bf7ed11b244dbff07f64414b0dad4c41ae4ea041350234ac2c3129073a3cf4	unsupported_shape	-
f0c9c3a117b093e127a79a7d2e20fc5e07c6fbb03137fea84d43420200c39a03	ok	3ab57f771eee6e1d937d08f424dc7a7fdf7a944cdf7e4b0371491ff6a099c7d7
f0c9f4b83b51a8895c1e297f48ffc4010fe2d9f23b9a28bb917428f499414404	parse_error	-
f0cfeecd9f60aaa9ea92a02444cf6c9c24efc858e3ef42bf3cce09395921f25f	ok	1f1b075f515acb41f4055c3b3effa41223410c6a83108f1c7a9740fb9bf05ad1
f11d6e048ad393ec17f8eb42ff413dee946d88814ca0e7a51c0a1a25e72d1c8e	ok	862ee3ed5d1ec6c467b99f30b0b0328b1e8e8422d55bf1b4cf83fd92cd37fabc
f1219e90528271526940549d238feb50c2a4fd269c74885bdd5bc00b48bae786	ok	c0a7027108c5423f7611711ab29dd263c08f534ecda2c5509c860c1d8aa77246
f1283593b5939cf72127c2d017779a3711b389d53ec8907d27bbe749b50acc39	ok	f9b81bc0231098110e145e7abfd0dcb60865653faa90549d6705df183eafad9c
f13657cbd6e512e6cb89835a1288737398c398b08471f85a942ff6f54feb1c1d	ok	7e6a51c234a66a61929458e4e673adcc4227d033b01ec378625cb3d596cb7290
f141e9de97298c7c691fd19fe508981fdbf37a2284c378b58d86bd51381d995d	ok	9f8bc536945c36fc54f354ad67f7e2eca4f7a07a7101b17c11b9fe9082f485a2
f14cdcb8b90cc38e85385c4e6c45087761126146877317522205515481e65693	ok	6833be9df7536e16699e42b73603df4a7330e446a2460767c70945fc3df8beb1
f168c73df87d08547047c30e19359d14e42047130aaa2668b77351d3dcdf0ae8	ok	6714902649713ecb1aff7518e2a1dae8fbfefca20dd42ea5f5273b273bd84442
f173f24171244d4513e05a9a8bebdd03040789910757985a2d7d4e221928b4c7	ok	9fb202dff4bd6e79f66ee27ee513eb7df6c76f119db8225c0d2620d40f634ec6
f1853cb4905d160a5f0072b6d39a271e86ea26100f9ac659a7f7afc7373c8872	ok	283c9d549c5f18a285bd5e5066da579c6a29f1b1cb0e94be2ca7abfdadb753ec
f190904f98d79ce089665f31a0433ce54b5222b83d9f513a760b2d8f57066f15	ok	ce5beac969a832f3c9b9d55c391d9f973c064586dd9606661c54082f60f454a1
f1a110dc4f330f5969eb7d961815951167413e05e84a5e6312846e70f07eeb19	ok	a43f9136dea3b36ef530e821932539b6d558d24d9917f01fb242b0015267b0c8
f1b3df9f595774ea71bcc88ba848c86b00da5a3850283c201a0b0d2f50e64811	ok	0f52d5aaf53298f5627796e1efe6a820a8391650e46648b3d250b631b0348cdb
f1b70a030d1e7694300bfa7f9978ca30b65ff536837d68779e3853834383bdca	ok	9c74e7bbd120e3a1c99120e6d716c4191ded5bce2c9922915f69f53e2777ad04
f1c132a7c1a7e9255570ced192cf4c79dd0e276a9b7a8757e305af566a4047c9	ok	3258fb4bd609b4cd49f43746284ad20c88418b6b4a3098d3fa054b12117a8fea
f1cfa2ec6c0f5091496cd8a208ba0b07a2db2375edd09a9c8ed8c4b835e5d0c9	ok	69d669f04a7705b3f8795ca57e47591b7e8d2bec3c0a0541249627470adf0a83
f1dab95243fcd8a74d004ef525e5bcd3460b69c90e435bc40dec8c52da759354	ok	068b95d1eee59a4ffda3b4b515ae70b8fd773e878aeb7f336ebe4621aa16f170
f1dff9c85cfd06fa10ab6b13a25902df23060995832b200a0e449a61b3c6e42b	ok	f190a4055482ceb4fa3a59ccdf3be34a9d0d7223768df70dd7020285e8d52130
f21546765ae7028383eedf203d472100d54d8c86cd6084561e45d43a72978035	ok	fc862313e1ab8bd0f1f662c37459dfcb8ba4a40177b294602ab2606381024a75
f21b574ce70cdead40453fc99ace930deeb677204c5daa97f3c51f73b4d075ad	ok	4faf40f7fd0f3a578d0834e1ac33249cd5c1e2a969eebff15e34d8f5acc4c401
f226a9abb6cd6a9207345d148252e54ff00617bade3525f57a432bbc4cf84de5	ok	54b31c171a946984e7902885b3756d60b1d7e9b8723175b278560dbd48f1b286
f2310bf0d2949f45e298dac53acf0cb1541b5e6794c5834cf9c78fc4861edacf	parse_error	-
f2344bc32ee746851db283431910b5b00c5e96a978c0e3ad9e7838c71f9dacd4	ok	866d640cf016034dae5ad2a0fdb8fd7dd93568705fdc4a082753cf8d1a42e821
f23da1276e725bf10926ce4743ddb6eaa575c0d9f1b9f57d83bc3d3621fa7afd	parse_error	-
f24dbe48d054686e7a07e4480fd1b66c2895f5771b30466f56c2ab577a4ee6d2	ok	21e97791373c4d54261a025b7626edc053432ae3046b71c5999717e8c4177f21
f250c68f56a7d924b1ad62748ce5df8b196bd1746b88202ce286643ca18219f2	ok	18233272a08bf7d9ed1d548e9873d0bf05cec6e643fde9843820ac6a5b5e31e3
f25213d2bbb6b2c74a35a7586cf2a8c2f3397f9129c9d6bf590011302ff014ee	ok	27b84476b42d8066e36108037db6fdedb89b311b282eb6af9f3cf5905e8ea511
f25ecca46c6cbddc3edef3e7d55e78c55801c4d928d16c4f6c59bf8a295111d2	ok	0f52e74e40cdd46055afa60778a80847eb7920ef61e1f92f25ce3e270de04bde
f287540c7d1da67fb4be3a833b8a5787d9fde206e603da7ef03df01983190c78	ok	e5cec8898759c806ff8c145e28e63d6852298b2c28cb8874ef7ff4b8c3772ac8
f28fdee7033a27c09057719effdadfb8b5ee7d5be7e5a62887238bdf46b27caf	ok	b0e0382b5455bd8bba6b473dce109c9276aea18fdadc6e9cfbbc9a26121fbf59
f29070ad67cef4b85152dea218ea4b125dda9b0aa683bf931b5156bc9b4f3a70	ok	793a33c3170abdb1d98f17ac3ec3a6807a8ffb0ef0a64d6d59928680be059aa5
f2992a76e0a445a02badc15d3f8e5db7e9fe8be8a651f7d39b533b5f470a4926	ok	d1500555dc1ace3487017191dde901b2cdc4961bafe77053bcf2588e57947d24
f2b16d0250f63d894ab7345d349ae7f2d2b2fc9e518b430fafa41c9fed07a2f2	ok	3fbd2302189e3dd00ab1341fdb17abc4fd61b0d3fed28e8534d27d5fb1a698c7
f2b964f2a3a4bd6287a3c2b3daef0a8fa670d80bcea6eab4bde244168c3fb79e	ok	7a462b94c30743a3be2b5f0631f216084a72041f0e03ec7b2551741a20ca2926
f2dd6be779c35b98c3dbbc43f2738a9ddfce64eb63db2ea7ea6ee46a72845a5c	ok	f51b0d80ef0f7648330b8acb9bb03a6a8c41265ad3cf1d2ca2bc6ef8bc6f07a5
f2f76d5731fdd7351f19727de8ec4fa00c6d6817e8e60520995173b3436d26f9	ok	1e4a0d2e9f8d22e10d2dd50e14d479dfc17d28085b30837cfc64728ad114ba32
f315410bf093d0b0ca64e4f0fece52cad2df9bea99c02d42c5fc1d193aa0c237	ok	ee65b1ef622b39a3e7230011e5602be1ffa27e930ba0c89550e4f8566a6025f5
f326e66038ae0b842b185680635b7b3f872b54dc3cee761487fb1961e07b4443	ok	d4060dca06e81ae7fc51930e27111e8d4388fd11f17577125974ba71ef1e3d7d
f357b0dec5c5037ab338be5c2b3305da78119f7e612307879ef686cc3c901c32	ok	bfe295c497e6d35f8533fa7e6e8c7b77352dff6836e3e02e613ac9daef8c249e
f3753e3072eac05f3153710c180f0085693ccc6f6dea89e55349e2d0605e81ef	ok	1040af6903aeaa11d589fce219cc5c20ae02d7abb851125299e19942b900efae
f38563d8e080366e73479d42cae740740c83dc1e1e511d134cde805d6f06ee30	ok	fa22cf14292fd34c15ecc341bd71f9d232e6dea3e1925877c011cbac4b11555b
f3970443e8dfd69593dbdb59983621b498a01450b38b6a747e0f588f1cb1cb09	ok	ad4779cb036e3fe2708c7af289dc688bb9ff98b059506979b0989e84c85b52d0
f3aea4cc43a1dd387a57741d8c34cdc99a58a3a9a136f5843ce995009c589144	ok	7a07806d51f4ef1bba0eca009a174af4903b58a6dff1c4715596b039ccf2e56e
f4016bc4ee046b278a337e209fb5c9f381ec70c2e85cfa5936720ba31386dc65	ok	7d80752b3b0f98ff12597491bd3c6dd722e8d39b1d4b5c99f571c6acc171b5e4
f4155b524c4597f3da5f2ad185739929e184b8fe7a7a13d0e69fe0218c00607f	ok	12a3b69729b0dd77d638be8ced9c01e6afe07d004752b87eae40683092b0478b
f42e949ead271116a3578a93788d1acbc10d1d454c08ab150aca888dc802494b	ok	a9a73cf01ebf0de198b5121833c97aec25dc96759ba2f755c7a324b96c3e9ed7
f45a208cf076d073bffa39604ea99c2990a5abd39502a805bbcf32a2eb21220b	ok	42da9973221257ee30e880f329153754159d4cbbea2fab8bd4019f7c7ec1d4ac
f46b4eea7f3fb85632b6ce123f95cd52f3a93f22d659880ecb5012db1c8e7459	ok	04fd7b7ce145235b4f82d3a5ca2b64ffbb66a368fffc2c286376485b4f455650
f474b25a114d7ec130bb6b766a44ef44af28d25fe35d9f44d8adb1be8b5dffa8	ok	fcab8b91903fcf5133578a4fd73b397308472c9bca805b2b3378638fb636628d
f481ef757d40574e50bbdf49611bf706663378f391adf0b4ea8eac70211f9385	ok	1c8444281a970d13459bdb2c543c64f16777cf07f27f94d6ce5bb681d5ee558f
f48968b42ba1882f5fdc2958fee04bed53aa4b581b80fee012cb3f973b56cdd8	ok	42b76a5b5cff9ef2a97b1a43749f95eaedb7d489af2814b389d20a94066c9060
f48a3d7db3eb15b363f81f5bdd923c7c49d4e63e49c3b18b3d9f01f16f7bbb13	ok	b6123c11d975e22ab0e0748daadb86628a997fd0b6b3b7a2d9e21ee2f20f69c7
f48e913a018c36fb8d6634a910c2481be2491c98c4b32e79dc65642eac09d034	ok	a931c72995a8815bf9d41549784dc96a3745832b10ebc29ae38d483ca9b5b62f
f4a4bd9ea0b306bffcceea2891eaf04bd8e036814ad076474a4606ce6e91a621	ok	4da6bacd34f465821becfb2752e1d2faa7e24a970ea8a3db1a0b7edd7add6917
f4cf7c6815b934030cfe2fefe42431860e6aaa624472a20eff4b435f61c60045	ok	98b8eedcc89d23024fea796f8588a81a99fbcb3af84250f2c5228aa2618de758
f4faceea1247818916b21615a7aa45f4a0dedecc3f6a659b02caef80a927b84e	ok	556213a3fe8b9766eaf5b0294c1616a4009b5c0cfaebeac8b685ed1015097aba
f5016f1771fd7369272ccb179b2297c50dbdb87b823c23773dcf2beb92a20db6	ok	1de53eb604b1963a977d9d8e59f02e53be0c49f30809f98a01820fa9e01ed84e
f518b80bbca663e9698930b235efd0fc16bf140cb7f4e42438d3ab7e5dbd6d16	unsupported_shape	-
f57fbbf3187548d47c0125f5114838e5901407a5dd56241eb1fe79059c60b089	ok	4266832b3fa2cdcc7a15b97190e8cef1153acf34ff6c30e44153503277999281
f5931cfece02695b17b22a7b7eebf3f782af8595ba366b2bd671d0170a84ef13	ok	6caaa19c8952e6cfdbfe331aad9b1b451ccd2fe7f011df7610e23869d0e151f0
f59401a2b6002e6bf34742a0187fbf0f948ecb3496f6732bf817a2fc9cf74cef	ok	6f6ef5c326bcb8553008fc22aa1c97a9e409cb6ed255ee09c68cca915ab1d811
f5bc8f110033cf43bade8285a7a225876e2444a44cc4fa8e521298eac95d8342	ok	2968afe651b9e18a3367ddb670becaa8a7f932b72d5315cc579018c1c34014c2
f5d94381d2eb052f8d1878ffe64d30a66ef0b396f30fa7aa2f8e03f387dc8a56	unsupported_shape	-
f5f1febe1293457d076de602980d5faf4ddae77db20fdf44b37a628a39964c56	ok	91d67762a6e38db44f69648ad619ecfcadb1e3e576ce881edc0379faffba5d50
f6197cce50b3e8e9c24fc3dcca1ff59ded3cfd9c113a5342d0c234ce9165ecdf	ok	99001b9648c1bdc1ecd9bf18763725787132a4b40550fe9934bc2b8f0dff4bd8
f630d1512fb45da13202cb344a86574fa4ee785c5388a9b7f481ce2d0305945f	ok	cec2d97fe67ef2c69ac13e21bca4da959ae838ad5deb3c2a8de439e29d425c2b
f63aa6a6666e5a7df2195ef2ef9fdfaa21050cc63257f82b37b389866bbca280	ok	9992a2a6978e8ae875f42f3d28793177654d8aaf76ac04ba73e7373f29f17c47
f6430f2974148ebd44a5fb0cef29e56cb91fcdf7de25afa4b3e5187ae18f759f	ok	595956816bc552a564f60c96921c7491ad290b48ca2cae936acb9bc1b62c1339
f66a56d4c0551f43bf9250d604d98f54e3161972e4fd15724142484955697684	ok	95afea43e9589bb4a38023b92e217366b41b81489581776ab561c073b1e26c88
f688b0d6f9b87bfeba83516b006d5e84f48b4605264ee5098c415b9c5d62e4eb	ok	8d82f82b6ae838adec52289ed9808d464c6899ccb37357709ec11dc67174fc98
f69e8ca44e1b495cbf7bdbbb5a264feaf67b6b84e41cd4dba31426249958e66d	ok	b0e109ec6ea255590e945eaa5f8cc72ea7bb696c90686e933a949cc87a89f275
f6ae5e337ce8f7227b3c33993d40da21ec2e6fd870b58871f65600a7325cb2a4	ok	69e6b84724c99e0e6f9e3ddad1a0a2d4d7b5bd70b689cf6a8719ba0a8c4f0793
f6b47658f2f0532fc6b154f9955bd0e4746d92a4b49d5eceae08f47effc21d1f	ok	ef52d8e94f94d6b534787739b98c6a0322ef8726af93cc61881325cd088a9ebd
f6ea3044ed63ef6ab3a6cd936d99fe04c0a85d1f8b978a4448788f1be3498456	ok	856a5e08d7f6d90bd68909d7c0ad1e0a5a841b0eae73c130023ac638b2499c00
f715617e899c17d215699e2b347581b2fffdd1b83315a01443a9e8e7ee22ecd4	ok	5be20e111291fd0bbf29b6e974bd20ce4364565072a3a4b94e171fd72dbc9f1f
f72d4cf997cfc8d3715f3aa58bc5ea0393c7f647c706ad47cb8b601afadad125	parse_error	-
f79fe00a5e1a8fe787d9c1b17e6500623503cfb1e5fb916899ee21e083e649ab	ok	35e3e9d9e68de40eaaa0cd9510cd8931e0a6431f7cef5e0dfa534b893abff58c
f7a07b5e0fc6b8a0e197aa8365ee022867d009fc37d9870781b0060ee66701f8	ok	31b7a706b402c8dd74b26de2aec67d481fe0e7b579c46b20b645358c73e25761
f81730f2206e527930194bc429d0785120ff41ad8a01fed899e969482f94fe7e	ok	862ee3ed5d1ec6c467b99f30b0b0328b1e8e8422d55bf1b4cf83fd92cd37fabc
f821892279f6ec0ec9bb272020f4a53a261055be2aaf1eb33454db4df0fa2212	ok	5da80203b1410c85de05f51d838746c7e3f7b3fa56d5f0e0bcce2337a5187cf8
f829333d825f467ccdd88285c11983cb0950651059df5a8240cebf6b30ac36bf	ok	17d2dd0237c9daf5853ff7c5c08ea3677f5dbcc0abbf1255fa122549534eb1f0
f840c7e4e015f36f525a28fea259f55084b5e4fd2c18519c74cee9091af30018	ok	35bb1fbcd608f6b6b96e311245f1f175b972b94504e3e6b482a4ea7afb002560
f850e2e30983e4948503b92e8eebc27c6a91175941e5a476722bc407590b6944	ok	e460d34d73773f6dbf3e73035d3b74e55dc6d14071b7bfadb2850abe955355df
f85ed298be47ac7e624354df17f31a93b0cd4b1fd73458e50628a15aeb508f60	ok	320043a1751c8024811874f82a12157c958df22e7db49601d0df3fdb33a86744
f86f930d82404f86ae214d95c0a066cba44438e42232d9d73d183dc1e34855e2	ok	0cfb579ea60335e9dfceebf1d7079924851d0aed84972b5832f4b5a51ed6e82c
f886575d2758ee0617b9b0d6be6c5bdd43c73c0ba57a0174eadba43b065da8a1	ok	627fc007d6ecc033791c5f767ff2c028496fa6958b4158f1b356675ba6de6c27
f88fc920f2456cb98c42e2c6fe1aed5343073490c8354b616c56e2316ae3e6d3	ok	a0b7be1ce18b5663ba02d6eb6885f026f4e1f8a4832a98abce47ae80d89e7e1a
f89423e748ebdb5e62f259ac891ec81ca6277862c563b61d5dc33b179a5e4f64	ok	350e48065280e251f264938d4ca586a8ee9cc324862b5873254ae7e2a05d48b0
f8b39532a71daad1fdd5e0449ce852307e111c71a35ef5e1afc4900a9ed97f25	ok	5091a4c48a3542590aa5bd13e690d75840ceca7a426f4f44bd93fac19001ba91
f8bebb7848e2224fc37248a0d87439f089c3ca35e09fbb84384cc19cf6573464	ok	b75680ccade914ac9a44abf935bc49c9d8ba7757ea86690b7822ff03e88fe4b9
f8e6774185de2cfe12689ccf990c8a392399125cebf66f7e5713ffbe65eaaa75	ok	7e7bd1e9aca0c2bfcc417b2e6e87d072733e60d0a4d01d89b3bb5e5537c123bc
f8ecccd6da36197d3d060c593c70a727f76a73d63d28942f0f53b01c8fadd7ae	ok	84800103d400bfa0223796baf2ff5439ba46f313c66fa50a956dea039a05e6a4
f8f3179e01ff3e5291fdc87fc3eb29c02c7426c24c6bda97bc4e23e51aac95bd	ok	1203c0c3f01aa9d21a8ef283eeee33c9ce90b230787c78b84fd2ed3734b71128
f95752dcc4a1e686ebee66085d869f73e7569e5638ed9d8b69e7e52f2cfb2d4c	ok	610577055d70c4afb6a563aa334c220f92062fafdf814130a846a1703a76ed6c
f95ae0b546e12db738ce325886b2b9dbb557711970138cfc5fba07772413c9bb	ok	b038bbe656a58925460a2383411dee57e21966480f37f46ced7507ef8278ba54
f9651e9ab96c9a9687b1bda286dd40ddb2f493a2cd343dd76ffd5c70ff239843	ok	9a9194bc2cfccb1f940c977fe1e62592135b604fff0c526885358448583101e0
f9732b6f0defd4b5fda9d83237943f490ce68516c3118bc1cfd2d3c06ea188da	ok	32616a165137618b4319509e47989a340fea44c5b73300276b1c21324d48c345
f973a3dc2e9672c41fd07ddd01244b4a6d3e0649abc6487644e347e31c3b8044	ok	c9254b6b5f85233b1fbd46f63acca5a5564c5740d527b00ae38cae295d23cd04
f999dfdf2347987077b516588a0e5980045c163f364e14f6846610fc8331c77e	ok	1e54e07d3af883a16c1cb0fb9cfd89c56d53abf4e47bc518e8ac32753fa099bc
f9a70ae215abc621fbfde15ef6c7c83e99b2e3f1ce05431c2fe907652608d06e	ok	02214cdca52142372f0059d8125d8fda104f64aebcac4477b7e209fb21ee2121
f9e3ac042977918bc34839d2b93f4771594652cf9a568710bb81c838a8861d78	ok	c12fc03e7eb4cb2afa06784ef0b76a766252b396c3a17d5ef17fe4ee570721f1
f9e86732b35582068719214528d78b5367078337d62837aab658bfe507418fea	ok	6485a5fce03063779fcf70d199e41dfa005c6239588f9dc9d19788611674b93c
fa0a6b76a62f50d92bac861c4ea87ab5ab972d8d4521fad94a00b59076989f0c	ok	e29c4a124b4aac46f8d385182eb1e6607bb32f800bb1f877807dfaec5cf96645
fa38d71bb541bfd7ab83bd21f41183f61215b2d1817498470dbfbc6b2d2e709f	ok	43cbf1f202f9c3160a888e920c50c2a972a26b32b4182c9b2f2a72dc897dade7
fa5df511495fb73b3efd5ee1f8f807cd23f21be4e02bc1855e62406995149a10	ok	35b56b83f318c287b83ff14f6e6bed17d2b0deb01428f3d3a19fb61ce6556072
fa7525f45dd49677797c9257c2f8a76b1f5bb4200b0d0a233c5c3270a87534ef	ok	06848752d35e0c96696d9b3654e921ac02cfba1cfa4f3ce1e3371ea30f7cc80e
fa80b5e056fdd25c0c0bd9bcfdf877eb005ff181f1491d4b99a202a0c8adb28d	ok	4ec600fe88838b23c85ae427be80d0839643a46c4514a8b74e457e3824c625a7
fa83c94e90004afdd3ed095303d57ae24701aa9b83e37ab210bcd9baf1fbf0db	ok	b1371f2238c2af94c0d9276d1562c7b0974abecda348ff6726a9e1d99598fcdf
fa86f7b80c51582f2e6da64b9cf6c92ccdea53e0230d1024c6e3b5ac520eaf8e	ok	b9d95fe6771ea907036b6b96b5a0a00ce8154451356a7fd0dd36ceba04f0c83c
fa9c866b42b5e432a5b4b85cd43c3d89ce17be195107185863f8204a08834e6d	ok	e65f3190c2120978eeddd4d963455c4b6348827d30a40d142cd6a43574791ea0
fa9d07e2abb9fdf2b4d6f8192086a2e50eec7427b5f4ad4ac5e3451da62b1c57	ok	0e5a99cc54cbb1f0dcb9e2b205f85c5c81f23fd84fc1ba64417e7fe802d14fea
fab40850371eb2bfa8a5afb19442a48bb1d8288dea50b91506cdc16b13bceda2	ok	13132e62aa2e90ffd9d0701f1d7085bc7ab6bf22e8c760a82096116fd0806eca
fac5df4e441c670e4dd1a57795f77251f765d91e744352dfce58eda0e3da92ff	ok	f478202a25f555a12e8af2dd8d8b6a357b94b3eff914c0a680cbf5371e6dc200
facc592657734de85effff833b03200c5e9752c6c7f2793f011416058a50a179	ok	3f198528f284d49190fc8a051bad3f99d89071c6cb074758a008f09c4a1cb05f
fad5325343ea7d7a025012b6932556b85cfc0fbd316acc5a25b0445f108ea3d2	ok	2de275badc6cb50e82a05486b8212ad682434ae53ea3d482dc33f91695316c4e
fadff1e63cf2c2148a25c0337d7e8c3c89f63af687bd49507fe1152644788ac0	ok	d30849f62ebb221cf6320c53a494e361b249987be50e5d5b4e4762a6dc7d3504
faf79c00f94c1853a56cb15670bc25f5116d3f840ed523cb3d67af1e8dca1dae	ok	422a4324896532ea8197ca466378a9dd744d33355daf91240ebd284ec2d5afff
fb025a31c4eae1ffcfc520b4b16a6d9d4ee6ed7e2cd289c041474674aadfa3b7	ok	b917392364f39654e4330a5526d32df514a9718379392516a2c40c2cd544b15c
fb416b6a2e5b2252ce932c208139d62e19ffbe4086131eb8a302e090e00f8b34	unsupported_shape	-
fb714ab8ecce7ef5d2442ce580c34971680a524f3dc50b33611cdd765b10d72b	ok	628863688557cd01eae805a13618d71fb50b18526c2c595e58df5e432b06937d
fb7692f91b54a54550b7db4b585de801a963af10e46356fc80f6cbd901dca028	ok	c44881642b71dbcd1b1416ef93810db6606e12a90be27ddabac91a8164947f88
fb91256a64e19ca0d0cbf4324bb31132ffd5cb06436b4d9121b40430ef4796f9	ok	067cc58f512e92ee386629f3dbe1e163adb6d66c780ec771fb08f5066d2343a1
fbaa24536d4e7dcf0da6665908e4719720eba1dd61d5091c01fe8c250565562d	ok	12cce2d3f83eb806c2799c0f67053417001678327f600ce092e8178c14752fac
fbad1421d3df9d4c6f06144e5dfb31c2368ae3f1ea702f511334144d70347196	ok	7da31b610d9a45bee8a8032e63e646195a007a9573d0bc3ecc1c1bcffe132f22
fbdb478ba263aeeb50943cdc04585def6580111a75f95ba5098ebcf697e6d361	ok	15cf2d743b4367634c10fcc2fe1663510dadf03dbec3581ee505ef681d7cd119
fbe9611ad082c7417fc346863ff9bd43410a7b97db9a6369b37a131cf86d83f5	ok	be6463d3a2392f4c6f565bd7b1f880fa794bb9b0bc045b22cc2a19c3ffe38062
fc16f7a1331afa611f973806308111b06c8b8d807fb0232d3759a9b0eccf5a60	ok	a718473d57c302017ff63c2b39fc0cc35ea0f5bdbaee406aa243c9cd28c4d039
fc188012b3f0fcdee3a64a94d93f8b42864641c6a47118e153977c5831b94d86	ok	303a9546845b743541280b22e97be6b64c87b8656f5a6e859f816bf2b72e36aa
fc21dd3b79a75b079bce6afd590ab821eaf824b18d0a660f863dce9800edc8e1	ok	0ab91c83fe8cc3807e92eea660fe8e7706dc89064a8a3edf2d15160b26e7972d
fc29c4e5b7000c0b57a9b99867bea6112804d293f054e4333a2340470bb77240	ok	99b125cc4385d28492440d1d67e353996736abe631c84b24e5796035e0e22adb
fc33b8f8fa7cea78c020e473f2eb717b6bf485e5f431c47bcd2da51efd81da2c	ok	4f00fed2b518755068fbe216664647582e161db96d77ed6e453104814815f7e8
fc495850f4c2c6b9ea2f56053645634f16527f44c3860c791ee06691be3bff90	ok	dee185af2dce49f13f72f3260eb19e00540ced0d86d90af5859b68be75223c34
fc4f7ec4c20b33cb713b21e9e2964aafc896bd248e020a24f2a450ca31e49050	ok	a16bc5529e2ed8e633209a7e32e6ffe3fff82b506ff8136cc030846cb908b410
fc63d2e5003e956fc619c4c8df912631d40b67b6de4601daf905b10530a528c5	ok	4db1de10eb370cf39f8694f36ddcc311b320dcc65f0f302cc54ec39b5d19fa32
fc9f9779b6a1741ea63bf73383e8462b778f8416a9db2964039a0a39cc5d8b7c	ok	27f3f821096601f9231511894d17e3f9c6a69f8fa22e209030ac1e08888bc983
fcae346a3dddc2e744d75d40c3ebc87bc4fa64f45c12cfcfc71512a831b4a06b	ok	2b2b45e1ac28e93fef60d1b72c55e24b1fc7af5b9a6555456e7fd5aca92ad38f
fcbf007751c489eb83cc8333d8e266889cba8e60149caf6737f5fb5b9fcb84a2	ok	98c246eb14a5791a3f91e90cd9dcf898de8b328ad1d853b91eb0d70ecf6c9b62
fcd8f3a65d2d798ed228b5ceec395400cfd54d27e233d70de0e3a1f4ac5f5bb2	ok	a10a643a28604c84b7b0150d6e59fd9ba6a7b7b75eb4d2bf55a78cc23b641302
fcf0d0c04b95f42a9288c48895e592d256f1db5f122d829e1fc13ee7a2bc9d65	ok	d8b133b3b00330063e4dd8fbb865342072201b6f7ab0aef3c5e70cf57b5f6ed8
fd011d102ae3ecc3e4aaff66fc6e5656d71d95814309fd4654d644cc1a198e43	ok	c9bfb550c243eb7d7dbc9de026208a2fafc12cb2b4c61f03b127ae9e87212873
fd135193b3be7eb1bde4c621b09c8adb0159fb3d185ba8bd9c79d19cc05a4e36	ok	58421e77035fe8b3ca67e44835e27b3064caaae14f211fe5da8c3bc93d0bb810
fd3d465f7c4f988a3ddb87f58ef5feebbb84d577d1e234113776043a45e2c0cf	ok	bc8215b2b9fc996298ccba586edb538567c9e95fb34c6766b3b4ad4e40225d5e
fd3db1b9c813557096a236a4745fff13ee2ac180833a1244b6e59681d3877e5e	ok	caa68a7dffbc02db7b47504421d499ea46e71a5938ad832f9c621be986c3bfc2
fd4df78f20342a90b2a78c831c4aca21d333bba401c0f6aef9d53f1e09efb989	ok	d62ee7633f4bd46d80a6cbbd58c490d70238b4c80b7c2dc3986f1d9f381166e0
fd615d1359a2eb66160d5d182debde34cb6f9ec4f4e907cc5406210b0d11f85f	ok	5304ccf1816b818a1467d0c6d41ac7fa59b4dfc21a2d94c62bbc1d1167f64c25
fd64c7facce7e1c5b15b1c4856d056d3a0ca4fb383fe3f321d498b7d2977f412	ok	7b72646f268d701b4bf77cdc58fdafa59b40032c6c8ef8deb55f413189133957
fd8cd22fe09b35cd8ec2ae69f3f62012be54a9d922dd8b68f8eceeb4e1235854	ok	ea7e94243bd160aa262ce2905a80a170c5157979800a9ec1bdc50747bbb7624b
fd920a62452142e6c71396553eb740d8d58955db4ba81e5a0f3af20edca66222	ok	3dffa7dc5b2cf1b7a643b5024210c925f6d6146176ac7d9e89be83761a1c443a
fda1d52b68b4547569344df20041b25add537df9c6ccd0e01fcc7ee318817b0c	ok	26e69100a9d5b492af4000abdb1aa2fb7ef8f08126663d8e6244147ae395f871
fda983adb57742888ff66dfaef9cb38cea86aff10aa93d185a309f06bd611409	ok	fb05ef36bed6b3d06871a37ed125afc13b802f6777a7da65d6fa507e2c8bebf3
fdabf9ebc8fe9b1d2fbd9a35e4076a5c9c666a00c5a07a94c9e3f04cd9f0705a	ok	914b5b0e4251ebcde3ccaf78fd02fe60246da3168fd780a0c6f054088991fcc9
fdb7c6e9881b6b12b1c9b872addb11ca9e0549b7fc2dd274987e65ecc4a21058	ok	4c3e0139f5dd91ac3e99028b3367c96d5d21e322d1c7b64632ba482b01752eb4
fdefc04a8893bcdec163a50ce1a6152291c65a7d1857e177e35d346270e98f52	ok	82af1be630a01c508824b9da7de828dd0129563835581634dcbd70afbe83bd66
fdfef78d8dbcafacd83927e967603cee6dbdf7d4f3e39fe126ed1d1a96e0694d	ok	0923f09c606d5ddd51a8e77363639224355ce85ea1aaef2aa0d13dfa70014f4a
fe2d224cbda8ffc8f485b244832d251201154b5b046f41f4a66baf9ad5a18929	ok	58de25b16266eb16b15ef5f60d5c4f81db73b263bc963ebba01257c50b0a0cd5
fe2e81b217c5b167d622add1c09bf842a2e47656e781facafff1d7b190484daa	ok	82613fca7f47ea631ebcad134518a67fbb675c911965baa498b0769cbf1f9fe8
fe4b68a6e4d73a6b1aea6e03e194008b11941e28cd80fe4d9493a522741e0697	ok	7dfe32620915365023ff477ec725e8cc2f9e9e72c8982d0c0ba7e62b6884347b
fe51377f9fa11a1f2950b282224e4353609770214b182c269f835ce3f3dde513	ok	884f198c610ab9ca1348922c17f86db0dab0c125407d1a7ca72336ffcea90632
fe5763a153c5b1141f6b3a15e31d14b70a4b4727a57e5b9b92dc4d34d648ee79	ok	2770093e30a682267222a6f7ea29f90702a159905c6ae625f08f3888351ff8e7
fe634bb4e220dc2b8f1002b002ae4d9e840deef60cafa9773868f2480522b751	ok	81268a1e8c5a68a71e2b13d20f273bcc3415e79e794176a4c799f9b6203258d2
fe89a7cb57bb9ebf59b68eec2a6f894f3372fc4a9d57c3e8223dafae32b80701	ok	95bde52e763dc1b7fdafb183a5f663c883b1514ccbee1aaadde430def99be6ba
fe95ebf2670baca9b866e3796becde7e58477e36ae5e2a78ea9784db59afd07d	ok	a07cb44eed187965cadff61e6c655f462ddf4f1494f1345e09db2c3a9dafab00
fe9f1a09225cba9e160d6e1bb5313a0f3aef2ce79a3ebd45e16e87a2dfbc3afe	ok	36a2a78162eb3ded879696bee6cf3f0238e7422d155ee21d04c0004f984f73d3
fea124bdc3e7ca0826a8174cd8fb02628abc87611f90484131d0048f4b8c293e	ok	e6977ef75a8a4c9189e4e61360b4178e44fef654f5d5cbc36e9d9aec188f3c65
fea2275a3ba837530690047add4b64a97ca0bd7b9dfa7579d766ffa7d95bc315	ok	55c72a83b14ba77fef129ffb71aac57a7871e4680a386dacf540144f1162ca17
feb87dc402e36b42bb6c67cce533cbd4e4fc16daa8aa77fd07f1f0515aaacda5	ok	e9ca7c79a2a2f95f7fb247fc639340ef261374fbe2d98132452039a73e44d7bc
feefc2733639d4f60b57bf87a6093a3e595841ab24ff0dbf0fc405b736f9f594	ok	429ded24be2f371efe62689a1dd32cf8a6ffe406e8327541312563981f3b3a16
fefe62e3c9ea542a050ca68d9ca7be411c58458b59b27ef30eb03a3e28bf7f83	ok	57e8d9603eefde0fa71b79ec53ab1736a364b09ecdeabf922e4260b3b446d364
ff2b0c43dfcc8042bb2d16462254a61495d62192430be836e8d0492a3a9ddc23	ok	27168dbebb5399bfd561f6418c15209f11fb9a55861c60c92176abb218d8024d
ff39c081af0bf0603d4ecf0e3d110b82500ba60dbdee9ee3133abb46318ca4d0	ok	5dc8ae0168032e81fc146b3d83fc57b56529e7c49eb5d81ad685eb0d201872f3
ff5c482b50de519e6e4dd699718af35d5df3433ed190ed62e9ab03c3e31e3669	ok	ed402a4d101f232a8cfe53b409c117316d5d7e69c159efd6935101c82aa4e716
ff6e3f675966586deb8b37bd7eed608de4ce1ad41d9dbe692ed1089dea23ab5c	ok	3dac3cd36047f9ad06e36ade1c924dcb2086b425d454f8c1fef9395d9bdbf181
ff70e38e81aa5af89375e29442495a6d41bc3960e6d1df0e994e737943af4eea	ok	a228d099a5806027e674f35da16e9f92ffd6af8167b8c022aed8d5d8addfe2d0
ff8e023af517f76b3f986e83afc4283110478b1d94c19dcd1ad6fbadd278b291	ok	48623e5e3d5f6b0514eda7a4a98b56be51bb9852dccdea594b7a387dfc8fa00f
ff9c8484af766bf4264370f113a87680b1073ab1e20c9ae2387eb75ff3c62d69	ok	515d12fee5462efaa7597350cb29a415da19ad46bf5a00fdbe59651443904c70
ffa8d27c536f07ef5c7be78a6dbde504b6f465e1bf56fa933b02628a7a68153a	ok	ed52141d6c2236770372063b887f796aecd7fc440b0665cd7836814d1f37f9db
ffde75dd4518076d52a4a2bcbfd702985ce87aa13e434f5fdacf6bbc1d4b2b56	ok	1a071ab1fd14c97663984be6e7c2ce03bc183316250f230d306ea0e6bc625e15
