007a7cc28e6b080d33f36d2d83e5a9058d1e64a7f2e95f71c5339f2d4b1c7e97	ok	66881c29a1bb72876417d9b910232621c196654523b20bd605c3482d58374216
00b76b17a16ce733bf488f31ab3e18f26179e230a438a7a089619282cf995c97	ok	a1052d094202793ffe004d495057890dd5240be84c6036762ded801674b9be93
00bf6df6d95e23d734f6a62800b4c12643a1cd99eac1c3fba8666761f2ca4d62	ok	acc0303b8bf9696a469afd4bc56320a601427d524f76aa9dc59fc62f9407a1fd
00e8c5d81920446ba8702a0c623af6cb0726e30e709276fd93071f7f45b139e1	ok	943c0dbe2224cb73f123578366bcaf4300752e8fc5bcac8665a6f5296eda92d5
00f3ef220423f39ba40a83dd07184b55edb3590a256adad8014134c3e2f49b32	ok	7877443f1441079b7fe58db6f24ca0b1bb01d01edf5a8dec651caa834e530d00
015dabda88bd32e0b6aea44930232bf73bf25d7ebd5a34bfb9985b7e0413675a	ok	52d91bbbbc2d2d200579422508096a3f57048d96e649129f95a5c9f7661d80ac
0163c8a9d9c8127526d9092a15072183dbdf5f1f4c175a7b829c6f02f8723acd	ok	61bdad78c2fe9e7dafe7bce20d5f36233e2a417fb34399f0e221d422a94b1cde
017a38f9299f19829f6cf5e5c76bfea0d1332427342a4b78cf977eb891941b07	ok	bfe32136b8ea6c0d069958c70ee65a4b156e1b75b5b7af45f626aca8425e098e
018c0af198aa6dec1beb8119bc76de3f755637e5019684ed72f5bb72ba612c88	ok	272b36a11868d1d08d7b5874a8a127155e0fed88374d04c818c21a8e1b7bfa70
022cd51e32c65e6d6100155fe902d138cb5782821a4ad9d0030e11469af0141a	ok	8b411c163dd5efe32bfd1f4956fff6f5e95e4876916e4cc568f884a9a071ff71
02766e5215826407fa45cac5432769561275fd9a88977ce97be14f91e62bdb9d	ok	35216ed3c970df3a2f95fc1214caa0d3043f5e6fc77df370eac8e41432f4c642
029d320db94b51b7748754da0727fa53b2aedab920152bfa000ab2340e3a30e4	parse_error	-
02cee6dd56248051eb62d3293ded6c6d33c0c338b835b0919ca71439393f4285	ok	4f574d0486cf1090c4e7ac3b6841e304332293980a2b009812b197410d40988b
02cf1be02e6ad1e4991a51d88d912b972892112467bf7b56ec2c2430e5b8c13b	ok	460209be40e8166aa57645b13421db088085564ad65c4b046c7d8596b63767fb
03136a6e1ae582c6e00a3bf6d53f472de9d4b714a0aefbeb9e4233354c3840a3	ok	e239c456bb082e92dc14c656dd5370367ff34653d706f723afbc73bfd6e20b42
03301a0e3e29d1eaa5f6af05b56e61a4309847664138eee0f7abc63a7e33f9d9	ok	81a55a08a23f40c7931942cb9b8eb1569baee884aa96e507abe21aeeaf7cb86d
04165ef7012e57602a2a2a24c237381fcd959e1cdc867114586228790b146be7	ok	354641605e498067f41e0cf9ddd106955b0595517752e3da685f322153496c37
0464845dca7ece74c7052ed6024b16ee87c77ff7fd7915cb1955cd2a692cf083	ok	3a2dade417e54802775f5e01d6225f4377c99781627550f16e29a240e670be76
0468408e873a8481084563e1c2f55948df2cb432547d607dc33edf48540197dc	ok	ba4b58ad3f06a62996b353be4c9eacc01c86830eaa9664c7940e91870e3c0221
0470fd6f3b5a28dbaf9404662f61a0d6b53a126727c02a60c142384947099791	ok	8394058563e0c93de2771a9c2275e09c0d74476285316d92c07853797c41d681
049e76165913b3b4cb3c268f23a311559729ec861f6bd448d720cab0f0775ecc	ok	a004513fcb597b3cfcfef4194d531da23ae65535b32b6700b5d7860a0a6ea8d9
04cb28187d9ea4cdb40ab2f46e026bd2f8aef5347a6561dcc63463603f69bcc9	ok	8ff20be8e0842be5a9b1f78157dd0cc57b56a0e601e51ba366418f9665cc0cd1
055ccb8010cb2cbd418285058d6039991ee0db48bf7df5783ea235a3e3248eab	ok	00725f649b4b4d648cd5d19b2e8c33796f2fc2a78f094e1de376e750a549d34f
05d4807e79086f4e21ddb3d6ec0bc578fc8c6f9e6b3e4ce7ed99c849a41b12d6	ok	8e5c9fbd4735d0dbc75bb40d2e03beef435bda3ec8d559a4a3db8798325d19a7
05fef8b09d262ba9095159d66d102cee1f152aa6c56c8fe0a7f62bf8db1b2275	ok	14c99349771ccb2126cc44d6db3fff366bc581810f4e16a30940e2028e0163af
06b49030eead75b0c70b04550eb141e5e7fc5f1063b17402c34bb7549cd4274b	ok	662f199e64c32946831694abd0f84304c62ff23a911cf7c32b974bc6b6d4d65a
06bf3fed5c172d3e180ff8bbab150c7802112365d3264ecbc52c6afdf9d79cbc	ok	af3b0725dbd1de1d1477782eaf0f4845942955758cb9e39447d39d80bd7ac58b
0731ec8e5a913142c224e89e703bc453f8f7176f857f2e936ca6195d474e0bd3	ok	d322cd2171d5518ae13d6ecb1253443df65ff1d63cf90dc3836e56546dbdc33e
07da76437a5dcd3fbe46f7cfb5ef87f3be6690a93c7de58096fc184b95367c50	ok	456463ba4f4d88068e44cef739296292033d34e2032b830327fbcda7ec07140e
07ea2001623169b7c746fdc32b42ef61df338edbb3f6177bdd317401735f3fa8	ok	5999408ce85a87f0da539702a5f857dc76a5c5b86c91ebb0cd390e0eb0ebb985
08742483660dc3e69bcc74f24c976bbc59a71d9aea4403898a194a591f801d33	ok	6ec8ed3d2fdc9c4004007fc22d64bf894ef86123d01ab8bde25680e7305211c6
08f4b8d53ee69a84665c53359833c14e850567dee52d9050e02f831259ce9a5b	ok	0c0156995c67950f856b2cc32f7d1a2475bdec691f844bd21bf008e21e414be5
08f7670c57c0334b5f327b06fa789e3e59c5ae5eb4e3d2de23e29f30bb51c66d	ok	84991282f7da86f15c8f2b9e821bef78f7abfa42c54d0c343b39e902257ef13a
09141062e2264820546291bda8458116f4fcf4c8d075ea1b0be61c63f0945332	ok	981774b2968a661f723a30bbda3639d8fed4b3b0403a8e6a71d36f19b4880543
0923d033b13102cb49209aea33de148fd2313622d1b83a9e0312d9020f8f3da8	ok	fffac867d98e639479a0003245e7fd434dbeb21d98ffa421389e46499029c4d2
0955ae2cb5d960d176123590f7e9dad2024a3b189782cf55415c48989a0457bb	ok	471eb54a3c04cc25f537ead405b4f5a7ae9dd4eee4c20b620d36f2f86e2eadf7
0969e52484a4d083bf8cfd23213bc14d9334313bfea7ffec837a17cd5072e160	ok	355f272e481016a3199fd51dbdf7015f3e373f7eecc1adeb94b47ce47b30b01c
0985c0e8243f7787f633246fbb4c389cdea38851a66c620cf6b4f7f511bd4b84	ok	6c30fe082c17a123a51a8c8906cb2127ecf82ff7920bdb2521800b057f37db12
09b12bbb78dfd9fdf62e119b6acb42c391bf9470f7f9711286174f0b1093c9ec	ok	7b37606b92e3d9d43033743de703374d33b3c52abd5f859bfa9906ab1807a220
09b1d5345d5f410b71046d936d874d739d3b9ab2c95197ff4f3c34155b9603a3	ok	d2be13f7e3f66bfac1a06deb6d63efafd1cb977b8aab32f0112917e6b6d76963
0a9c16b3dd97509d6c2b592c714f0605a7d4a849d6a2be992c7a88642b134fa9	ok	ec21a66e29bb90e57c6650719e95be2aafe331abc5d9c7438e0e46d2868d9343
0abc0fdd9fc0ea3271ef394c2b8f92af445c2b5be7db40d215abd7295a72ea28	ok	6fe6a6b3d8076067e58e7242d91c0b3522b12292333ef8b3aab7881e863d42e0
0b799e1acb783d823fdbb83297734f96cf99a2b6f33c9440ef54eb200661db77	ok	43ba5e4504b51b63303147140077452b1de2a36fb144184bbdfc312c07288665
0bc2f60f0b4f625a4efef9531a3832fc151d5f9fa6ff5042fa4f947fbfe057b2	ok	0fea159ea4765b1e404ad4a5bdbb4ed74c13b4ecc7f3281f22844be0b62fc13f
0cd5abbdb8c48149a65d0035e02e0ee336355f6a418ec9f4201be9e67d30401c	ok	82e73d1c6cc3c917998348553d137f4b6cf3607f1feb450f499cf1ac19bf49f1
0d1783f7fad0ec3a8ba5e8f59e58d8602269f79d23eb3490a5b00c55c504d7d8	ok	b03decfc62bf7e68fbe5717dc374aa6644cf9d227542e11472eb3c664c084425
0dcba7a0eb85f3a6a34e3fb1a5bb3f01690e6e25d4ff9bded40bcdff5472dafa	ok	13181b1477473ba99ee4e814a9f182b4c1f63939e967df43b8e9436d6d81ead4
0ef8f95d0577573c50719a302aa2df64142ebd68ecba1e99d632c56c8ebaca93	ok	5c32cc55698fd1136197799a099c65ad2752d5daa8c527554a4df6c58f00a05b
0f6ed034b356eed31efae9ee3d214e609067d81a426a0b2d1099b22bb83a7088	ok	e150de5c8bfc4837c7aba5b3b81309cbd6239fbdb2550f8560b640e46973b529
0fee4c658e8e0aed3ba8f79bcd0ef3337dc6668c80a9a69a0b49a7fd2bfb1053	ok	ad18c51127c20b9a51da94c7c1bc43d4200215fc75edba47674f22a542e13592
1016285a5ad0b66d5eea3d107b1c8ca6b39c98401b28b9a99803d61678cbea27	ok	aa9b3e84d5b69d301f7c11f0fdc52cd904300775c14f58183af62475f4505f7d
10960fcd71ea74bcc087832a738713fde831361ac85d95bfadcd77536d80896b	ok	1ffa5dd426c45d906d15fd737962f1e3f5ac53a18ac78ca7368718505e93a67e
112c7670a6b67b283548788c96f4f91156e4816eea8fbf102b81e1fd3cd2157c	ok	46f6ad910706449073f3dc595cec2f199a179f7d3fc1f14131a85043f657b57c
115f934f46482104037e81f3bdacd3a185011eb831ee5f95f5459c8f7f129af9	ok	8728fdf1f177dc67d8f1b02f5276fd8da765f56e21232ab0bf2a9ccc9c1a4803
11b08f08bd4e35c83c2dc422762f64e814b857e6cfec68f25576962d094a683d	ok	cc3e3a99ec10a572539ae3dae2797479e93059034505e2756d7dc436c7a00166
127e99433ea41abad772cc89d88cb717768fc441e47bb5eac50c0134f47ed4b4	ok	38792efeeabe4abe8910ed4d887fad9d589df6b550ccfee59af2095f07cfadc3
12afbe94a6b9f17b7be2242ffb89c1cd1fd0174876fb56c03f102f31bf82a862	ok	04eea572939b3b6a4ac2d81515f996930a230433776663d69305c1095057d91e
12c8e1d38c0d72450f5102009a6cf4d2d4ff7cd783d2a3f6ebeec59e5c69946f	ok	2fe433c32db9aabfa46c65a59d4d6a3d9d89c0b6a36d50698dece27f121637ca
134b6d0048ed20475d95c85eb6bfc05ea9afacb5f395d69a5156a1914d6a8bf8	ok	aa25a88e16783a0bbeaec8219128fd174717b1872ebbaf61265d20ac61b03c7d
13b9b50603c4ce52bf59dc2fc33b5e9b1354bfb45f91aa81d2a049d4de9d43fa	ok	e728fab7630787b1d9eb8f33ca5809100f94929b99c381322db0814464c9edff
13deca696212bb431c18089b9320f8fb378fd7b22172dbb39f7382474655a5a5	ok	dd9396336cfd5e2ba0df00efd4c7f27252af655323a500438b0e0a7eb22cc816
13eb6d24c17c9e37207f1acb7e5bd018bd1eefe0d3c5abbe6781409cd21ecea5	ok	5bd0e9af84568a9610241af9f49c64b394194da31d3f45162de7ebb1e3b76657
13edf2c13550f9de0ceb40354bb41d54ea2a1c4de814006ad3f31b6d00005290	ok	d44154d62f07bc4f12ff377c0a153cec1ceb276f9916b8f222dfef50f749e3f4
1511822f2b659dfc6c75da6db7c68bfbde3c47ce95c51bf4b0e275e8617bf181	ok	a550a45a4db866c2733f6a03f3eb14b6b7e2723a77d62c6d0c451ebff0cd2b3d
15196b27e7fcecf0b8f3e18be3503327590b583d20e913838bddc88ca4e962f8	ok	4e46bf6b56824752a02e75a7d1e7cdc9944f844db6552a42186cff451c0934ce
153abae457b1829949ff2552d0fcb7d29ac2199c25d907d7a54617b96821155e	ok	55cfe43c45943c42ba799ee626a613b4121fed2602a15c778a2b41568c1deae0
15479c951ab686c41dec933741e397dd135ebb00091ade3fa4f4f0233244abfa	ok	8fe0dcbd249c72b549651ba0c3d2febd7482346b87833ab77623973a6b65b1be
15a6f4ddc9fc67cad8fe0bf4c2e6e8163bde11250fe5530b43054466dc377e0d	ok	6533864af2bb9dc77f15aa51aa26fb81d9fed0fccd0c9d9c7988b4ca8944c0b9
161c5651fd859fa129370484b9274f492296ec7931c359d653f384607af45a7f	ok	e5cec8898759c806ff8c145e28e63d6852298b2c28cb8874ef7ff4b8c3772ac8
1620575e0157fbaf6273588493a53346809579b617b587a06d3061952a4172e1	ok	e26126380cb2c89f09e757b112755ed7b0895f30ccfe1f1d402b135d4ddfb731
1623ab52d3eff3ba0727e1a1c875398762f193f37b69fad3575832830b1681f0	ok	3872b80742dbf30124f754b6b64df14dd6b2d7195eeb8d7078548194c3ed98df
170245f706633bf4720e52bba372df5908083a08fa5e1111f73ec126c6f2d420	ok	eed700232d3cf798ff4d51270e35611927715070bc82282a3cddb072b44e0539
175ccd34d4f3faa760ebdca52c929486c8b9056ff321027b09fd8263dff193c3	ok	f36cb475a9fc77c6772198752a9f66ea272caa9383a08130454c6ccacaaf7aaa
18354391eb4c238bc5a347f4f019dbc6302663599dd40a26a1b0029775c96fc2	ok	2753d29e40b0e20b386ffa8ea8f333c12c524148238317b8c0e3cbdbd035169f
185718c1b36bf28c7bf31643d97a3569727f54e77722ce96e5da3b905bdf5033	ok	3b3bd331269180b492474b8af9b1f95afa8d814ea4c2f78448e1e0e468d793e7
186b33a7a3241ac1691bf1d77e35bd03a532b2abc93116a9d8cd0117bc85928b	ok	66c82eb5a6651c58cadd73ba9a6b1fd5e5a3459562b43ed39ae0e81dde3ecf2f
188e04cde4c1787a71653397ce9ac4f45430aa6f8a02d110b6bd3ed9c3e2a1d9	ok	31027a4203e6e61977c88db54afb6f022df5fe2d20f060d55252c82ec6975d38
18b51e6d6f31eff83f8d8b0d3a1179e45e38b3af2614bdbaef1fe8107f363dc9	ok	7cf50c02e99c7ddf2aeb53f95e4c1c038afaf46d8e7e64ba11479383196694af
191919c4455dc5f6cd2d7f6b55cbc3e209dbcd54ce0743bd648f1a767121c99e	ok	f5d145b496eaec3d619c84db8ed2aedfbc3492b2d32be11cf61e3933d4cb8b6c
19398396cf75562557d63668daeee86c59050c5788cd10153586ffad42ace50f	ok	ea71b0d6771e5a1c7a00c24941cd8796b8ddace9e9c0c6fcdbf8bdde19075a52
1969ed2339816ced49bf35c83915b10940f5219f01f3a08d6841f174928993bd	ok	e3302df1c353d969a2d8df74719f0a0d9c8d6d3b4efca39a9887106b501aef9f
19cf7d2661997e38edc1b48041ad68d3884cee4e3263f23eb9e3f98020439dff	ok	83f216a3a2a989012408ea661790e47a7bca3c05a8fbf4252044f0a0cff8d601
1a9e9b10884a46d8ed247ae55c7750cc3f6db660009b6d2b4f493a7e9fe9315f	ok	3829514d0d9661e591ee19f0da6838d959c8fcdba4e2e88a0dd604f9e62dc7e9
1aa2628db22b092ac59d3b701bc0539064c9ec22ce88265966af90d23d2c4468	ok	5b3e3f7f24f2efff36abbf739c2128b64e7634f647aeb5b340c1813bb93c1ec0
1aa3f7f2c651082c1e434fb562868589ab4fb553cd503cf1c5f909f1d8a19e01	ok	491aaad71d13f77fe0b0a68084a8e9667ac41a408b41036a82e99dff68fe820a
1aeabfde6748e874d050c13c365bbb6a8ea2c10e1b0f0c0bd90ef42500058472	ok	15db5973cc1aea311c33968f5b2983220dae4b29074d59400c0f6812d27d995e
1bb0ada4073ec98db7b86588ddf17fcd21382a25439e8d30a4baf7fbf3f0ecde	ok	f4e268b6d3f754fa79648def479556471f47e6fd3a7e574a82c0a5fee6c688eb
1bcbcc6e79b70e2596c692c02f13167cce0c044f60bb4c95892e552b474d3adc	ok	c5aca29cb7d700fbf86d2bcc104b235e0be32ce8d3c5c766b432f05b3810d79c
1ca2ccf063aa235c7da91785dc1b2c6cd1e8cce099665e04243c10c6ea4ad597	ok	9f68abefa9920bd02ce0fef62f040e7e64f6b5ed71d83b330d234cf54db7216f
1cc2fd7e03979956ff976baee40cb5195f2690466b75a26dda8d5b3e40804960	ok	f5b7ca9f311393b9ef130f9b0f4eab88ba297017fa9a89e3609549c31734581e
1cfce9aa847dfa6392929027a2dced2ebabef305b2358fd358c59dbcee0d6716	ok	17dfa13ff3aaaf317f8dc2222102c69e0f7fa429401d6092a0915c45f58d2d43
1d13839acd8f19b2fe43f9a521e76d7fae7df1d09812ef62523ea25cff04d144	ok	e29c4a124b4aac46f8d385182eb1e6607bb32f800bb1f877807dfaec5cf96645
1e453d843ddd2df14ecd5737bf1324d4a5e30ffbbde25b53cde91770459f411c	ok	89228f4978fd32772e989cb7a98b125e6e8829097d6ff3dd782b7b033e773c6c
1e72ffda80bea1511eef707bfe7a16714dd39de42efcf241f7e7e19a6429d92e	ok	abb73c0358fbc504eca835cec507f2d97fab9757d1fb6f4f8d2e23e304733e7f
1f603c320f67196eb7184f6b70d05cc0ea9ea0f49e1fbc75e641b65fe2375cd3	ok	b90ae3f325be017a2c00cc64bb73701faffb52214ac687a62dfe6a8fb630deb7
1fbd09822b38c23a5fa9a7259138499edda1819017b83de66311c4ed13b050b0	ok	896d57a896350eb0cb8b1d0263444afec49658fd71620dc57685e59d352a8134
203e34d7026685d1b026c65e13636bc0bcce28b1167728b3a220909f963cc0c6	ok	acc0303b8bf9696a469afd4bc56320a601427d524f76aa9dc59fc62f9407a1fd
2059c966b3906cb3fd503dbb71cc52810316f06758a589b57d77c8520afbc30b	ok	ac0d043e04cdc33ceece14724dc1563c766f801e2db6774ee0f63e9817f32208
20c96cf4ef2419c620dbeead599c29cbe055e420ca390bb8e8be923f406e4df7	ok	6df4078725a99f6ae496044f4814fd429885c119c752000d09b845653d7033c2
2106afa4ace73ae36818a2a0df58fab29dd3efe35bc9b400a7c52d553c56c4b1	ok	e741ce2a5e2f23e8550ccef042389e623e089a34226c4e6d906cbe6fd9a5c38f
2137b2bcffa643a8682ce76ff4e251e7c5e6c3d161401483be7d4b039a9a714c	ok	0a02dcbe8504f7f748ef42d50df927881119c1dfec0b0cfb35869212690ff402
21447a97af1ad2f5b03939448c3a8dccde680f5fc7e19661e6c3eb7532cebd1f	ok	3498d6f9b0e9fe55d5b415659c85baa87b621264289a0d048bdca7aaa6b83584
21791ba25a9c1a005f701704b6bdb52b29612fe098d361a638e00423c6055359	ok	b7fc60ffc906fba544e598d1ff1959cac5a8e64c2be5d95b5fcba362225c02c6
21cf2a40590bd6e4eeec1af2d642ca61c18a6b84fc94e41deb0dec46689e169c	ok	d6cb732636a4d29aded8742304cb08e31675688eea51876a0bb6858605b34a87
2230deee5950efd0fc793aeb3d286ef8cbb838b059748d094693c69e3b0110ca	ok	a1e1b8a803cc52f26a0c2816a9711df4ac75f13af16d4974b19e9211f5d13f22
22d33d28b25269b2204cfe31836c8edd718566dec65961cf43d59b3e677ca2a0	ok	840bf81eb958e1a73882a44fa9bb9e5d0d83bada4197e7f1f113f5475d90a1b8
22fc5ea2c836eb554940b3451338c0444dd90a269a72884e1b77a96cf8d62a1a	ok	ebabb7a3e9bc2707aa611a12207bae6761b469323d53e809c2aae1310a54290f
2343d79d2cf05423dcf702f8979c49b3a61b7fd370e24088f86347fd09223882	ok	ed72b6e842a122f6768ae56b4926bf6ee13e7e03abe6e47034151d3ea1f73172
237847c9ab251a997482be8da8ba95589df37bd8247ec2b468c6e891012f89bf	ok	fc2722f7684bd6636af183997308cf9ea09baf7c38f5e807b987827d29d0f105
23b7cef3d76d73d2aef87ec1db8a2a136d867f9185e327907f03001d8f540211	ok	42576d62130a4e9f4ab77230667cab9a39e02ae2ea69d37b197b211dba5b19f3
23c51ebd0fa5e8c36b9509cbeca5500f5d29475c957b7347fc6d1e00daae734d	ok	b6ddd992cd0d5e56a089bf2eeaf3e004e1dd5a5029e81362b094aab296f4f626
244ceab2dfaaab3c13f6b6dc67f394d284458adc1b56a037f9e26eed9a6f08de	ok	df62f7ba1d5cebcdb4b4b48fa71881f769136849aa972911d6ffd4ee38d7605b
24d4f739104877767b23acc170a590e759341e0bb413431b16d49d7f8c81d1ef	ok	6ec5899105018c9f113436aade8cff631f1cb3bf92911a8c9f6cea96da004e8f
24fd66d1e1dc139d89e16ad94abdf1071d74280309c33a06ca2b336f7fad2e50	ok	edc797f3c634093ed13468564bbf2bf5067ba1e123511a97f22beadbbdd35b7c
2511e0c4d25eff89c3439e71a52fbf8a180335c15a74540150896367a2c740c5	ok	6acc5760a80f17071d8fb19550d2648d266eb5e7be6fc51f88b4c39c620b2a58
255833c95d2a87a824f8ac0e53884b0e77a710e79b614cc06970b30f340d97f3	ok	9a688ad082ae0a81af0bb7d79c7838ee1da64a9093bd507e203dfefdc40115d8
257d469e146dcf2b59e5051ccba746a722f64350285c0851874c9a81663ef6b0	ok	3384558216af6306de8ca76a1d7263c1a9ab132cfc9e6a4b8e598e53131a08a9
2595d012a0595a7e41b5049b2e81bd5f02dc074525e1a70073ed266e6930e652	ok	4f9bd0a7aac8d8e16a565e6796da722934a86226d173800eb8ce36669e8f7523
2746d4d9941b924ec908203ff683b0439499582f02bb19a4d60e9c58f75abb9e	ok	a478a64e1e37dff06a830843e27b0069a5ddfcfbc7044d3af485afc77037fb78
2800efff760d7a47e88a860cd1b125255ec6c379a1005da65645cb62de91a8be	ok	7141ecea1676d523440f7b994e399a8bc3d263a4e5928edc15957223c1543a71
2809e8eb378e789555de04ff40e07bd28c77174004684019a170af6ac9a9de9f	ok	669a326110f5aeef7f4fa6682c991433e10e009a4059479dede40ffbf0b1311c
28142f16f99fd0776c35dedb6006a944d42d323ee388bbf9fd79c01ebb3bc535	ok	e8a073c632020985f62bbb7792e3f68a3969897be2d37f57f3131598ee02b2af
281e6a5ba8389f9414bccd3c7074563bd2a859ec3061b909674d6c0c07ba9473	ok	76fc6fe8216a3a17d22d1c8e6ed65c63d1ea99a338fb2b8f7efea520bca2f80c
2834a6bbf1f9c476ec7db9196aedc4e681836c793a06741189dd50e2b9141e8d	ok	642985224d68f8d8944976ec8b690a60b847d2ecd0d06b78ff4d64334b29aa5d
28ac1345f1f365a39bf741f73b05f61a0f9a5950abf07d3c7ac3ceeef88e5893	ok	bd53834d7d5a455cdeb2e87d6884329af6745f1d32133acca84adfacfa712690
292b19e66dbe93c979a93e0ceeaa054bb2d23d719d354454aa9462392484b1a5	ok	394fba2d0b6c9c79cea8cdcaea75797006773c31b6a210c447456f675b3f1bc4
298e160756a0011882e4b9633a706ecc981078f983155c422bb84a91faca5991	ok	efc628c7d2d677b47578548a65fd51352244d6550fd6d5b16d01be9fd35819ec
299a27cca89833f734a9a87e882b09f86413a2efe27b944ebf3ecad8e8c7d73c	ok	c5386d09d6e33a13bb045856d99fbb0b2d802b8228593f14cf2cf49930f8adf3
2a81eb22ec36319242e2e622b6c579bf912599c52acb9dc6f27388d2108b7531	ok	6d5e7c251167a950be99e5158833a6136a6f0150604199faae930349dfa58821
2ad36b6cd1f1645bb6518326573aa32007d1b7d3e68001f65be138e6c50faf57	ok	77e4b911d5abf0d1b010e156a7a62519fd475fda371c47a40db75939d6e4888e
2b509cfd09ca649d714e76721f13d4c790480eceae0ca1feb990b1c5a2387d9e	ok	877dcef40021879926ac805c2c7270b526cba50f93142ecd989350c7fad13015
2b692de116d2df391a5345090ab1de8197b72651802a2791850894da2baebcc4	ok	7ff7e2c2f08d9e7a1f7e125df6dd5efb2bbdcb7217cdbe0d4584c75b153318a0
2b915348cd697e57a4b8d579ac809c69b11b7a0213ea66eba3f870b5684f6d69	ok	3dffa7dc5b2cf1b7a643b5024210c925f6d6146176ac7d9e89be83761a1c443a
2c95beb948c64641eec9e2fe32e3a6f21b06a30c7570a7e3c6dd367d84f0aaab	ok	a13b7bc45ec20699532628d50af775347e594581812dc6ffe3c3bc4d36a5bead
2c9cde3bb7bb8cd44961e39eef627b8b3d40453e99dd612ec0d55619ba60d618	ok	b68c3ee28fa62f5af4740d4ddf8effb9e93dc85abad46ecefb07aefa2ce7ac14
2dba3d46122e0e2ed0f9ebfb0f101c336a78dee060508fd8f96d390773fb96ec	ok	e5dbbb863facbef261bd2523483474a6a2cfbe1f3f8ddd9c0e42652e8fd5cd55
2dd9c9239c0c12848d6cd522a3c047d54752519944bd0b74cb0e7c806330ba6e	parse_error	-
2e05e744c5861764183c20d3583de0d953d4c92c8cba7e7a563c6b54658b4e92	ok	bbe0eea3fae59a90680085082cbd9140ec41d5ec062451943d999f39d70589bf
2e35ae0dbadd185c4c4a57992b26b469a092efc88fdec706f7fde5789dee6bf6	ok	7b18a9c75133e9100cc3d4e02eefcea224323612585156d18c6dc23cd14a05b9
2e3e12fe6cbe17fa721fbbe64bf0c0802e3d884c16df2a7b14e5930a2fa00f2f	ok	d4060dca06e81ae7fc51930e27111e8d4388fd11f17577125974ba71ef1e3d7d
2e407a2dc1df6cc8041cd32520b9b3616e5f4530ffe289fdedf80c61e834763c	ok	8d74fbe3ee88025dd2791cd155e0c36bc4103281f04e33eaa67d6739c55f768b
2ea0f23cf33b84c265038baa6402bdd17de9c7a41fbbe434526b5d705d1a749f	parse_error	-
2eb84d41569df9d54afd5e2a8cec88a55c83dd20e5c9e86143baa849b2d98379	ok	74fec41ff675cb21e3839048996433a4ac68b9a4c4c03c5eb4df5047bc0734aa
310164916fb8dce3eb2b3ba0768d304a28b57f9fd908464f3d2a1f84e69dc97d	parse_error	-
31aa5fa5f64cd8283875ec585a9d5a903ceb9c4b7070c2677ece9d3b06188d27	ok	259e414463f57eb390d6c5ea369bdc22b607c3b5e5b89656d88945f920670f48
31c7b31ee7a2e02f31d6e0bcc396f838022e3c513baeb45fe10b3ac276877bdb	ok	46e0df35628179aec32891e1dc137804e6ac2e1f35da2205917a2336faef2ec4
31c94300fb5af5fe52595406265158f37284543bc6aa9d1a4731ba0a650983af	ok	ebe0b759adb75eaba853a637fe630ca56ba14e616fe03f43661f2791382b34f9
31fd46ebf41619bc3880ccde22044b2616ac3855a6883ebf2b3d02559ab85bd6	ok	7bb709185d0715083365d2b6a5be94594f6272b7154b8ab9a355f7b646f615c7
325f02b6416d758a5f68ed04f5184cb2ecb6add7d572df115b04ac5c4ead2074	ok	4f544ad3295905473131ad3d3c07c9ae83c1a24a94cd44848de21f55ae90f98e
32808ee13809f83612feb301e5a3240408d4999e0fa1d83bcf291375417370b5	ok	ba44ce8a414d2005c4d7d3d9d702f00e1106360e0a4bbd21802f0d6402abd3b5
32b0fa0874e0860ab35dd7ede914a1ef40bd46be88d78e2913e1bdd390836454	ok	bf0b421e923492bf933ba6e8239fbf52fbda7e5c20bcaf130e180960c14786f6
32d19c307cb45b79daa4ac90d706f9a4e92e1d93fee162e71b71135d879d6a8f	ok	d8c313f08d500f21c6b35304c45f1996e21dea49d4f1b76de715c4d74566b15b
32f82d7ea1134d9fd52135a4fefe462d9f509b911e70413cab69b919ed3455b8	ok	ec7651384b18406901e8d74a79f809ada19b0c72c5b7b5cec26c22ca691eaf7e
33117053151ab18ea57a472e0df1822d3b43a18b61e417106e6ccecda53d1760	parse_error	-
3312deb5c63a853637ea2080c63156c8178744b615395c5cf1510a57e4fdc741	ok	0c44be559ed1348f23cfa6f410498b2da5dc09b9fe3760f11fe30aa91cbc36d4
33a533b759c0d3b93ec09189f9290ab87ee9b8c10eb12d0989f57ac9b6b5833d	ok	bf65642139d31ec2b0c7f322512c3e867240ba79dc6cfc60ac192292bb953743
33d14c30cda13321b205a1a63975a83518a109f7bd161b3a23b2035780613740	parse_error	-
3401af941a45b8d72f391857b1214d7e5e5ec251e57a5effa61d0d67131731b9	ok	f38a1cdc8c5a7cb07ea65a27f166072497f6966e9a3005bcdce6b092d3038981
345e3ccca91ccdeba8b5e5c1acf232d0871f05445ae7ee94bf34ccf1d278e1ca	ok	e67efd7f3eff0ec51316c4de8159ba7887f3b3aa063ad8ab54ddce51d4bdc9c3
348892aec40674ad185c92282a625663dbe42831aa27351b0474c2319e0c1209	ok	431e909decbbf22e214ead6033d3021c27232e2e13596361e0ad69739df7d7f0
3489a981dad288c080144109c96561d1cdf1483e1e909bc82126aad68e740080	ok	28ca75d48e3ed65bfad4e1b3e288d7a1a7650069431a9dd0f0ba47f0faa163a2
34a4abfa51a5c4fe25619d7cf7aefe38382c47f41d606946dfd494e1d3b551a4	ok	f6b049689dd036042a86582deac346199668a9a517897c22ef0ba1d71dcd2ecc
34af3435755973670a060a912fce95078083a9871e4dc57c809fba8c2ff9c4ea	ok	0f3c6fbab19c77cdfec7e152beee16ec8ef4feb4e14610c6a25370db8d2bf5df
35ba30e0debbefb8a61bc6bacccc760e7b7e945d060b28cba22e205161566e81	ok	92471193e4aa64c228e074968b6a90a861eec0f76bfe1462e808445216230ca7
35bc4636364d6b6b1ad2d2a2bcde8634aeaa812f077ba82935f51a0c27beabed	ok	9a8db657af901d6d859bd9ac237a7eacbfc74e8f093d9fb6b6c07613c495c99e
364e821dd280245ccb98d3585a5ad4f9e865e123823170bb26f1f03349d4cb56	ok	d9d3ee8d0b38cfe7fc5f3b97b8d4a86a0a9e540849e9daa594f544f40f67a6b9
367b59019eda1567749a0d789967dd239dce275f5c75fa937769bec50d828150	ok	4b89ccb8150ed2c5dc84f0ae54ea03a749e92b7aa394a4e5de75513082b76a19
36dfd121ee460e89c406c72472b3774550b1091062cf15c02176b2a50e1753e6	ok	addf60a0bb0d9bf80225064cd1d16d2422c744c37c342eb58c828773ceadec20
373b0889e609edbb740d9c382890271f667a6ffb3ff5c3a6cd986e8565507a01	ok	21de6b98c4ac2e52de72f26f7e1baef36ca37902957f72f8d86289634d9a380c
379a6a4b76cb8388f3507214c62b24129c2cef72d202f897a93deed9afa7f1c0	ok	fb7726d5e095eaeb8dac4f81696a49f230c135b757c3c57102ea89a80549647b
38694c5ad4eeea2a0761f6f5b8ef46edc0373d68e19bbd456695bc06434e889b	ok	1cc1152eda1a4be67b6d74d77be8f9de89b2436ff5b2b785dea2a2f36037bb48
38c33c6b370c0a7c99e07f85b62b56f986ac2bf24e552fddfc47ff93b8cb85e9	ok	f5bedb2035fd5d05cbc4d12dc522c10160596732e7edf1abefec1de7935a710c
38f171ee8e8f69994ae40d876f42e2311563941301fc71218ddba3c542649a69	ok	43fc828ee05ad3837fd2cb667ff0a240b821a7ab36454cc92de7f097dea635ce
3a53f1d546c7e4d739afae7308477c1b48117f9d39fc228a2cc95a77ab690ab2	ok	fd41b13242f29a72e62c901327c1051aaa8789eb062b91f750c6f1b444d96bcc
3abb174253fd40853e711530be2f72560e79cd9d3a5fe7d6251719d53d3af268	parse_error	-
3b0bc86c13774b0a52c07426896d258f984092fcaf998967690b8e92b57c5855	ok	70732ddd7f385fc2049c1ae304c211eac7e7fd2550b740f347527c1166bc168c
3b35e09606904fe36d76b9f5a2ac2fbbb7a0ea5f70f63c4cf1447a146e7018ed	ok	7a7e5aa26cd735abd3932795a8b1b4a255a8f3f506067aef980fda3f81d65dff
3b50664d2adbdd5a3190c4192abe7e23d81585c8f8400dc9fbd5f35de0b595f2	ok	e3bec14d8c66c85a934774dd9dce28be1f20706e64f26d3de5834a97996745ed
3bc867752824782b77004a38ff8782bc2fba278db26d4bffc277553aa381e703	ok	b2a507c84f771e3820c1c7ed31627ca30b0fba07aab6b703d214e5eefb90d012
3bd74df11e19fbd89852002e862cec4d44ecd6bbc0ea570626ab75bb6c743e08	ok	c7b54c59715ab8de5b4a2993dcb308595e0d1a15dfc9af2b43690ca958a37fdd
3bf700af00567261bd25abac5cdc94b2bad0500854a80a2ff43e9ddd48eb2ab7	ok	a1fe08ef5bbea60b9c38b4e331aef343fe426c0580dd6e7c446afb18b69d1a4a
3c6cdb6e0db43c66ca2ca5a92882aaf29d2f4bd7388e76228bf6aa0b78a91d1e	ok	6caaa19c8952e6cfdbfe331aad9b1b451ccd2fe7f011df7610e23869d0e151f0
3c7f6f7b4053515fb000a3ed086113734459c0877f7a1bc9fd39e22b8d5c9a73	parse_error	-
3ca849dd55b869137ffab6245bbde3b7312dffb9f3417a169ed8c3178001488b	ok	61c84dc08380bf91faf1e4084fbb72fbffd806a93e037a786bfa8524a2941406
3d2b234f71b8b47e8f9da4f25e4969564210caa77861cbf2b16a66dcc4d6241d	ok	94e3e18ecce783587f3c3e140bf538a883ba038cc51f5b35655ba3e837ea7b5b
3d354d3b705ac60bd56d86c3c498b70c24c993ea92e40381b56ef1da7b8deeb5	ok	c09dc464ce2b1c7775b26bd4112f7267fee581c2578d55160ea6c52dea998bc3
3d5009f3a92ef5a236bdc4a8e08223f90bbdc509a5e5d519e80ec2725394f8bf	ok	b2c6c01f4e15020d899f3d22d3b67a979be599c2e2377731c78e5c66d6493afd
3d52547e216ac84e033ad2b551d16870d6abad8ec84c9b1e2fc803a93597c4f3	ok	a5d8c406f41e8e146246e6001569f4a981e429114b9024cc5f9f06c155bfb550
3d908de614db05f628eb8745e9b4b53172b6869d03f65a668b74ff0deca3aeee	ok	45a60ad1cd47d3a72111726342f2e47ed19291677cdced258d11de675d9f245d
3d91af3e977b5a349001c0aa7a37a1fb25107e5b83d3ebaaf25f639eaf7a980b	ok	fbf8ad400aba9634bc3c9f9a70f02836ba9d37483eb364cc3d4ea6de4c5b2b37
3dd797772ffddaa34cc2ddde3d43dd9ddfb044e875d46e66963c45d15324f896	ok	07d13383f37e82c25a2da7e17dc96be0722fb34578b69d4974169e6e211df997
3df3e91435af902182806aa17d8f758db264c25b3986455c420175d0c0eb8b2f	ok	646d34028000df3eeb7f09e25fd2d841653d8967bf9d8c86007e6deb6f8071e5
3e50f4a1b87005a4388624350e7f696caccdcdc5ea842a22c9c48cae97ff2808	ok	1d1c4cfd1e6e73d4ca0e399826054334892f46cf3429f8b4e1aa1bcfcfc15e38
3e930478dc95e690982de3568213000faeaa8390fcc166a966371bf49335026f	parse_error	-
404cf42c3edb904e9d80de61b6e7cff5b1317f94e3d8d000eaf6c7757cc76bd1	ok	2d2d0490ec33ee0ea0eb869e44b8b6327f7318a4a6eadff3c81b1c8b2737b128
4091b9e96ff4198b0d72a9d13a81b860ebfccf5613dbb3e5761d93aab4070434	ok	2440231bee9280bc6d11980370ec9b2e071c0ce13cc86dee764b87d7b75579ac
40aae6cfc4ded03142d8cc441588e13cc1536b7d8a852912599303240626ba6d	ok	43dd1acaa291ba9c4118d91522c0e74887ec2f183cdbc5b50cb4ccc316d763b6
40f63756d53b811a86b777a1d92f5804929b25a808ba86cc0fa98266f3b99cb1	ok	5a32e65057b0fa59bcd134cd7cde1fc20ad803b22105909bf47741be194e6688
4105f1adbfced2b366fb90293c09437b619721dd39c4a161c799176da05f6fa0	ok	e75ff2f770b14a68dc9e15dcaec6556b3becd460d6f463e0c607bfcb6d908d38
417a46c6135078212e1fbd01d163c4c9995ad9d4906a369f258071c5ab0fef9a	ok	ab84d78d5e1f5c60897e4e237061d7b2742c8115c5875bfdd446b4962224bf1a
417f571fa029777e4dd0408cfffdfc35f8d6e7651c1f89134482c786a0d25ffb	ok	653d0cde6c76ff9c4f27409947f0f9f570b00b28dec98069f8bf07a7620d1292
4181a9e1a99285c7232a7c555c7c65bec1e60ac1b3fcf41b4b5250db5bf227b4	ok	6e6f4043f61aec5bdd2bb7e7eedfa079f10bae6767ca6ba96751d6c233c2bacc
42498362e83af5e4c72ccb22fdee84338a105a6e091d7f8d73b203099df953a5	ok	736035bb36723f1e280b3f3e93337bd8990d3f28b184264da55242eae4259017
42dfefc714089a7b2ef29d4dcce28c20f43671c965c452169ff801f1328169af	ok	74d886906ec45c91e9c2bf738f5da8e57d58f3dde043dd0833563eba594bfcd3
4330f3f47aa2c8c9559302b1a6d471a8f0e4fa6d811eb82d9fc69091057de412	ok	ae675fe77a3e5b562aa6dd35d983f246d300929337d03854218467d876810d1c
437b91b0c7eead6f1619efd65ebb81baabd5c1b5a5341b7a8c118bdf19b3cf30	ok	f8e13b63798bd11154a07bf73e53e2eefe3510f3cc2f5829ae9dbb8905e30388
44128fb710976c7a253f1f5a61d366f69cc695cd92f42989579c0410a686e01c	ok	84e7ed53068110d7477a40b33f2a13ea16afaf06bf19de060e4f322f5bc84e32
441a1e300413121cfd277263f5d04a095fdd88995b9b6e33445a7d7d4d55fab9	ok	3b7fb4b8827a1e43d0dba2cde1340fef13634422f1a97f27b78403a648e514b2
442653dc68c6bd118d323d6e7f48e6f66b5019ec38a62f190ce41db7a21b5d82	ok	1804e081521e256e62fa3ec25760c65f4228ff7fa0534f5b3bfec425ebdb632e
44293050134c66d6591f401dca54848a146621b1fad6d59f1cbe6e97bf9edf2e	ok	4d538e8e56a44b8cb8cdd5b85230412ccd6e4e758dcb179ae6aa7ab5caf90798
448ddc233bbb22bdd6c1b33dc3d83ede2cc8588b992432899d7157b25ea11367	ok	1ef73f557ed88f7df7751f3c12ab3bd683368fc60538a8d76b9803f3995039f4
44c009ca13e4ff0e3e70b53da3e841d5447d8013bbc24290136c81833b166d1d	ok	94290e50b46c7417400b589487f427c2f468b7cd4345801065287f4cde75cb9c
44e7fcc4715d5dd406ab168fb7218760a88e798f5178222aa0c4bbf1c7984c4c	ok	5f0c2cde7baf13f6fd10372db583ca9222ff1794e007029decf59cc2bbee0701
44ea6ad01b368ee2b662cc1c5f9a527624f594f5569a38eb50dec2aae6df97ba	ok	9ba86b9595c304c4a3088b777027a83f488b93909edf8217230ad5a9d257a340
450d1f33e11e895ecdebee117b7992ee9d2176072763317f7f348e17f87d7f5c	ok	3dbd61b3c2206a737450233486652789a63425a096559455030477f6542a9004
4511d04fd850b39663ac35f0ba2166312cc53e175faaee66130197752544d3cd	ok	97de3af2e268a4949bcad8bf3aaa5ee04ddaeb1c093643f03ea87c2870313672
45317bf2b621ea737175ffcbf4e018456297f78b05cd0003c63eacb8e210ce43	ok	a5834618abc6672aa1dfd15fb60165c6984e98024f99e9ea9e3608aaf0874cb3
4566ae2b5bcefa126fa8a49eae65b2e7f9c984efbd405e4c612d5ca647dbc8eb	ok	ccc10bb053febeda465ab2908061c48719dfe3fc42478bc9f26f7ee595a91195
45b5461bfa610100eb357302e65616c13f27ed23bf905a4562f1f3ee69fd69f4	parse_error	-
45c8b763a3940f3a7bded9b52eb81dac5a69c9066ef31f9e03f1ea4eba5d923f	ok	9c7531c4540fab6ba617dddb749cca15b080845248fd5d4a02068e9e86d3ac56
45ecbc6568aada945bb983b77734d106cec13f8fb5877f1232fbcc714671da9b	ok	5beeb972ee7877cdec89c5db8dfeabdb69bf0d2de1480960e52aef69a172500c
45fb8cbb9975e8e1bc65fe78347fbc4b041fce43bf1d20426bfe9f24127cf7ae	ok	f0294d3b39b6ff21de496a9acca58db2b093961a6caee333a43cc09bd5ee9960
4658913216fd43c9a449ac17693322a9dc49478f2c27fe4e9a7734f3b6a118b8	ok	60dcd744f21562f7e8bc016bfd8eb49ec520c7d57eec03d2a42df2ca9513735d
467e7f621f79f140fdb6122dec084728f3adc36ea5b2e4afa472871307c2069d	ok	232b57e21342d854964ba2d5363187f2ae0e6bde59d097ee372bdce248883e68
46a170d3494decc25681363d23bc426e3495cda7d776f49ed4dfcf75cbf22933	ok	e72c70ee43de115cb9b4085ef85b2e5890be7c219a3de3d181eb028d410427e7
46b7170a451b9071eaaacee240e208c8b6ce2a55e8be6e07e7b0e9e61d0b8669	ok	ad1eaddc06d40c805760dd4fec0d7a16e87af17a521ed859310689a16a80c443
474c14d7347f06d429e87c343665065c809e6e7ea5bdf504d5437ea97e9f5ebd	ok	f232ae355f898bd133ebca38ccc816b5c087f3e05dbef10bfd2b9166ed5cb01f
47794508bded411ab4579a514ff125bd6c5f23f7e65a874c97534b24564ada9b	ok	2f2c08f7646fe1332174f41fefa6f2ed647085430e7bbed9dbed0616e7a3d134
47b1a614aa54f63b8fc96dd19e4551a7324564e76a023c1d195a9adec20caf2f	ok	69b70f8e6983947688404bba46ad8af2c58dee92cf68419ce8672fa1f5a83c92
47b34afac970ec3085ee1a8bcba63ee67182b8ded3c2ad42f1a08443b4c2177f	ok	4336caadab8d09da81085cdcbc1578df69bc8fef7ac735b05bdeda773be41720
47db5ce63ec3b538a8d08f0f1e90960fc2c4722ccedc3456ba8fc0a4c34ca8b6	ok	d76844f9baec3e00325a8bdd4f609e7a898c3058597f6b7c19db02f8d916225b
47fc5d9fc46f15175a6805e9d994b953c21786612bf016b8734b38013d0b1ef8	ok	2ccf90290987723af673ed39af05e6b8bf5bb688b096e0efd9d8f66ec4b00c99
48455f943d8c75077175be053a52484335b7c6d7ea768450ec33439cde297e7e	ok	483b2024d490eb809fbcb31a530838228331e16566c2ff9751881a40f3050a03
48ab85e7cf0e5b120c8600bfdc8671c8bef845e4d093741c21664c31afdeac9a	ok	12e7f1c71d84a5e045b23c463fbb4dca6fdd28fca5d1fc6db1fd72e3bfd122ac
48ca3648390b33de4ad22339df245ca94f0818b36b57213be604c5b5cf0c9547	ok	63b755b94a870c2e151dddaa9c422049b9cb96bff5e85e21c3fe4ca2f6570b08
48f784b5b9c81abad98a59686cc942d6f4d710f08b04d2fca5122745e5b8df45	ok	8b61e9906ea0a191e8043e8a9c007b952207c0edac14ca719a61260b9de08280
4920205dd58c5a76c020f1102dd4e92edc5158e202c9674cd5dca6c8bb3d8823	ok	152990473a7f2697dfcdb3fc92b06179ff7819a7662ac98ce00c5876e8dd113f
49ad0a4610517fb3c44575a2d93a491c4bcdf434b4ef58fefdf67bd7358e315d	ok	36b6cf6c61027ac19c8e01e77d7950d3da04148ddb1ab76d3a406b3693aa26c3
4a54598c45fa75014ed9a907d28a37b5e3808c56a8d138abb796d815f9f4773c	ok	272b8bf9368a815db1262fc7cd2fb24204acd904502fa5cb8cb5cd38bd637ad6
4a775896144aadcdaf67339f083c040edf37fd623bcb1757674aafb93236c10b	ok	ce323b52b613449bc544b41edb23cc4462c8c2367b365a4fdf89a86bf3b3ea04
4ab3ee658f3db32578c6661ca2eda260d0f4d055dbec419274fccda23d51ff49	ok	1d927a96f83b658738c3c56fb3b8464c35b0cfed43a3bee4f75fefb5036f3853
4ad1ff7d998bcb5eb6b564b36ec022e81bf228e73a7a039b609ee71c9c6b385f	ok	43db418d72003d89f23265b4f19e548d88f9da4120b442405e101fa82cc66ded
4bc0e52cc488b2d57fe78da4456abc8d83aff55beeeecdb0c5babd9c60b84b25	ok	34458a00e50f3d4676ad8890c01da130f399db503d1d901c6925054ae1cf29ef
4be377f65d9d4fdf33e5acf7a1f8f1cbb18120f0d72828bb4318f598f6b1abc2	parse_error	-
4c0288489d5ed88cba5c3245d0c6a10dd5bc1bfbaae1c19d8292ccaea78403e6	ok	71a89010c6b3f38865be99eb91fe4819661d7598db11dee53e58f099a808d4b9
4c088617c641ddc8ca1d73ae1311d4164975cc95601eb93640dea8936c53cd81	parse_error	-
4caa5d6aa2df9059545c9ac9f8624c66503006bfc390132bf9b808f2caea5d05	ok	c7d0433c5402acf8e95f703fc776306ba28bc4d94dc9168850f872acdce2d270
4cdc300960fb95deea02a58af9cbefa83e495b2fbd7d82c59f67134f64f3b8cc	ok	1f979cf3b5e9f34bc1624378026a3c0ed2fdf9dd3b838d7f8ecc8a757c62bfac
4ce13a5e2903c8eda40bf020cee907dd61d54cf2c7969a9552b33a589b699d7e	ok	562cb43994bbf09db993f80981ec81c05308966ef00e3e216bbd8542a1cd10e2
4ce5cf6f7b4cd02428426ca429bdaabaaf782e63c8b9edc7ef747d905697feae	ok	1946f2576613c42da6bc55ef56921361b471e338aaf56cc4475124b817e4eb1b
4d2b25dc29c02df0900ce31be212f44bb4e8a0e14a9cb772e6aa646da6b61aa5	ok	21efc28540414dc89a5b1b7b9a04d6750e96a689d4613437f4ab9b914156e9b1
4e427486abda4a3559789540ae62e4811b4e7f82842492fb2208b0327a853ed5	ok	d86434c18631fcc20d08f189e06cdaa8c0a8083739f647801221a2549ba5980a
4e5d68278a6940e04cf7725e6e1c3248db63443953e0833b2aa83011506bb670	ok	e0ccb6e71f46ffc73f69071ee3878e2fca28494bd3f2a128ea908d1829f9a209
4ece64ca04326893a275909a25c8b5b2fe8d8d220195bb0465644d3d5402725c	ok	f0a9413f475281d3aa8b330ebade038b925cd7e8b193a4624c9368846b2f8e5c
4f0af5ef06f6da9d3a45a0802211a16b1b27022869822cc3ae830791bd5a19d7	ok	3ea36094c25d91737880e082648e12f6b43082f1490a2244ea3d98232149ca4a
4f20355c7b56860ade4f5a120abb1fe77a26505df14392870e2dde4795e578a7	ok	d278ce775829f437b518f9e6f671388c6eef12367d728a7980cd832e887d4a07
4fa660a35e65392ebf1b6ee5f96cd8dab86fc8361673e7420c112f49a0749b79	ok	176317bf29adbf46b03e69e33b189d51ee34babf3a32372d6aebd80f1f7d0a8e
4fa86140aba4a20ce6999fbcd15751b3cf628cf08414b94914dda787f6b8cc40	ok	cf3f79fedc0dfde2a98ed8045c9adfdd29d91fb22364a8028991f5816a89d837
5093810a4c82682d6e762939089ff989746fee931a7dbbe1783911f1d18e8373	ok	49ac8f1209ca1b52f2021a0f32124bc770ab128e29238220b87442296f121e03
50cbf993275d7580979c1a659c3e517a8bad24c69150df0af31fc8b7afe86654	ok	15c039e046f7b5237a15fae945d3ef479e72e8fd1abb03b7a55c13d1478529b8
5159b6490d82965ef3e7e3fcd3c9e02d3af2efb030866e5498775e762dd39c87	ok	0b30d59d74737b9ae40f2377b4f3531dc7b4f9e62169ea81cc35a3cb0474d13a
51813bbbd7be7227d30b99701c0796d1254c92d32945e321bb9882a55c9bff0b	ok	3fa87ce744a0b0d922d10d2876e8613d8a095eb37aaa9d342da4dadce5082ed0
519ea818d26599d066cadc22f5a64b9a7b5208a3cc7e374f83dce952f255e0de	ok	d6b916b926141b7dcab4edd5ce09e3900ad2ca86d2d4e2dad3f7f6d366dc7c22
5221afa56de199489bee8d5014a60e148f53a9c15740213f2eb8c5f79203e6bc	ok	e860dd908da733e319da6c9e2e9e07be340149864be719e772602995f15ca555
526b36131ddafd3dc6a2a95252320255cba64a9d8f2e3aa3d05782b10149a6c3	ok	7a921ad22964f0ff86d7700c010251a1332ef75761465e88c1bc27ddbd32d6a1
529d06b92fb067b3243654efac1b06014c01c680cb9ed997eefde7baa28b6374	ok	4896a2d527699c24d313a87745c05137225a05df6d844a1e49d1500518e0469e
52e1694200a537a7066b25372c59d9fbe8d8bf8b5680ce238e878fe8ff56608f	ok	ce6b48297b1de9bcc8b25a5323fc85724b146d24bfac6a64f3c800ae9deac28b
53499d67ad2fbb92b4d239770752803789245e9810b04cb634515def9466b4e1	ok	a8463caa02410de48f47e88ea6fe87dd94c2c9c504400259391783de0d83dc37
5358bbe940737a8e198db5354295a0cffbde5bcbd4521c851a734bbd0b3340ca	ok	363d47e5aef7a41444bf45ecb0e1ad19e228e9241c294671d0b604fd81d6c751
538d9af5b83230ef291296ff17d669f6aa2483a52f46103bf717a7762cbfdee8	ok	44e87aacce86ba050acb42cb72f33ff267519d08eee97ed9f04e479ba11a7767
53accb4a25cab74cd87fb67fab273ece4314c5e5c230768b9f32406bfb25022b	ok	c53fa0e704c74511970f0273b5a340f64de54257a7a89cc5bb29d9401d28e7b7
53aed1d2d39fc1798b32d7ad80293d5f6bfa8d893670b48dc686e24648f704c9	parse_error	-
53eee1819547983a2ad7840e41b89638916998d9abfa6b93972586b2f76cddaa	ok	22162cfde6ed5f95996cf4f772f601e3af73ec56439c90746d0a425004bdb08d
5415ce66667b91479f1148c9b26df7c8a315685dea78c07a77c0d25ed942c0d5	ok	680fedd62aed964f73100ba361a407aea97371edd626dc62d7c546478ca8ed28
548c61258aac8bfd8f86b33d810dd26ff8046c523a731b742fd6dea78517d314	ok	dc0fda63d3a74e2f236eda7c312f1b3f9f89cedd25bc673d87bb65885032abab
55195e3c68763152a2df62632ccacbf2eea756e2085e6174ce2eb0925e883e72	ok	994a2a0b1c701e32a387e69dc143abce17aa0fb6e2af8bf893c3f425d8ec2154
55cd0d8db04c510e5b6e4f6f0ed616cf3b871ed68c0648e6599fadd154dd8a34	ok	36b89654279df2da5ad24ecec1fbd156f6182f93b921efd9acaebf69debf27c8
5608058c759fbfa6c62a2309fbf880629f563aed1b6319c4c51a2e9092134f45	ok	1df3ca945671f94fa17a73da94f189ec3258c9fb1a4f3d83f7a0518823ba18ad
561236f4b33c15e50def67eff12dd1382790c76bce42ffd383c060a442cde48b	ok	dec72c1f6a04eb39bd970a19680439d9bb199188d489315d6af02093933ea9a3
5627e733c4d21ab513d0d45846ce561f8cee91365e7912095bee61372e8c8aa5	ok	79ca2414e696e5c9176b655c0db28952db69b87a2003c0420dd4871346291888
56810a401ab0ae1df5ae5de65aa132d429fc60f7c575d2f29da103f77cdea0d9	ok	71d59d16e28ffb66c8bec323f53d8d03828f8b115e221489ef65f66dee2e1d32
569c112a4fe622d8d44b83ddfd81c4fe16a2214133253aed13627f2d9e245165	ok	82e52fc22175eaae703640ac534cace10b3d676c64291f2ad68451bae5724a1f
575378f8a377fa2d03112f1d0f77be81ab5bbd7ab16e413c08ca051fcc7952f8	ok	1a0d880e6e7c5b1d887c46c1135755e3b234168cc530cbc1d0c55affca3cec19
57578576677810c7ebc4a59795945598a9f599145bed9026c221835249781143	ok	291620e44a8f0751d141dc2bffc0c9a1723794e2baa676e2e3aab12d7863b15a
579f77ca1fe4047a51946f85c80c4b83d4b199d076aba3f80a19ad93396fbd3a	ok	293e587450b8eb0df46ae77197ba63babbc00502f24bfac389c5718284c63ec7
58091c20ecad5ebaeb564351ffd7ef7dd9cfe763d25c49f917292308a00f985e	ok	974b142960a7a85769cfb08753651c3f02297861e828cad0315453c3722920ed
58c3da785bc6810b8ba4c1e55f00edc6986728e1e8edfef408b17f800ed51d8a	ok	99acc3630431cdac149b48f70c1b6a43853bad52340258e6bd4bb6cdab3ccecc
58eec5da310904dcec9544c5e499f29503463b5af5cd87be6d573ee20bcba067	ok	25da2fe31a016fcc6897319623e9523c7683313456dd444aa6d9dbdc2c38b8f7
58f9b492eb1eafe30976172fc4243b5a2a4fa0dfd37dc599824c5fd7e2e3fd2d	ok	13edb3e47b37c9d6b43369d09952aae6ac67dd600f88aa3c64e2a6f83e938e23
596c26d024dc834d0ff648ae473e8bb1b57a976d5746af701fa30ea35706d804	ok	00d3beff99fc80ca6ef5678cd11cab117f5fbe6d8e9776e6533d82a44a6fd99f
597f856ac899c992c032d738affbba9b43a80f571d9d51b1136a157f884fcd67	ok	0573a89373c26e3ffe38ccecdf235fb6b1dfac8642889c85ef234bbbb1261ef4
598071fe4d17c1ff6843ebe8b4b05d4eaf871bf2a4048af392880f0411b16465	ok	c42fd63db1b81e633cf48810b43d1d1c02a75e99e446ecf4de24862a47b6f4b2
599ab8c246fbcf641e8ad4a7a3b1c650ae2ade11edd3e2df4ad635eaa373dce5	ok	d8027c1711c26e0b858097f95a07fb7616b81d8a6601e287ed84f8671a77a05d
59c19a7d943d9b375a95d8409a471eff604a61d8f0e891b590bd3fcc30e27691	ok	e2f69780325d27a0b9dcaf7877517cb506f987210370d5cfb5472a310eab019c
59e7fdf2d7d3d62a38824bf36895d10981ec6cb9f5de6a6633d40d418fa77aa7	ok	aa9817779d4e3bdb77e62fdcbce81260ed6bf3eb6ede97bf5077f61092bdee61
59eb1f0a17dd285166e6950d99b9e812b09104c2753b69ff8cc81dc886d734fb	ok	809e24f2a513df80e1a40e5ab34952c4a4c4212d0309c337a6ba98fdc95059fc
5a2878d179fe302dc1f0ed0f2958803575cef2f2cb81c943656991cbfa8ce3b3	ok	cd90d28e42355794ca9e1b1e1d688294bd1e38cdda8e20d1834678b7e022ebc4
5ae8ef84ffe4e7faa43f9053242458021c60c053ba86a408383c250b9a252c4e	ok	add98b1d22d8b1765a245abf18dad9e2d52d20e53a0103bb168ed07bf6505d2f
5b5361eebb6513e907c6779a9e1bf805801ed20055a4f3ddc7cc1309e89e65f3	ok	daef217130f48c7b864571eec8b0953703a2f739b6854c9036289c58b221e1ce
5b6a88204e5a074d915a0be9d0a109b936f7775ee6cda3d0295a12853d84c7a4	ok	60387a572d90fcecb14cd93d933df47edee5224f24a81c21389c0ec49e7dbecd
5b7cf334febf8366ac520382767d2262e69c6bafaef1714761cd56b68159a92d	ok	93b424160f04ae86d2a4aa8878a04005828152d2f95d523fc7119261ba697908
5b84d2ed9f60b1692910cd1eb6b7356876ef81ee9eecc246b12c0dae862ee043	ok	adecf55735615055b51a6ada03b59adaa9a629579bce7f916a93999309494f48
5b86ed3106a235ffb6631fe1eaebb98ad9ff440101335f2a92545d446b24c5f3	ok	b2e8c514e8518cac890798d2bf6fd473417e754e82ca3e729d658452d83e9eea
5b873fcea66eeb86fcdb49c86d0855f99127758754573a7d4e351a6881ce0518	ok	f9ccf7b3fda0c4f2f57612caa81b0cff2af67a23f168f6501b458bfb1a8b513a
5c261bb9227b8924fb8a523e4ede34ac23a882ad194ceb3666efbbb32fd6b157	ok	a0a67d44d358524c6e84453eb306a070b10c3da4512ba763c3742aa5f2a0c033
5c430c883756eea756ee7f38c827bf49224b24e7cb689800de89febe629845bc	ok	e34a94b074c358aecd75e6223bd6f6284883b53d502b4279b524339c01555f46
5c90097b46607b62012dd69040f1f53d03b3717ef84862ce3a62bcbcb9ed78a4	ok	54f02c9de167e09cbe37524e6c36b668b4d5135f0189022ccb450034c67108a1
5cd21dadcfc10753102db22818d164000c9743670a519264b9dcb729c0c974f4	ok	c2880e23a1ef494d16675c0466e9640569d49b9d4fe830ed66140ebb4db2932b
5cdeae61c4f294c63c19b85406b9d91f0fbcbf06a48b0f76038dbdb6f8a197c6	ok	42f6bde706feccfbb6abea68d04ddea9b72fe3bbadcbac6d59b725ef69dddf41
5d1aa9d926b6dd91ab2e6b94ba1ada2192dbe082aa700ba69e139de4f0f833e8	ok	6402dc40d7b98996d427e841ec37d37bd7ea1aa51a76b6369066005ce81b4cc0
5d4bd1e7252fc65c287a9b91d9dc9e03832fb511bd516392bbd09498c58905e9	ok	ab0422a38c5d2718f92f801000808c439201a71c4dd930f393c71df2188190b2
5d4ff9fc7f7e8e99f8ec72cada6b136751339d691b367006e30738df6a3899e2	ok	9b3f14bf94eb3c211ec9fba378efc41ac094db7e46ebf75fb9e4fb32f55ad11a
5dc77d92139d14b8f1a5177ec66ed5feb024728a6531ca2163dc4330d88019c1	ok	58adbe942e7292b5d67fc5ec9f88e57677da6e75247be5ca99a6fd351ae77ed9
5e654151ee923351e262b6288dabf9fc2f44435bbf4c74bad8b7945b9d8603e0	ok	68b5f8570087f9b6e2eb7c9b721271225fba7bd358e13f7d77086028710e280b
5e7d2a520b61ec69bb3f204578c11844ee5ede656f62eaf124d097e624839f2b	ok	e5e0e431e81ec79ed214bb64b24503fb82d8da9cfa2bffe127acb7475d8b1d9f
5e810a712db0eaaea5b509b1260a2c5708979bb90afe76a6e2a725ed2d9992b6	ok	544e14a817fa1f4676fb0a6965f664a2bf8e539d2f32091f84ecbf21b9bb1051
5e87d70a9954aaf30048c9edfc62d82ea0cd29bb321935a3f4e573dde116ca49	ok	ca8557deb30bf59a7a5a9b00be4fde40351c517f8f736b1f8c6be6f09b99aada
5f0e5cf9466420d904a670dde2dd3da381c4f8034f79870a164ff33e598111ac	ok	eedea9c0d85713f6110497ee9a7042a6803e7486c5ebae66b298d80264f86cc9
5f1a6694fd845214313ef1ab763553a7e6b5e582abf6528a2d9fad985415853d	ok	4a20037065f4a5bb1f7c879f7497afcd580a8180746a16dfb55371d7d848abe1
5f256bebd3bdccf8dfb663de889f9a705f12ab78aacf4e5efd3185da971ea0ac	ok	aad2b474a37c559fe7a4970d1ed2a42c1155300ebaef8840627077fa8676d7e6
5f96337f701674ae42ec3d2690052ae1860350baa2f15abf79d779a43380acbb	ok	d44154d62f07bc4f12ff377c0a153cec1ceb276f9916b8f222dfef50f749e3f4
5fbd1c60a17a468934f6a8ecb0c3dfe550d95bd6723017835a94664db72d9ea2	ok	40698843f4e9152c42f9e05bfb95d8bd1608d266149f468d0f1833bbfdef746c
5fecd39a3a27f5bc5779b1edbf3a08a8548986f3b9c615a65b4d00dd04e12aaf	ok	96c51f1fcc7a703d311025abc8ddbd48cb3ea307bd94b6e404d5ed0cd3a5fb59
600be21b23396dcbc43607329db29f62573a6b1fd6edfc258ca4d83f413adea4	ok	d198acc4e4a9516b2ee41c88e0c76e08222b5ee078c982ea2657ef8e9068502c
60642a7d2398c0644a42689eca8cb488c59aa6c874d3f29a6048abd9223df5d2	ok	7ff990175fada2f2521f76f69fd8f810bf803dc076191ede67aa222dd83c3163
60dc9dcb2110c682fa4988d26f990920831f57594a4e425645239da9e07e69d1	ok	6cdda804aa8e974b8f111361e9d266585fe0ce2f65e28ebc9cc2f31c597f835f
6105680d2dbf5d7b2ccba3fa6e4ca7302f58c68b563e2db2fc176bcca5fd51f3	ok	e6bc9c2de10e7fd8391ad2a11b81c7277ebdf8419120b33aabd8880f9e984d87
611d8a0931e04ec72802ad2dc7bd781ce0d4c784f2f486f67583f6307572d80f	parse_error	-
617b847bd44be63803eaeaef81c9938706e8c652c4ef645af59139f1432ba562	ok	7729aa71e5c1237e0415f5b072b3afa75c1719f89bcb06e89072669efc048e3c
61a65099e6f7019e86572a228242b08fda356f607e6a4fcb91c025229a76c5df	ok	888cb2296dc509f9aae0906565213b5368467169762c2c90440e2e9a55fe5dda
61dee077dc5d8d44e193d939b28e6a13fa9d720c1e687b8ff802a027a2e5ae43	ok	787ea5e9b3e90d5cf3e0218c8d85f2f6f9c5da0751ef3f787314dd5750d4f293
62ddc1fd8b5b9216e95fa8d6574909345c43d73f9e747dfc54dbb473ef309e70	ok	c2c97a4bcb151d5e498d0ea8c069fda25e1577b37b9703452b5e1acd0399bdce
62fcb4f554d179293ee118c38f3d9c692abe303e826abc966473f6bea5472da0	ok	f337116ced485aefa372b2945a6a2512b2b72c876aa31c8b26f97aa5ccf09c89
6312c2deaecd830f378f97154f9f69e2af5d603d6ec73c8406090b25f6cdf716	ok	06848752d35e0c96696d9b3654e921ac02cfba1cfa4f3ce1e3371ea30f7cc80e
6321fb6ecd6ac2a34a2c61182caaba7d399b68c2a5bd04e4e9c14a4fcdccd826	ok	099c86ef3626b93d48aad1b390fc0f1d113b0faaf8989e495ed66cecc1c83f06
63247edcd7e8932e36b2dc09753768ded1cfbb2461cd55ecd7dd54319d362a9e	ok	df528c334f6a871db05547fec2080fec675b28b7b16d56d075187b6d1efc4d8d
6330ff67f25e2501e23a853810d1351110e1f5b405c2bc7688ccfa683f907a7a	ok	2b818072b5bf8d5fd306bb8f83c39fd5650fcd91c427aa6486f0836217ce04d8
634a3ddb38cd88babd75093b93a7124a5a10aa55c3230a325458c0e8847885b5	ok	b6ddd992cd0d5e56a089bf2eeaf3e004e1dd5a5029e81362b094aab296f4f626
634ece24102d9e306b580be3f040bdd38fec57207c2d9a4480c9e423c7dd560d	ok	00cbda4ce6c29728c3d599f2a7ee92d5c9b594ba5b7b56d7dad171d6d33f7fc0
637fa49c70ef3b6e167c197026384789610e63f4f3d8b74f9d7a13245e9fe675	ok	d1d34c03e78f04bdac148a5ec809104fc766b4405bbc20045e17dd6552749a12
639421d5239ed91c8b671b6a2b7b7b8e3494352258576bac3881e80e5d825ea6	ok	b23959aaf111c453342b1f177f693cf975375838493300ce907fd176a0b5aace
653b82549e22485079bbceb7c46742c8c74bdb7937f27e503cedcafd8a8d0c56	ok	c298ee7c868debfb968aa1039732e756d1e5b7b1521dba2709808fdae5908df6
65624a26f1f72d4b70883457c56bf3157b5cab3b8d5eef774091a35535573303	ok	489cca45caadfdf8bb42b3f1a79935a903b9566cd2299e26e6842ff041f86fe3
656f26b57bdcad2c182d387d264df25143438248fbe7e44c91b1138eb9a40d4a	ok	0ee99ab1c410b290418acac9c83ae1ff54afe35e72de67582bbef80d3a559924
65be0d772facc6f73c49809e5f1201cafe8325602e2589e2fa82bbe87d805c0c	ok	9c8d099320a24dad8577844fa97a62d0e22844f2e487fb46873ff450c2d1d4cf
65d66af494b33837a68d9a77531f4938ba2026d2da916477f83abb88dffbe38b	ok	204e65a1d55a699bf25e79755526442831819ca052b64144996674a350ce970d
6627007287638f66211b666f3a0b548bd943ce4b43bf7b1f70cdd4ddcd78ba83	ok	b515246c8cd948f7f84ec62e491501f75425d4a9c6092b75c7ada1e881041d29
667f01e34718dbba4ac6b178e8802fe70f0a2074bf707d6330a17dc88a8607f7	ok	0823358e61b6bb66fe41d5d8da0630ffc90de2da5650e53b6dfaaa7a1e31c0fb
669f4bcb07f59e93c77e62a43545958b3b82752acc027fb861fb030dfe6314f3	ok	ad1ef2523eadb20887e31eed026ebf6cb786db24008d888a15bd17a6e9007bde
6722dc54c9bc6b9910d6d969e21b35856a6859a529f676747f01d4be2934e783	ok	05271c58e872b639fdd45638ae0a6e78ae5c00b62892255f4081550c2007659f
672e59ab7dfe31eeb882d0e222385102674ffa37f4db2938cdf185ef872e7417	ok	9af8130c1d947872b96664b8a88f7920db7767294863a7ccd30c3d61070e1f23
67495943de913cea92417a163965dfb3340218b843d52368ffaf565174eb7482	ok	4cd477cba093c77e6b49d9af213c79f57126d8fb8333fb39bdab109b4dca10e2
67507decc33b38bd9f1b66f5e49e6fcbed7071b2a6ecf900377b62b7a03a3f29	ok	954f53defe082beedfbdbeba718c850c527df7599b6d55fe08f6e2ebe756a7ab
6750f00e72ada9a04222a97425fcffb5daaaf1b5e3cac46364cf58a6017db773	ok	e217e1bc3bdee7b6f84c555d92e7f28978f84f5f7fb637a60f930b2ffcc2a401
6768e9f2549abff69b12792845d39d0d156de26147b843d262423ceb7e66d3dd	ok	761b5abf8158ffb432f53f33bd7dad96dda13c0592ddc3a948d7993d9810c0b5
6794455b8de744f8b503cd61f66c53ae5018906bd4664b3f6fe9cfacf3ac7d8b	ok	dd90ff8ecf676a6f840149a13a724e525b5f7858133706816f5ce8b382046440
67aea8d04b6c7ad10c8f9bb8badcc5946f8fc1085019db38b16150f5d8058aa9	ok	bf0b421e923492bf933ba6e8239fbf52fbda7e5c20bcaf130e180960c14786f6
67b3f4ccee6157585d276f2bf235ac0694a07e882c97a34fdd9cc5eaf039d1d2	ok	583c5cc834b4e1f8d344b4976769c5f8f58cad4b16c273bd0787d71a5215b836
68e12f7ac8c205f9278e797cf1de9caf495093d44eb2a9342520f389eea75a09	ok	43f3a39a602e44b61f4b3892809a257986eff5f49612b0a53e794989e3cb485c
68f355c4e15ffc367358128f7694c9ecaf1e9d559ac1b5223f69caeeb889f4fc	ok	8f2bfd232c3165d73b7154b57907aec4b4c9ac5c6d6b3e37c84833ede25101ce
68f37193f1a7b2e82b1f2271baf661f602a6bc61fae5f1fd623dd8214e545868	ok	d111966dad747fd01cd5702d1a2f2d33c112d9cf8ba7635f33037b2070b1c077
694981e7d3e6db5353ea6882306365712eb70dd206803f534c87cb358827a4e6	ok	d775cd63c49540f9768ae9a42f65d99c7bfd5a81d81dbd3dbf8304f93060f36b
6965e2743961a81ec6ba469e054d54f02fd0266bc9dc72002ee47dd85308ed48	ok	2e6816c21c484e4192757da1bbfe6efd3d645e48ed37d6bcd4a30a3985b8b7a6
6a05e0c8758468a86d3bf4a15b5aba401eaec755fb3f9f1e3f5f42cc49cd6278	ok	3d65bfd9a1872036e608663b3e2f89c44f0a58764faaa0e4ac180e42563c175a
6a3984cfc5648258bd10744a7f8b3938641249fadaed0cbee2eecdfdfb1e3947	ok	66881c29a1bb72876417d9b910232621c196654523b20bd605c3482d58374216
6a5ff13062378d06c3e3e6207ce4072375751e040e9b8cb75d2a2a843b4f3b28	ok	9198f0c9bedd51e6e8448d41ace60b6b9b0e106b1dd9f40bec09d140e10b473c
6a965933e6245a2eb96b76d8217adf2b2486f06800607d7c55b3854728cb81a4	ok	17af08d392cba40a88e71366cc2b79a984bc704e26e262b2863f03a4384deee2
6ab02bcb9e5a028ac8b383f0fd91f6cc8a6329328c7ef48a72301197784d3e9e	ok	78d7ef1f9b2630116e8a94102698566a160c23de75fdfc5550fabbfd53e5639b
6ae34ed54fad60c60934e0edf3eeb1be0f0435beeab6cf784969fc69fa3613fd	ok	74933688920deab0d15acc69172edf665a9c52c0acb256f266e20ac41a867210
6b2e056665e6685b364db7b3da930a759301e43db9c3a8549dafb93f197e4074	parse_error	-
6b4e114f2b45950719a05a7e5690f0eee14233c96649c5aede0e1950d8e3525c	ok	2edd82763f61982c6d265c2d98c1770667e08b7e20e24e8966605ccb048ad25e
6b7c9de9669f145b1948edcbd171327c2204342164a9acef4fb2a95595e481ee	ok	6580ce1e2bc82ade76256d9f36c901a69f87144ca5f7de9eed71f69a94169bd2
6b7ded5541fa3db92b14078ad89cf4aabf82ecf1356f872573181c5b63ae8270	ok	c6f6e16cf8701e00c4f95abfd7e8726ce45c417d70c70343accda7df3ea6ed47
6b96aa9fa6ae30ab17d6e276048a56b71010c9379c5d9c78fa5985f56c6b3936	ok	eeda6b12bc6bafb2760f2deb4bf699a7f3d83f716887ae9ac27750474cf0883c
6bc7d4036004bbf70e330e5474ad3fcd2f09b10b0fea939a467b3683a512331d	ok	79941b5bf6c4007e4be318aa6cfbb2187b28bdb466084df9f141c8231599705a
6bc8ee3ad94dc992c5b7b0e36ca6bddf4bd431f2184f4ea1a63949a5760ff510	ok	fd44a40f0a5f23b59cb68c481d3c2fe941f3c8be26a95a71251ccf745b5e07c3
6bf42d3124cd0377d0a7a4895e3e4bf78dac8438d517343ad8533f618b94b9c7	ok	1efd4e67b8beb90e256c6746a192d945c8d85754b04d1a03a6c669a2b3d11c9c
6daf0cadab024afaf3da72fbb795d4103bb99c8f7b62208258e4e65366a6ff63	ok	688453db1ea3bc40220e76a0fba21592dc12026fa2977bc9bcac137f1ffff129
6dc197aaf35480614ecaccb512d84c89b2797d76e14c4621880819b27c35a909	ok	c70fd205de3682be22965e9cb7f5ddac445875c707e1d18e4ba7458bacc5b663
6e0ae30b20aba6bd6321fe5cb5a94e2b267fc78641fce5399ce7b2f572a2ec82	ok	9526799832997fb96195d8ed22c78854d5a218b9a4a42d1afa26faf1436a7883
6eb184baab516cf65e5fd5da4d9593cc884ed6cd827ed96058c1c47e2f55b255	ok	70d3658c074e027fa619bcbe6ca895305c6f37afa58358b336bb9f3e2ec43d5c
6f875ebd2930f5398193a5ad5ddf76cf30a72334a9b3c5ce4f386f1533a78078	ok	d3280b3c4ceed75a69383586c99ffce6a7234632fe15d31657c5a2d6f90abda1
6fb107fe8b6bf05419870940d5ff279534bfebab0950717bf519826d3ed7eef8	ok	e8e722183d4b4eee886394ebac448f21a8b2c92be4876f43eedb02fc49126929
6fc2a27da921ce511d31d632184347312ad6f0487bdf1b66963e8cb6fa1e43f0	ok	87c7290052fdf1957009c44ec45c0ee347c7592a825116578e15f5fa8956ac2f
701752f6ae7b7ac247b6abb5dd2e7e6dab6a4051708d31d7eecf25d78c04aaaf	ok	423824f7595d25a0f84c6b6079fd6e61d7c0b2a64d5a2fc1e45d02dc7ab891db
70e3f90e84e6ae8b676788334e5d3b264fae0a61a8c8a0de2faa5c258d831d4f	ok	618f92747bd05cc012cf408883e89ada5ba57898fc1b2d6d3820564a9db1797c
716c4a7a223a67f5c075ce740143d846161c62a06dd33b20737dad94d107d348	ok	8deee045258180df1bc766d978dace85927a97f13617c15eb6cfbdc92850ffb0
71c0d7ad54b59bd589eabb2de79b46e514aa9988f48b3e671db7084f79f2b6b2	ok	c831e1028f743a209b1b4602b10b1fa6c9baa6584b73828b1c3e93d144dcd570
71dfe34bb7bcd6dc5e7f5b0ea2b3cfabda69405c8efe11024e67992d1dfdf6fe	ok	bfe295c497e6d35f8533fa7e6e8c7b77352dff6836e3e02e613ac9daef8c249e
727f487dd43218949339c5897f394a18076a9b85c7c69edb8c33548fe3fa6615	ok	aafaf627ed1768e56a8f642015cf36e9652cebee8b5dc12db5546d89ff7bb7f6
72aaa7d2a53be48ac72c37ec35d61e4268135dbec7733d7d1a27dbbadb01d24e	ok	92a7b26af9a573ca30043c5b844b21eb726615c14e15cae5b5ec5ced9e1b547c
72f47b7756c46820548bbded2aefae8bb007925cddac4b29a9e75e95aa13914f	ok	b9d95fe6771ea907036b6b96b5a0a00ce8154451356a7fd0dd36ceba04f0c83c
732f17b42863737c07159ecbf463e7718729ee4fc641abfae0f12ade1666b601	ok	db7fadc228fea881271d173bce21f90befa034095505c935f4cabee2d3b03453
734e32c9dcf0e57bdc300005ae26b1217fbe15e9fddaedec1cab2e6510ee7c65	ok	2365e6a79ddd946cea407791ec8a8f943ea9eaee5c85cb911b9ca403fcdd6a92
73522b865cfdeebf5f7bd87bde70f39227fb5b249cc427e68070c9e2e8b09d90	ok	cff86f8f5d6e8da401632b14cc55509b1adce46a826c155e8c9aa87d00ad5d43
737b466ad23ee9ead553822336420dc1014dbb0f93eacff40c3c6e1abc52888a	ok	b703e04fe3be641717257767acd074ca1f419af1765544085b1dd061545f11f1
73959eb43cdac32b130b334e9c4528375f9c4ccc1bb37a13fc3a3bbe4baa67a0	ok	d17ebd70cb63c34b4751934f2ff03e3f1636803dfc77ee3e027fac0846ba0349
7398488f549e01607824c2e71ced7cf8798754f1b074c0e625643b67c881fd6e	ok	7f1b5339762623f74b31da855c5fbe1e35cdc1d1c3a9bcc4d31f7983e906fe9a
73ab4721bc8466eccb170702de7352483e0902d142a1b1d9ab073b2a4868451d	ok	f077c84149354640eb78a81e8b566a9914b0fc8c17a7cd6007fc882b16917827
73b2acbbba8989747a5714bd3abbdfe61b694c1739822915ec10b063921834af	ok	eafbd50e240249d8836d2e6720306f4f37b7d86427ded8ecbf474193dff009bc
73cc782dfc4e9cf0c163814fa73d2b05b4c0dc3dac3941c0e855656180f307af	ok	a519464c2c0adabc03ca365a7ef824e075aa3309561df9e99551923937f318b7
74d25f993a62b8bb18d518fd8069adc7b6d66cf7b9f317c9cccb2394736088f7	ok	451c6500039ed65276d457b3c8f828b327d4948a133af6d052b2e639b3eb3bbd
752c37c9a1c5a253329ffc3c0732ff45262b16d06094ce8fc18d4744cde95e83	ok	1d5cdbd89ac9b108325e73c71b7629b325434e0fe9a4c58852e56a9b7a08150c
7538b837c16e3970ad8dc6940f6951de65cad3ecc295644dcfafcca0c55b648a	ok	20fc80dd3767c3924b84198e0968793cd51a02e050bb7e57a75aa1f90129ab34
757ac1a184348232890f94fe3267224b80e2deb8609f629685941d4a0b103cc2	ok	0174640f43a4698aa67c8d51ff25a0f3e2d2da23c93c24b617aaff1e9aad63f1
76c584307f44a743e6e18a8a9410ae46f034bc117ba33e64a9480b6f8f4ff35f	ok	a16bc5529e2ed8e633209a7e32e6ffe3fff82b506ff8136cc030846cb908b410
76da9d2430e25ba7e7ca2ff1c1fcd18e91ffac36aa00faa0e6e6bb94a5570f27	ok	af14ea08b5a49a850b64af068074d69dcd780910769678bc9c2524721ab86aa9
7754d8a247cb09afacb934d999e9e793880068ea0c429e992d1fa5a831682329	ok	ed53933915741b48bc51803c1e1b20aa741463b92b1f69f93389db2fd94398e5
77afb121dec48246832adfbe7c904ffc0bbd9e6e102f183cc753bdbf42083e50	ok	9794f94a506b69fd09ff49a4bae6723803c8614a28f03dfc0612a3a7261c75ff
77e6310189e9a00e869a8d032f0bd0f571a82677520fd7fd8630818cb6489959	ok	89d5fbc20041061bd11da9243370332bdce9575a2dea293b502d5faa39a73612
77fa7c427e1ddc5c6f47546397ccba512baa220851788663e22f61c0ec187157	ok	c86d75ff5cb434cb8d607a1754077f555025ea99f6b26bf67e298316ab2bfe1d
784650d44d309e1e5ecd014733b359441d072fc257be34b330531555ee30fb29	ok	9bf34cadb26d6aa978247daa5a7809189db383c1b81035702e751fe17bf6a545
786b50aacfdfc3c11ac05aa48d2b0eb62c78e6c68b8e9259e803adafdd590ecb	ok	5e086daca8384004f6c31d6ceff06765e677a9d689ae155423ffa6b3c7cf0216
788beb1ae5b421f91510e9899cd400b20e0546a40267d30f4a953f36419be215	ok	60811e469dc3259adba4f808c15e7dd45fcf5e9adfefaaae800cdfc77ae845fe
789802435daba8fbf9cec3d7455a535f5091422d3b507a7bbe84a6fccf83ddaa	ok	c8d2ddde828d3e65000b503a1810e53ff407b9d5fb05f0459ace9b896a6a8432
78aba90a29f5993215eb883ea5b5c1524617c8cc5721da587701fba2b527a269	ok	e6bc9c2de10e7fd8391ad2a11b81c7277ebdf8419120b33aabd8880f9e984d87
78cae798cf995a23ea79dad82361151d0458baa3f7435d73ff15b1ca38824a24	ok	4c35f25d43fc9969378d812a58a8990404a63056d5cdc46a3455a75ea2336ac8
79521c7103b2526fe4d3bee00508ae83926901a2961d9abbef97fceae4789610	ok	21b65e5dfe09361d5f318dadb666ce8c634eb5ec533c8e490850d00db5596818
7a346f2e4f8b97b788b13753ff5c264eec4e4f3d65e13221d16e387c835d433c	ok	b299dd44a8ede982fd8cec97d7444cf71fc43871a4868bc1199556cb5b740dcd
7a975ce69f590f9b397c29638f5b8fac66617f63421a8e60e8510470347d6788	ok	ebb9b57723fe085a22ae80434432f5865ac362cfa216e3e6160b00dc37bbbb99
7ab475986302157a12e4555049a6ae44b16f6372b2fef31c73a994d74652dc22	ok	6bbe711d8af6f627fbb4f67d90f3d19f97fcb544581545ce3ba3a334165c3868
7b1a78d8aff9395f4fb9f7153c71ae80e393886296c3910b2cc64ac013436fe3	ok	91f05769d2cbd1d22f6d4f773913f4ab9178ad7ee84f7149e83e558e3f6e7c5f
7b237712ca80203549ccc80c685090da23d28aa4fded2e1393e1e24207f74c71	ok	72fb270a2ef70b2a9e3675607f988ab897a20d61457d33f6ae6b6fe848272e25
7b24e0a81e6dd7627a13489196adb3cdfac6974f4b02e30298077816eada257f	ok	f72811348e2d631df1232f3994449e4f95534f4d5d54f522df849ea1487c22b5
7b747cc6ea698e7aa1749982bf5c8f976bbd52f29042810eaf6559238a9d0512	ok	1e5039bf445376d130e876e98e9965bbd19fe3b2990c6d3b88617bae8d86b4b3
7bb2f6b87a59942997cbeacb523fd5b99a6e9e99e521e4118124599e7a676354	ok	da5e9d909676f75236243c6b00a56bcd45338b9b0fb3305e296ca76aba360410
7bd0ce342e6132f39a58c40a2240720180981936a1c84931b0683211624a1783	ok	12951133916a49cf808c93f49cf2981d14329750509b659f27932fe913e1016b
7bd729f279e5bc15df843a991496ad328a8e2279b6604cd97cbeb3048c4a8806	ok	ba02ae878f8616ce5184b8375f3ffbdd92161a89d792a32d60391070d20015bb
7c113caa1e3bc5b3d3308396bfdcfe995fd824f72fbf1ee1911c1067d8a5e246	ok	0a69e9852a3accafba454184ddbe8695ad3b864502d9ac410e1a4e3da771c5ed
7c389db94ca8405ebc88348cd23181b89a25146224e7351f62714ab02c48ef3a	ok	da7541d9f0932cedcf60ec3fa5bf17cd5080d3e83b4b5f72985d63d16898aae5
7c65fe0a020b15a805806c7684fef38612199c4c027a6e0a5bc4872bb7d97820	ok	d1cd0ca4eab792f6e85f3b42f1cea7e88a8a1ce533503f87b04c54fc4e1f4135
7c888cdbbc59053a7971973c9de7ef396617ee0a6cdca08fa4e77f5bdf20e020	ok	63827bf67693388d2b863845946b772143a74833a4a75af4cbdfdd8e64d91507
7cf369e2be1e0e13339b19a99933d5f347ce834c2ababcea5e48ebf0df758e43	ok	7ac1287529a7e1c85a8562632ae4aa8e94e9c7f67c37c057bd38d67f9adc4ce5
7da4d5fb344b6460daf2c7d6c78adda46d4ab75c1493fe3ab28c2b6aae518e47	ok	fe79201c43d8852812a8fdda1a9c7fb1d90d7bc784013280f28a5437c7d524b4
7dcd9e8406942a9cd4d1b56125a218b7b175d0050eada55c06fb059f0ed1c29e	ok	05caebf3862f0873973a8d74dfcc12b95d06babdc875b98599160bfdcfdde1fc
7e6c3a23747274761f5bd3712f9721d919997d51ae7aac8a3bffa15267eed679	parse_error	-
7f58021d9fbe9cc22e4f7f152c2e22665f6244e05caf1bd9e7d90855a951d640	parse_error	-
7f63df3db33d10527465ae1ac43920476fee99a1547aeeb3497a2c08b6bc7cd5	ok	1aa5cdd138dc6b0036ace2f8eebe3a73bb76b45144e420118935bf3e222235da
802529eb92122f4187011b706ec79e3965c2db965b9cd9cd05f05bf364339ec5	ok	cf3f79fedc0dfde2a98ed8045c9adfdd29d91fb22364a8028991f5816a89d837
811f1abbfa6d470bd4722b10bf0240c472f5acddf4ac942821a8bc4143e17476	ok	2543dddaf6369dc7ce32c80b4144d0c0ad355e4d2f23755085879cda0c9197c1
813ff8526b206539868e84cd83115dc678ffd137cc688e94f4cd5218102b290f	ok	12d34e17041feb79d4e12b19addb5dae81da1f1c14b579a6ef03de78192c201c
814eddbda3e903db1ca1aaee8b2d1fe1898c2a46dc2508985bb88355f222ce0d	ok	eadc8aab957d93e58145faf8dd374606c32b5bd58bd9bcc7134b4279a998935b
81c4235a7cb8c8e6c824a2050057d86515622f5b2384a5d94e45a53cf345bcf9	ok	321b08a8370b91e01a610bf53d60d2a97726135499cc4dcc00ecd1952f30c02b
81d290a2dfaedd42f34c48b54e8391bd96596c7ba0ed826af2ee4a1c677c9277	ok	ea6b848a0649237ef1eb965aed7f305b36f5076cdcf4e6aa81a4b72d542e38e7
820b99f3a5fe8aa2dd7993729ba9bc69c0ed7b5e374dbacaac42d5cc6ee32f0b	parse_error	-
8245eb207bf6ea4208fdfd38604fa4877036f3a511a9c68c5b9a82e9e0433037	ok	88dc5f358e2894add9b0bd098ae488e85eed6ffdf238cde673b2b669dc9d849d
82579472074415758aacc9e10dc2cc9e766c1fc2064e4c1b13d8914221b32406	ok	37756566cf91bb876fed92d4f2915efb9700fadb136498e7747e239e7df3f4af
828cc8f70e03c412f71ca1a8aaf88ca84441f33fd283a7a411ffea0951452faf	ok	faec006fb4cdd690e69e534ec074593b58d3820cca65d73f02982609c543471b
82a0f57944ba3062d9b38ff14d7a411019f640733c2a65a24bf2a69808cfc009	ok	45358d9644265938e422085b56ea0c7591279ba4d47efe43e61916af7c3f1cdc
831b529b88051efa77ceb0db16c96fe6f4e1edbedcfd09bfedbc0b01c8b2cca9	ok	77fd014b5dbea60f8ae7be5e762284a570523723d1e61691923abea0040ff7e3
832be31948ced6d475973dfade068099fe26276ddd3a11bbf779eaec8f6a4fa2	ok	5480b6fab553e4d25085db252f7c91e827ff043bd4bc10ea0b6ece2e11cc5d80
83afe53c179b0f3f490aa70344e80f9e980468a7ecf91018244322d3f265f992	ok	4d99bd53ee76b0eee2a0215549416ba355566e05d6570d226ee515bdfb376960
83c1f65e5e64df6138817ea2cb8bc5ab3f6feab58fe56170ce16243a62ffda84	ok	c9bb1923a06cf9c5e3b9b6ba370202b789019c67786c587a562ccadcde043038
83cf71b41b9bde8700398f588787810577aaa99ff10b3f0f3d4d9abad9bee278	ok	26bcd700edf30d06dd943330960cb5496c4d175ce248908bcbd4bf5a86786872
84172382ca3166a8de806c348a78a537c133f67e4c1e2fb1979e2cb814604918	ok	5a6c88420c9f4402540a76b59e8bbd75e3b1d8cf6a36e40cc9e0c29e011a6142
8430f167fd531d135333347cc70b9db0449bbf4355a0227bdb058b940a3eb8ec	ok	7ffb564a195a477b028f48a24e76409791a963b978786c7e3d9b063f29eba803
846505e93bfe4a2950036f308627abbc15c4b05cd8410b5618b825574e74d80e	ok	fe7d8485ffbc12992f5ad747e390cf9c04a0e2ff57f9885671d3c3835095f246
84a6ebc45f766e0df18dc41c2dda258b8f2291b410ce0b1fe76c0d8f22b88ead	ok	5cfbd33f627233a05af37b1d7e5b3f6d58c3dfa27c0f46bb9b1ec7bb3496a93f
84b2705362812e7a47b95851e1dad0496b62521ef838158d5b1ac1504ca47e74	ok	33ee3101f03f32283ba3934850cd713189fe2f62c1d9ca7195c6baebd3d1ad8d
84bd1baa122f4da62e0c19578d819f88e8329bb2367bd62c96e53bea7b2e6de7	ok	63827bf67693388d2b863845946b772143a74833a4a75af4cbdfdd8e64d91507
84dc58f10eec889d3e0b7bc640777e915d87cf64e4680056c50c1731d4dd2551	ok	3eecfbcc490101dd57aa9148ab88145cc781ce1fb3368ec42bb2fbb338c7513d
85133399480685c80e8a6b49cc60d4d1dffb7c69eef921ef94f8ac2ccc34bc1d	ok	7c65457ba681b9778454d1ddaeb9a17f95cbe6d7bfb491e95bbf2c73162b3e78
852440cebdd28bc474a7929de391cb23acafcc33a91eaebf05a8f13548df8be7	ok	f00105ed0d369c0f8df70d27b76177c272d9159d58b3a77e11ba64bc26784147
85f22849dea6321632eb20554b0e4327ebbf6c2d108b6c26a95710d94fdf2789	ok	48b29766c7d6405276b99ec4f25a1fa3f33382ea11e66992e8ede9398a7f26f9
8646b820c4784d240dfb8f1c53bd8adf91554e3e2b4e1cd40c4ca48fc8a00737	ok	0fc9a48b44272ab4bb745dbca8478ce88adc814b92b5742934d4e550739708be
8649efd7783fef481890c425d8d7ce9d7b9a28634a7d7a669b79de12bf304673	ok	385b9920d8c3fb6648f218cec6f4a91a24ce897e27044d8ac9c761430cea7411
86a0d2bba325aa7d3662b39ab46cbc66bcfc58b5729a524b4a3506a4cccd8785	ok	f7e843f530f41dd4397dc9a8ad32668e06ebb5de5dc3b4869b6a92ba841ab603
8742f22445a424604ea6c988eb82d7508f5f2b36959cc9fc697b2ce57e8c1f37	ok	1749fa5a963d2208f1a7f7d869739e803b42a99504ac2c0a2fde8b5659cfff82
87567cc8e61e361dfe3e0f7aae81eeffb557967d2cb4573f67bc04bc890e284b	ok	67e0ceb46c9a6fd3bc97a28bcbea9970d55032d3948daeb8016d7848d733fca9
8785e4986508a53853aeffe91f753d63ae030d7f51af73d160345b51b5fdd0a0	ok	06a0c870ba48a8a7a054acb77d93d5dc5f31a881f66e1cb60748c5723eca604a
87ed8e301df57de71b07d4d2d3f44ef4781f0e4bf90f57d95ccaf83c0a8b7679	ok	4ce31b23a394c6a6710b69f0fe2a701054e59cb472636c446402f5e87b1ef496
88a8aa5407438222315ba2b042c80b51226218f78bee815e5af284d341ad96cb	ok	3e57f26552baaae9540087c3010273850da183552cd06c5d8e03d5700b5d78f5
88b77387b632957eba0359df0ffc0e557e020b1f6e30ac0862c094c20870a596	ok	af210397ada8f056eda29d06dd9fc4e6b9d507d31a8a211e5c944b6b0168f9ab
88cf5561239a52f9fa8598e2a79bd6a4cedb689ce3efbddee2c4eacc3d9a6410	ok	476dfed7230bffba0adc768d5d8e2ecbb081d7914440488b18fab1039b6ea68a
88fd2f14038a655bb721c38c299c4f7f1a0ed189a1f684623ee8e1bb9fd9e73b	ok	061afc302b16894b657b3eaf36fe33ed8b11eb571a03f0f206d722262b2aa9be
8948238bde8dbaca9f8f658fc2244bca45320c061570b1bc8b3f9e3749323b93	ok	0c39233ec8c6dbdc53e0ee8d6d4c24daa88d034af11f1e89c4f8bf28c920509d
895eac88200fe03b33c40a09572cd8c9dd229708efabcd838f7b2a63f4343710	ok	0f52e74e40cdd46055afa60778a80847eb7920ef61e1f92f25ce3e270de04bde
8a1b522cf4999393347123fdc61c2aee14de4bb9e76561fb4d32517d26422bf0	ok	76d4a9c2e0125b1adbb5fb8838144ddc56e20703bf78160d7db2a9eabe2bd150
8a4e4eb822efac201528fbe79bf6b8156d3bea319bcc3e57fd1b5d2a6bb3e3e9	ok	6e90552434eed15c5847030982b459328c23ab7fd7d59bbde3503639fa759257
8a5f56759ea85337f48037e567bc28e8b64492ab8d0eb5bbad95e75adcc3d434	ok	23bc66319b2d58fa446f04aeed4dcf10b9baa29e235335bf6db7517c84fa1f81
8a6749c4b4da7385275c72a3415e935eb6c871bd47d04cb0534d50a7f4b382c3	ok	e4c74e3f9193cab68ab78871afd3667b4d16decafa51f3fbebfbeda5bb57e8cb
8ae3acc163ebb63bf3ecc527564875bf95dfe6f4fde9e51213fb252e45cafe95	ok	05f9bac1453a64eb2481cbf0389f3371f24a96e7b430c86f25220a4fe108520b
8b0c52c0be924651b3fd0019adbd1fe16bacdc0a015701bd9ad51cf17ce1266c	ok	ae991de8f44ef4614d376080116b5c48e24a62df2744363ef34f9dfa9eff7623
8b3a5b2a00309cbcb71a2d9da505826bf6704ceff7d15d823381fa18563834bb	ok	37849627e99143daf6bce9b454830beb83256de326365eb4c003540dc9bdeab6
8b665ca775535482bc5aabcfe2d63d68535ee32f4e33e1e74e6cae34b633a6f1	ok	daa0d006119bb5892a8d01eaabd79e565f2fd1725fa9edb404a824c5cf7ddb4e
8b8de86e39ecc222dff1a46d338d2f15cf4cd53cfafd108e6953d9971fc18513	ok	bcf6f1d9c7d44a94d522e474f8d894723d2f6ec277052453bf23e4577579ac1c
8be74d31c71c44b32eeb792c326ac4e0dd308b42e0f1c315b1218da21049fbe5	ok	a969afd23b51ca0431cc58a5fc195ebcad575c787bce01cf2843e52c7144a6e7
8bfdc9c2be97051e2645ac0b0b3ab16a5f31a9157d66f0fa84ee7c4c0b32b28c	ok	dee185af2dce49f13f72f3260eb19e00540ced0d86d90af5859b68be75223c34
8cd715d85e538964360fd985d37b02344b122f64c0100de40792766744c548f0	ok	30404356edd47f2d2f5e27d908cb66b9e85b4cb04808a8bcebfcb63042fd9c76
8d0f571bdd5e58f443f165cfa7d5b02c5639969c21031122f60807eac09ca2a4	ok	84814c8b45caeca74bc893e2832f45b63f78047ed6bbeb5dd16045dfe7da7343
8d64c53b74fad74ced06185ffe0a19feb1fb37a63bca4889fd8e10b6e1c9ed22	ok	746b40d2c91d0cbb25cf81c815eafad34c9181d6cdd6b9522b205b6a34260673
8d6ca6d4789b80a60b5517e1d5752047ca5998fa4edfe162ddaf6b94266e8ce5	ok	adf5362c6347ec59a00803b5d40b66a311cea1e8a737a7759a0df7722804cd37
8da6509cc440e4cd683182eec3af60501c226a02b2fcdcc5183d42dc581ffebd	ok	6767ad6260900faf906801fd621771b92d6f144fb98642d566fd786f7d97856f
8dae0f997c867654aa94151a29b9c5efff96d9842855c5e208f5ff8b230dc13b	ok	43b49e452d440462cb2894863bdadb348090e35e79fe62bd0a0c4228070af743
8e055232ac216717585d123d9bc03872f6a4ae772064ac7f5ddc017a7b29fb51	ok	e1f17244fdbbe23b616eec84b758b1ce0aa106de3f498cd18fa8e267f86b40dc
8e6f83a9fb336cf25ea36c87f0e2a3f76c5c1b2b9421c91a0f12b6ac81b3392f	ok	45555358d02c6a666219cfb46bed32116c70dd78427c93bda715b7bc4fefc3bf
8ed8102d55bb922831be64f5f76a9becd4776aa8728a3f3639e31639b87eb445	ok	c9bfb550c243eb7d7dbc9de026208a2fafc12cb2b4c61f03b127ae9e87212873
8f1abaca9c020f1fbd0bbee6f0f2740077f05a3c3757b40635269b899ab1fb65	ok	cc899137323d669af897fe81531d6a373305053ec5d68a6b40b594b48e47ae45
8f524a26e0cc9de6102b9abdabcc75a4ea84813bb66dd0adc7e1f604245ad1ee	ok	91560edc4daa22f66be501e168090442fa3ec8461df3bf2f01dc79bc47807e53
8fa34f1f03453208eb1fdd931e66024421ade698b68ddf6ddf94c4c72ad6b721	ok	afeae086c3e4e947c9dd052fc9bc3e1e56688477e0f6f1d788887caaf9683e3a
90066283fa04d7fd6c803071c70471919712a0c8c48e8fe9b55846543ffa7e5d	ok	f0c3778a07d0d99ed5ac48b30183b9e6b60350f4f33096e238f6b77757c23657
903870ae28ef90c33b1c238b1624fd3fc57c5ab0c069d4d4cd290f1ebdadb70d	ok	1bf74be747eb0bb4628566b06c7a24b046fa30d62c3e57b9292cb7f4aed90c28
905178f9086014dd00eed915f8d62c2691cce0aa6cdcb4b1e417968cf759b5b7	ok	825647c6bfaa12daa59491036c66e8b0e3277cf8e2b2a76f211fe3ba97a54eda
911a2fd42573f626292509ba4a1b8d933af961c2d9052f7669025b620c39317f	ok	3eeee1150de5d08f589c7bdc1cf41403eee0c01b5c8729fe888c56df33847700
912acf44648fb4e8e0106e2336074d514e0bfe40ded3d509cdf3e134365ff778	ok	66728ef2184a223931c866a74a39be82be8bd60c014e0fbd60b5be12f9365b00
919b3a78220ead15f940fb7295a29aad7729052eb643f8707841e212fe012759	ok	9bfc0ed2aa239561ac1af07dc8bf41d55ea43409cf76a657fd8a9a6dbb81550e
91b0aa98ab2d9a50af44aacbff6e690552e8570e4d0b9d4465aca6926f0d1333	ok	48cd4b074db026ef0ef80a3af50c0c146c930cb10008890ffcd6b61f63b70a48
91e0b488001de2f247de050869b1159f856bf36e8ede6b54a932dfa2851b8e32	ok	4ca6ee353a70ee8ff52d039ae8c1bff2cda12dd5e68c6ab9028b75380059abd2
91efac3f0f23bd3aa4cb309ff12d3335a9ebf4e1874c357f501288ed1e2aa43a	ok	d307559f03ac407204361793d85b60bdf2f3bd0d0b97dc5dcd3c0a5fc09112fc
9248667a9b4593ef3b24ec91fbf762946e02bb8e10c2e0d32f7e127a75feb6be	ok	1c3159c3eda3b34c905bd09d481c799662d8df019ca710fc2de1ef8097e8d513
924a6ddc2be45e68d3b5d003ab5ba71cfaa53d953cba924263d6054f87213d5f	ok	2af4983f2ee36907c3b3ab2eb509e1047b47aa804631e561b42847effb59ecd3
926059ac0e63e99bd74fec50baf9d685c41ef32c749f86a5d899aa64563347d6	ok	d4eb69fdbbf31e8efbec482a11b7c57b6f03e23ea53583822b35690de539a6fd
928d29c244e05a679a93f21d72e6cd6ec969073b7cb64275c0aa59695fd3f068	ok	188d3a26b3ca808f964e356879e7640796e8575b157a5bc7d4b060f68ae11339
933845894a92d8a3c912f97339fa6347630b5cddf423540175f29dbb534176d1	ok	330731f1ead0e5a2ab6d0272adff71c41bad10a2921a8ee4382b8de80c257248
94324861cf374b6350aac81d73943c948a50a4840ec6edf06e2ce31d61020613	ok	877a84f11ca0581ba46328d7710ed5b8f78ace90393b7f7253e1132e8359fb8c
9476ad4a83026654617481648a15be919dc0931051500c432fbfa12316b7744d	ok	e01fe5f9e9253061923286fc52730092491d9a2e5b1428018c0ce72462bffbdc
94c21e2b2a65b1fc087cb653698aa2369e2c17826d4be69c3ddc5da93b60e7b7	ok	f4543da885ffbe808cfc8dbd10ed072886f913a81a6e7e813b50978be437bf88
94c4101dbe1c67d085b4df21a4c9879aa80112642055145f96ad79d5d4bb0809	ok	f9730ae3ebb9b831a22ea35e13af279fafefa277fbff384be39ed060d06b1d35
9527a6144d74e9ee7ea3131b2a958449ad541dc772c75393c70a0c49fe36f108	ok	b02eca21d64773a87bf189fb9692d427c887e4614c06f972934cdafd95a195d3
95efaf96113069401800ee86c531389ad1dc59918cd069ea32747d1961da5cbc	ok	c1b3db1505521db56d7c4b0d21251e31da6d600e3f8b396df76f90eda936707f
967b11ce8944cfe4479ef2301706a8fe84215bc94ce9303f8b0505c86321ba8e	ok	4faf40f7fd0f3a578d0834e1ac33249cd5c1e2a969eebff15e34d8f5acc4c401
96b288c9cd7e5169bc9950569dca3773b9aafd1b2e3e6911fefaff56c992afc5	parse_error	-
970eed4d97ab50f76974854e6758dcddc655e1a2a9a2a4749b9414f853d451a5	ok	fbde0afaa4646a0ba32fd30d1a70919e7f489e759bb1c5b7220afa3c8bb0c040
977b793e0767d2f31096944f38ffd80240bb6934a5ff97a0d1462c5b6ff9223d	ok	34e5a700317818bed4eed508bf7ec88b6f4c188b3faac53f39a57310dad43f14
9834785d662f6e0382c46fd55387db91a7c711a2cb49f7a516a9666ac96f319c	parse_error	-
98a390518a60cf9c41c1ab30b7035aafb9f80d95476eec66abce6dbc991b7fc9	ok	79253ebf09cdff2241808460515a690e5ea44dffb7599a78650edfce4dabec40
98be4b07b70aaeaf0055c1831be0006bcf76952efd62aae9725141ae72ece699	ok	3d8d3fdbeb2bfe44146ca70513c6d6a4de18d024e605a911f8810898af404cc0
98c17e9462f1c0ce944e00a536518e950c753d7c3cb1b905118a274f7bf51e42	ok	ff7e5508b96ab378532ab4a29e558dcdd03196a0cd39d9edefbe85aa60bead92
98d2d7af6dd3d0b2ad448d39bae2dcb07a36028e585255df60e83450df1cca94	ok	1524d59f21cadb8c16cbdee58d2eb89a025e4ef2df14083158d75a91aa5bacf8
99058c073a03c53b3b5da74708f07b6bfd92ca2e2643f7e598364dfa8e24e63a	ok	a8e68172504e32ca52149f44b52334c540c60458f8b6907b51b9440dfeef39b3
993096926b55936521fbc9e23c0a83e80b64542c30a335a6530cb87164dbfafb	parse_error	-
99d24a344e301c3c5fabbbee6c3387ea4db050d7faa355d3f98518818ab9dd6f	ok	0c87834d3aec939747aee6454676395a0b6a1328060a05799bc140070856075f
9a7a85092c0b496e0ddcb900683245340f313f9df87be2da19f0aded4a71a481	ok	351e95a40c3e73ddade4ed044c572f67ff1960c7f633ecb47858c1d975782872
9b1ac847168a79c8dbfd3092c2dcc843591274f0d421a9071a1205fa78317dbf	parse_error	-
9b6226f49d93b76e7c0a9f781bcc3eaf99a964c075342b4dca58d92b4041f815	ok	00d3beff99fc80ca6ef5678cd11cab117f5fbe6d8e9776e6533d82a44a6fd99f
9b8dbf89b3fec28685e8d93945ee0b39f29832a683eb3eb515dc9405c0127df7	ok	d7a0760ec4b68cad9a9d38f7564a38ddf4f0a40254bd050be9628b48208698d8
9b91b16d4ce5d375d94a8e841a4df847e6113713ab9beabd984a9f2ed832a7cb	ok	8756dc835ba2dd4cc57fe8089c34e3b61f3d9a631145810a0757c360a03d0a86
9ba617b577be30ae7a8628276a87aa753790eb57d53c85ed0d8667d06dfb6b46	ok	53d33f009d169beb516fd225342e097c43677f20dd4d5d2d52c7e090d298bee8
9c31ceed82eafa105559a9b3c205dd5be79e2fa69beee313d9a601c3ab92434b	ok	addfd3f8c4ebe84e1d8979980f0c06d4e14c40812d7aa64d88f1b5e689b4f681
9c67ce115ea42332c166b0875cdf13a941dde92b1cb40f65397d09202d00b002	ok	413fa69efcaa5e48af0a124a429ddb1d2ddb9cb6723a0c498527c56323f903f5
9c737bce7ad538ca4e03af7eaf5b20955ae591be1e2e7718749550806b8fbab2	ok	1ad1498efb6b49710dd7fe76d31e7b73521284c880c4d9b9aa649c7e3c3da47e
9cb71e7b7f54d7d8ad4e4d9fb75fda1b2d834161f0058202e4344dab28ac3983	ok	f43946d35e61637c7d0d7e1058f44dab743e38462c1c58a2dabe338feebe6df1
9ce40fbaa5bcb932d8c637a27ccd9d0e2f857ccc54309fa90f0aaf94380a0378	ok	cae5bfa9e00254b529091102e27aca6946b67854c858c23c17d0103f6ff22023
9ce6f6afea749b8818bc35044b37a2a73bc4ae27aabab6a1c7652943699d9522	ok	9200c18f23be87c964df9b0f45aad3f6695d4f5664db483fbac7473d0c70b507
9d4ebb7449b2abd14c9b5fda31cc70525c66211d80ad783ad0dcaecc13e61088	ok	c4a34be32daeadbc062683bcdc81988ad573a93575a2190b1473fd4352bb3377
9d6bc388649b7c26cc06faa94ade7855056262716c7e18c4979dd717cd832818	ok	f14ac5e2bf8b816523751e328d711b8eb9ce37421929a2d1aa30818d8dfbedf5
9d6bf20ec5fe2cd895a06c4812d2bacdbf13fd0ed8ffc4e4d344f020705bdeb0	ok	420c7b5177fe3353fca013284f579115b3104156a7c9e75fcb1977a70af3f08d
9dc893ac3aba9fb9ce244d0d5cb95e3cd4ea6c769825bc8ffaa9d693109e0b92	ok	16b5476e9ff69646d92b5e40bd0788fb0970408a7573af3df325920d6919e76d
9e5b546a5f0d2d917d8df1dfabc80eed41718c5743c03fbc36158e2a36924053	ok	186b904735cef3fde0865fea753e08f6b70eee01ec8487b07f817d11e7a597c4
9e9811b8dba96d146db8759c64011ee29418e34f68baef16b2d84270c344f9a8	ok	4af400d5ed98402b5fb14f895401c0c828b967c22d048cd4b2a4cf687187b28b
9ec7737087fcc4b07465556af8aca67d4a6d6b6f4f03991f24bd0a03130663d9	ok	70c488be9f32e653bf525dc89e1d7f0a3b477dbfee072b01e29e66c935ab19a2
9ee033b5c2129558df4b98a87c902fb0bd433b3b6a233d7d2783e7b015ab088b	ok	356231eb6522302353365d72ce0f5b8bc2d55c1dbf2e9f9a14c2017260ba0427
9ee3d515a053290b7aed8931a97fd148ad5f0e1ffa39ff3ce8e427d94f4a52c9	ok	3dea88f587c6e8a0449e67f90b46aab163dcd89084b51e58e075b7659970e56b
9f30bfe3d88b8ade892202f4aeb9afe070562208cae37ed8eb5ac8d8e0c4a91f	ok	7ff5a14a030bd67e97fe7895d3748c8083076df0f0dc90a84c4fa2df4201063d
9f47b56ee873c429a1fedc097b4923fb2d6cc244a208e296541ef361915c0af0	ok	a683c7827bea8b3e04628ea37d0b3437c570fb32ab2dc4e27a46ed24ecd6ab2d
9fd7c6938b7437ea0ffeeaeffe350335ca72753534b9374ceb7f6771b97ca662	ok	bb0f6aae33a7b00ff306d8d38abe0d4e45e7c00ab73268f6639b04ef116b189d
a03e462665ff19368d9e26095db1832a09083a50a2f214bf9fad47ad52f95a3a	ok	ecea0955dd48193dc8dca66ec01387222d4697ac51914d091d221d0acf2fbede
a06890774d602f28c8bb60bcb2f49a8bcbbefe9e2d9408bd0011fe9b57e7b88a	ok	43e584345d63138e82869d5dbb647418f01796532ceefe99014d111fb55b18e0
a15e542bff5bb3308c10740edbc58adbb7a4f254b897480fc1e243e64267c9f3	ok	9be9b40e39371eefccdeeab85836ee1968511894c738d42d4d96789af7e83618
a195bf9cffe40c4c6f8be045f751be01dcc78db7417209e135a271824c6a554c	parse_error	-
a1aea9e9b05f9d8cb3832672d2884d8ade922fbff837a5cfa9e63da8e260eeb0	ok	a49f79bb826989c37efcc2f6ba7c62405734eb3a4a6942f6d2d5d0032540d72c
a1cb1728e3636183aa4248d1af9901e2dd9df1d6fd057d83d092f51c1ef9a9f5	ok	4f63bd50710b4337ef420b608ea14af4b97ad70b3592b3c92b274da6aad8b5ca
a20a494955b335294fc3345947cde85eb208a280556999422e003f8e357f616b	ok	087dd8408c8d98bc699618acd60e4f9558547b04eebf34208b641006798ddc6e
a253f371ff9ba7bae66eb140fd724d3d889095e8308cdb72f8556dcdd0dfdbca	ok	386d4081db3dc258e7b424845f887fa34a3e7f55cabf3b6be5babba6687b668b
a2c2e143be12a093b37f592c0ae254fea1df6b898d102532e462330d9ba969a3	ok	f2280fbb74eec17b007b9606d5118e91ed44a952c2eb59983c73a0a765ea7eaa
a2edd40722aa558f0a5d5a98dc92d50be1cda1139976e828efbae9ab54dd3efe	ok	8a49a590cf5cd837ac520e625d208168755b30d9183c3bee78cfbee9d710ddc0
a34bfc9136b8421c765bcd0f4467eed2e315506f95e1a1801310fc63c74d3ce1	ok	9bfa4df446987f5b01497960749e4206528ff02fc6ba67b40281b3ee6fd5855b
a3ce4ac086bf31b98a00ab9c1ae30e354138284c92b30b57e25d61690596df59	ok	c10f49d1de03eb009287530ab1556dffbdc8c04743c9db12385929a527bb4bbe
a45e4d87c58b6eadeb16f934b76ddbe7d2ceda8a7d19f4c1c9465fab0f885b17	ok	8ea89c238d577df913c39ef221a3d6133711fc51b0b6bb52a7b80c8f7985fbe8
a4d72203c1b415581a10f2c88b82852fe00177208b07a7d57fb3cfef2a30ff9c	ok	32a8c030e59d593dd39d30f9e9795fed29ae1a59aeb2e9a8dd7b69e9b367516c
a4dd9c4d2d8d9f67dec654c243a6c0dec5905282a8564126589e06c507f2bd97	ok	df93db545e1ed0bacd5d6b42c7921c0e0607d6005926e03dad41e54ea5313f2f
a5249554e29546928044dc987a016b2eb897b35825bb288bd95cc68d7674a7d7	ok	9c929198d90863f6195f3c8906ad716665706bbf34fb5e77704566177889b086
a5eb275877132db2697a6e4e80229aa461acd80dfdaa2520f23825abcc04e3b1	ok	69f2cc1b4ef74df03670c3726fa5732ace36a6dbd955f10c40eb0569c8ab0b2f
a60f77cf74d8a09f30f12646459eec4851fd3154a95df64a34691f9f8300e832	ok	63388c8a4d97d0bb3e1cf68c936ea1ce37e78463e4fe0ee5f694ddd218630f6b
a639e4bbe76280a0625653850f4acb2b3ba8bc400be20e9cc7f71e2861e3504c	ok	45c8855afe20d90d27e3681bbf44b9c932c3716dde3d12d4cab3028d8367cdd3
a666813621ff120a6192b7137d9140a5a6f371cdff898e6679d764a4722ffcfd	ok	ccdc6c737291b0e8ec20cb69a858ba96f7bee33fb4aac24afc29b80f794b3581
a6ad312d4e7be0b51d9294a7ba231a4dc6be1cac5c8a290cc9bb4524f5642939	ok	2f35c8af47a87fdb187df4b2ac66bb4fdffa59f7b390f3ddd583130c71ba5b51
a79a2e19519362c8f5408677ba787d4ecdc3e4fabd76d8a3780a1fd69e76aae5	ok	ea7254afd7f01c727ed69c56f5c34d5253b74a613274b01805b254a4bf28411d
a7b6d7e240506a8a7c48f3048084af3f0ccd1b5aac0062c530a785f6d616e1e3	ok	1ce728c20062986ad3024f722c87471378a29c8a905eb6e72c95d331f18f4bc4
a7c06377b0fcfe284ebf2489ab6ce981d69b4e5f80bacac91ebc41f8e4879c94	ok	006bbb4e3ca18cf52605bb920d0117c4d6a8e9a0afcc67c7f6c8c1b55b389f15
a8582f2cf8478714050601092ca496d728e428350ed376c350659819ceb24c5a	ok	e3f796500fcc2d4682b4666dec8b615a917dcd0f4f021d1fb5c47aea57d91806
a861d65514cba64afb6614babc37da44ce6789eca0ebe574bd062b519fe2987b	ok	0342be852c494d5f1dddc173cf7f58540538cb0fd50c29f0d684137dc3cce377
a8aec2f915ed597d15d3a96e7819179ce159758a2a32df8b05f50ca6a9007325	ok	c4ccefc64865922b4cea8f1d71776512075b6c659a023bf5fd6b8ffc81404567
a8e0483280baa7d7497993320ea437033369fa464ad27bcaead0e1bee0b5d1cb	ok	da845547d3aefb5a7b5d51e3938e04075327b622d111105b99b18242382c55d1
a8f74179372dba0a16ccd261e463be1edbd31894fc26709d028ad46ab9bcb205	ok	3683d5cbef8fffd1165a4b374bb7f7bfdde02e493d70ad5233d3eff8c6ca9dd6
a90adb8a6c1ff64dc1dd799572073b51239f3e63a257323a6aa6968297285740	ok	1413830966e098cec74f3badc5568bf009e32cc6a8fa80fe01fb6283bc010594
a90d1b51657cf6b52094fc4c515c75dd388f634a39773f779f32bd0ac0b07d64	ok	0fee0db8b203d6ffeebc317cd57a7173a324a61b9afd9041ad31de02f61ff1cb
a94cec8f15dc93fc80efcb54acb343ff55dc3c9469f68e31b2eab9567e9fe242	ok	cd6b2e4b6e3d37d881fc9f34d7bd3185a04816c80b796c72cec5691f39e2c33d
aa011ac3d52a5aafd5bb8a79489ae237e6421497faf2560749dea2a31cfe957c	ok	46e2e7c7895aa5c0a68f7d16f756c87798bb32a196f9222e4ecb904df25ba5f1
aa1c73e817945cb9d833f6b035323c16d0d4f28895d3b2343f6f811be8d20385	ok	5689f99c9a71c994fd754c6e0147bbedebea8ca404650d1daebf2d32ce12a65f
aa1ebc3d202bdd3a0ce283a6d6eacf7e791810ed07bf135c3d27c78831f17163	ok	0afa34da76a305ab12d7c05d80cb492a52fa682c6bcb3e5e4562417081aa60ee
aab45660c6ef33e953249a79c7ec7bdcc994219d06a6304174db8ed275821ad8	ok	675ee0ff9b91197f24fd3b8821dea6f3573e06e4063f6d0a40df71e5904e4aa9
aaed2f868c5880dd44662008df40c7685b70531facd62307061ec25f7cca87b4	ok	09f44a9bd37922a6b849c09fb7fc011992f7f415247265271e5d5967b665d7b9
ab45966848c2940c6f2d16a1cd55cb9ecb9523c003e64432bacfad84be0a2242	ok	9f50940a7653c290d582b034b7fa880cc05c5aac3b3e6675b7c1feac658ae7b9
abadd07a4a4badf14967b044f91c925aa44f2a6a78d7c256b296dac2b3fca33f	ok	b083ad3c431fbf782a82325917a8eebbef7b0c6c6601bb8f8b98cf583b83bd03
abb140209b95b10ad84a41c9dbccdcfeb5220e9c8fc9e87bcb2d00af5dd6b953	ok	b0dcfb128624e0f49b9d292dcb0448dbc312f866bcf0797bf08359d79645f9bd
abc428808099f6c2e0eaffc68558cacf806d9e9e95298a6869f9a0ac9852bb53	ok	82f5c0ff089406f4a0ac6044cc45ceb3e9fb03ae53b62bb099b2a46296e603d3
ac0ea983eac44d8770bcb3bcd58da4c10133512ed58a2f451338bed368746ab0	ok	2e04f7446ea62cb5563a89896833d76c5f63b38e879ab59a33609ae4e4408914
ac3b02e086013fa7884058ac73b1b76eb04cd5c15b2bca01965997f682809360	ok	f58f87a07ad340b6ea87ca0f2ce811f878462a6f99ac3429bca390ebc2b4e81c
ac96ec6a846ee60415b5e3b87b1b34bc544f8245c04fbe2c7bf4ca588bb7c610	ok	df7a731464bb08776da7fce1fd7c519b02390b32cfaa46f2f362609f414ecba9
ace1af5bb2d1ac2fd4db7a03e5ae52c972ad0a051881ea6a7a16695986245caf	ok	fe75a441395017b47178502a367b5f23dbea0e813231062f91f69e41735fd489
ad05c40da29ffa11e20fae04317bbd59999e0ea1247345739251cb46a50b6abb	ok	6afcc0979c3c0b1a8fc055bc83d1b22166fe61e5ced7ef1f01365057d3583a50
ad53cee19f8e539d23cc6ad47184969f683555a4bb091d115050109508ae4e3f	ok	3b6034b73aa1f5f144a5920c9b27c89222427eebd6171895a02b27bee9abe092
ad6615641a9dbf6d94931c1fa36687a6781cb8744cf1c9df4b2b5d33061339eb	ok	9c8d099320a24dad8577844fa97a62d0e22844f2e487fb46873ff450c2d1d4cf
ae35b617ae903d4b7a2e7d79d4b6c5305d31b6f6184f9b86deb0275494b60d42	ok	9ccd00eee982dcbc9de739d5fb697b4e91825a0cee1ae75b2d6e4500984c3f4c
aeff66f6965934a944741e3bbd680b49f29d963510af8df7a3527bff6a1a54d1	ok	b90f59da5ef6b9da60d26b6dac94e44e844dc60670728c02c5a6018d039af63f
afbf5f48b68954832a4aa40c5bc72b02d8730a83fae11a0bf82b5122fe78f289	ok	7bace26536a1b770f63cadafe70b3678d79f901ba12affa7ed99ed1cdae2ce53
affd2f6d74d757f8369b7699e10f3aa5e89de7581204c98f342b81aaa175e96f	ok	99a860231a5bbfacf94a39ac7cb453cbbef867fb0134fc73c744224a8196b902
b04b966a4a3b9cd2b9de8d37b8429dac6fed7fd5ec6a8c4f0f8651c34de0ef9a	ok	6c522148cf1ab958905ad75f594f6fbebd670e3e91e69ac0e9ac66c20992038d
b0c846a5040aec4c804e562c2a3988ba2bc86492df90dfdd862e299e14486353	ok	ff7a1fce654e815638f5ba4b4e0433c60433d9af86a49b01a44e93518ea8e1cf
b0cb510c7105b9e0350a92d0a0ec62026da3ec4eb859b5609779fa55093e931f	ok	ea3f2d5805ece7d40290cbf0f814fc214b1062b6ab25c9619d266a8348b091fd
b15dea0e8bb18a1f719fc94c756d876b86250d445070523f4f6da148a30c26e5	parse_error	-
b1c9a1ca19d5b8bdbf56916b0d3fdf06981f63db486a187e8938a65686e2daed	ok	0cc39a206551e8b9edec901c08362f5c72dad994137bbc1610bde0d45711982f
b1fd6ed9d9433cfb3657441449004119cfe67eeef852904e339be1ac9ccde941	ok	551af7a23f7d0dc9cf79bfaa12df9290093865d467bb74211077fbf2d160a154
b21b4f1c8131f67731569b8d17f6bee411c05ddb3394d18ae958ac994bf23ff4	ok	5fb7e1b0351b7c99ec5ebe5635bde6f6847dd438f1131ec78984fa71a7f6f399
b25183c0ce6dfb31b0fcbb94a019b5575dfe3605e7e37d36188a01ce61263b20	ok	ab0b522b2564bed17a354c257d51d0917b1b24417901f9279d9168446eca2bfd
b282cffa937163c26d26d002a8fdd2a391719e5959b22edecbc2ddcede7b0b4d	ok	8f9839a5f376ec3829ff597770badcc2d206039e6e9089ffbea2f2134513c51e
b37bbf2b4396cae3a3ae43780faeb3185f60bf20eb1d929ac23456033f50d518	ok	98730bca00cce88a79cc2c045f1f6c714a46d375bad7bc4644028e7b1e01a4a0
b37e253f6216d8e4a7e4a4ef2207e41371935e592de7d899aeaad0e9955086fe	ok	9d6ac127167e1f5d5e895b03a7c5ffc15d4a01e22c5b0430e10148ac5797565e
b3fa755369b065a136f021489c720effabe2e9c76f72fb080cec83c40ad9c3a7	ok	0de4d5ac95149a6e9229ce71ece827b9a8781f18b841a5a253a1034307fcd776
b5090ffe5becbbf207fb4d994a0a5800429b690b4253974b0e44fd11ed4065fe	ok	cd483d5432f55d3988682054045f07b69947af393751b0a3c29c25746e08b2b7
b5299ccbaddfd9b734df286491d772600a9bfc8bec711e6b4a10efab4838569a	ok	ef166dba8f7cc330d294a32aff28ef23d4a27caf5d3ae2a123d68a7cc02f639e
b6311b5d52220c29aff68957d2150c9114da6d45898863a41fe5520a17b7901d	ok	56a91d0f997bf058ee264082be9c4fb42176015e59463b1de9aacf85a794073b
b67039cc3dc75f0fe1ca578bf4f1d7e6d64ad7bf2a7f11567e85b54a7c2b98ae	ok	2cd6095f1e9e6311fb5bab02d1de29ed025d20632857f9741f66a5550f294aa9
b741f6fe44ab8e5473540d2b222e61b4a7ef31899108c42383d0d32eff7fa9c2	ok	67f988da8160a2dadc4ef3785ebaedfd2e2a3b66633dbbedcc12c7943793154e
b74ea73bde1928e5c4721392c13785019ed4efd4b953409641cb0bb99386b64a	ok	d7bcb4842fa2fa2b3c0ccfafa755c77c3acfa7f054701302a789bbedb3167a76
b80638713913dbdc8bdf832b98130e2e2fe603b5775e3340e15d4add6ccb0505	ok	613f6b089e824c9932a336940d5417b53da2e4585f1691f9c2cd797f9a53ca09
b8184661d5a906895a42f448938d74b971f06f757aed6603d76e0106e750a857	ok	da47de3b47e8d8f63469ee20c49da0df1466685d44d22b8cf3d1d18bbf9ee63f
b8234e812f2205770e64b821f6c6b360aa4f29ed538c7ecb556e3fdd94c0bfee	ok	f0d49e014de586c8d484ed055d3487145c601a7ba06153339c7b5a3ea7d1da67
b8722f5c345636f76c8181ed8a2c3857a3b69172c14a9dd34bc3c52d9aea8cc8	ok	79b884be6e01d469fce729258005378b19416a069afa47a58946c2b94f91c830
b89898ab1b80e6a3534a6a629aca42edfb1de2e0a856de15e4c6025c025342e9	ok	8ccd0d55bb42ad35f758bc922733650b960928622ae14decd264183de13c4836
b94e58c075f50f06d4a107e9079a3b3910dac0cc74b671a1ac55645e2720d89c	ok	ceea60bb387a5813914ab1285836376cc19e5a5c7e2be6dae07e509e80d5b6b1
b9b45cd4a17dfb025a4273038c6f683abaa0b490fe748b7e655d8a99c81adc5b	ok	84b06f66229420db698f736f87eebcf3f20eb5540260dd29d107573e7c9e082e
ba16a92e54c194ff9e2d8f0529f95d94e43cb7e548135b650c4d14824e0b7a21	ok	b7e3f4e00d66b49233bc1f51ed5a2e6e663d19cff50e7aba7be0a0cfdc87288c
ba3c56574abb792663f8df166d1dc5930aa967c0e6ffc992970882e7f4232470	ok	5c512e169a7472a109e62150697ea67efefa274601ec0bad4337139cb6066ad1
ba927f0fcc59aa31029d850b07849404ea4f69cb9bf6e4e2408b811fef01ef18	ok	d642e0eb964e0f3eaf1c5dccd661f830ae6dcb6c018d68680cb105ed695d16a5
bac382d1cb1580cb1ee394a3545a160c3813057dd9faaa8f093012d19a123283	ok	335dc0b1c75cd4b40b9fcdd1cb48a40fd81bd09f1c12a38b154b043d3f03513e
bb43a0a8bef359d1b108c8d74f161acbc6eb9ee23b6acfcfe34411907407084e	ok	d608287ef6d690c0169813fd169937e3bcc2dbf7eea8afc5c6bce291f6974a25
bb59b9a59246715fcb6ac7e564e478f71efaf44a279102eaa4b07550d4c6263a	ok	41f0ddc90adec740551dcaced94713b5cbb88ab6a664cf598bb04e4b7e12cf1f
bb6343d896ab1240e2527ea5e53574757ef9d8cc2f053692c363f0cad11d098d	ok	ec67b0967842097749429c887ad4a042971d335c68bb99e755812879b26923ed
bb7924a9cbe898bc264261aef8c4c1741cacebb5c8cebbcb029fea95765a0e08	ok	eda8b0170396d057037fbe05f0f280943e0b8a1b4cfcaf69306916014f11b008
bbad739dc074781949e9c7173de36d4cf2932639b3d6052773968d6a28be0365	ok	ca1669cc1423b05386f13116e21539c586bb1ddbfd7c95bd07f626203f183065
bc39715432e1aef3dfa0d1f6a3f6206799970be802fbcc0353df65b032661d39	ok	9c71e43985759c07ad74b25fa71de6a994a93e0a83f5eb8b7698f328814ab9c9
bc73f84a8be091d5d4387073316adeb1fad1f8bda6d3520235136a785cec6c13	ok	8994dea77acd9c83bc0ecdde5d5c776ede0a0c6a4c12e17dd52bf830f94ede7f
bd21a5bf74aaa97b641d1be65e694616f720530bd92037f0bfdfc63075e8b7f7	ok	ee4d704a0658f3b9ed9641d456238a254afc9db26044ed2258ac248c719116cc
bdacc36861e63a5f9ada3c4397765cc70656cf484c481b08595f2ab4728ce12c	ok	53c2e6d2bf054acda953cc87a6cb43cce048c441629df208cee2d4d370767c2b
be534e0d6503f7f8c550b3b2a5fc36f3d22496f677a5e63abf49f5914a3b76a4	ok	33ee75fd209f411579138961b81d6d399ebf4bb54afb87e9f28c9dd47afaf019
bf10dfb1e956d58f01b1b646d97214db4264e4fca5a952e6e67f779f235cf197	ok	9bfecafdf79f29a4d88c7988ca6edd2c599b0b64fe90ffad54d10b5e17807721
bf1714162197560c70cc0f6b4a183cb3056c71d6b874d97c102d0677a7e9d469	ok	8bae21b608eff6b348ac3c375a678b9213b1a035d0a6c281242dd81609b46194
bf783cb6172eec3ec72973885705b052a688060a209c30d343d5c6c0efd81ba4	parse_error	-
bf7967431f5e6e3e4f6a71b43396e64b574220a497e1345f62a0f3d89ad616b1	ok	ab0b522b2564bed17a354c257d51d0917b1b24417901f9279d9168446eca2bfd
bf79d691807225f3bdbd3d3b7f00904f393542ff76a9384e9f5b3438e5baf034	ok	b5d05d231c7f0640e1ef9c7a87e28be4fe8af115f435a23a52e4e69058672fcd
bf8a0e23d03ed40e3dda41c64ed5bc7f7e9192b75bda5cc366f5b0d69cfd83a1	ok	53d1a748fb54d0b819938946af57feca6b69cebed73519643e098074e460a54b
c07daa438bda19f0f0d0c373b0e8953d0ae851bf7a3d53ef1fc2553bc4545c93	ok	a076c6b58bc8dda454cbf1ea600dca079d0ea05c5298bc37d00d9e1537181fdd
c0991220ced98d4a21ad9bd368859b4418e2c305e5978c18ab107ec195771822	ok	6ea5927d3a10a18422a6e04a484b6cd6d34713ef478868bd562ca1e82f16ecb3
c0e3481aa9381048491c9dd97c1cfc970cffb634ce0bfcd3b5b0058f43826577	ok	2ae41dbdf5972cc9b345d1627c6a81ebad03e207517229238d8342a8dbe3c4aa
c1a87d937cdf97b4eea39680d07ca0e64e02eca201f2b93d9d01dd9b9f46e7fb	ok	228350353e5050f77ce052692b957aad726c57ca480c7988eb032bec085ca5a6
c1b09014bb2f40c47bdc7b167a73992f603c32a055014954e2578f2a03365105	ok	7a1f19f7856c75d265152c6f5448dd5cb2543f5bd071852e0a89b2a76a092d5d
c1b91ffd0c3e95f516102638601101053b9526309cc00599a2a83c303030cfb2	ok	4f0bfa5ae32b35979c880e6385a84ebb7c9cdbf9c3523f3fa0ad0e51b02bb598
c209dc25d59a417fff534019a736c873c0a51977a4447a6fb60f88779a74d503	ok	b1a778c99bfaeae454efd2aa7bc4a6ce82d097f77004a3ae7a02e173c772a6df
c25373dbea82d0c5999390372809cf26433d5edd7af98d4241cf1067fcc21dc1	ok	b76aff691ec4e1c21208d105d3b332b59f91b0ed4b5b5cd0eca59b07b70f357d
c29234f2fef4dc50a8d3ddb66a83e9c921414c5601890b02395b762028cfbd95	ok	aaa586a4d87c11017730884005c3bc6a443ad96bee7af59e49354013b65dfa32
c358e09aff27bd1aab150c74dec44907a6bc2eb390626d957204d3a71252f296	ok	04a765bf4fb04c9c85e1420d9c6fabe80315e32380f3a437bec74e00bfdf3c1a
c36fbc93d5034c708404e15b7b6b5f589420d6ab17edae461da37adb08e1c5d5	ok	376c24d1326975b8f7c13df135ee34aea7a3b3d0e212cf120296dcd50afc0f0e
c41759e692bbd9ef683ad38ceeb3b6f59ee86b9e83de0fd6cf975c122aab8ea1	ok	f35238eab2f78cdc983d4e2730a600b44de14bc5318d075f635114ae6565e80d
c49612b3b8f0d92be566a5f24edf24f6aa9d4eead0748fe0826ade7bbd65c09b	ok	f2de8e6c3ecf146c170e3b1de0abb8483a16b9f17f578155bcc6d1200963d0bc
c51284d7eda5f794afd6c0223b3b764ab7e4ed85cfc6bc992901e9a17ec30e4f	ok	ae9856624529ea2a71262956cd0dac839246c6ade775773b478696d9b3705d2f
c55a6cd321969586dcd518519389e908c2be5ea08e50a2ed5f64f120a2bf0a4f	ok	4edd57289e2e4bd24cb04798b9d3fcddcc347091ca2146632f575672fbc043ad
c55d3733d3e215bd456b8c8977dca3270fcdc32693f21e3a31e6434e82390784	ok	fc29b8d26aefa8ae94f16fd11dae2bec03b427318b8c1c960f9662384a6d618a
c5e73e279cd5da8bed9b05a1aa2245a9c743ee38e970ffc9ee3d93b4351bf8bb	ok	cd3d5d93430afad62efb203448dc8418cf68603aacc5aaa3f9e96addccba5e8a
c5f62e647495e2ff7e71e4811d57bf5e7ef4ed9cfacebac7ded943253d761301	ok	428e9a3caa8821312524eb73c55c618d997b702c39c3cb81f11c56fe3a575e50
c6f4b33481afe38bd706a80cbc3dabd8ba5bcb9fc28f78dcda1db6c98bf4728c	ok	4257e54703f6b59e49c7d6df75e2fa26535a73d5bc2140371cb3df3959ed4e22
c7152a90fc03cf942e48139b0d70476b1c97c899515b682abadd7bb9e33157ab	ok	2ce1fb971a251d1999d7e0168563066abccf6a11990879952f363b9a3aa256a4
c83fe9a224e8af17ec83a0bd8e71395a5f94bf6d7db32a92753f1c254a13e9d9	ok	053db47830b9e6374a57b2cc12e26dae9aaa39494c24b699e4ff1246846845c7
c84691a604c65361e6e2c95be73add6df19f41acc82c5bc1982cfcb9270d73ff	ok	75502b4a5086c4446ca53deda49396b9ac4b54d4c32ae8fcb5ed79b9dada7b27
c8c0a86f9e05ec1ca5d37eaceef062e77739f7ec0b9673d68cd3eb7c2a87d8ac	ok	43702b6d1e07e384fddc59ab77c55538afc57f4eff46ad1b830052128c5b3075
c8ec952feb0d4808bf0f61b1759bd021c17e8a04abf95a73954c1ceee9a57ea5	ok	24965d07aea5e110ced6a6e7eb2df43b519ead5d2044e02a60f65139d65c36c6
c8f7942f6ceb61b0677695b50f0f97a458a24f3a7bb7c7ee54ccf9e3d8fbecc9	ok	98954b04e60dce786903fd93bccf48df6a7f7ae1e1c60c3778119ad27a26f0b6
ca63ad77ff8050bf905e0662d3e75d5ea6f4731811e79a4e9a39e5bd1095922b	ok	673191bbae33fbb20fdecd42aafc7db71abc32f0ada758d2ff810d41dd40aed9
cb385c44953a34b12f023201594eb9bde58e651a2bc6ae94bcd24df380364341	ok	e9f57e951142369f3ef29c3a8ba612b02c7b9ec7421f4a9e22b4b8a2c1b95f6d
cc50c4e559c197a3bb19f252ab31cb8cc05c43e3a660896b83828f8110ea14ab	ok	b7fbc88945c42a66fea119961c45d846279950769f6c492497a636b688db77a6
cc746f992c46eaf5f0b75c4e2ab5e7e17c7d224122f79bcad426331ff20ce08a	ok	a9bd810626ee1e1ba01c38d4a1e88a79318eb22eb0fe4e7a7b31bddbd05ac83e
cca6d377dcd4e08f49f9d2342927e36ef22fe38d8f030894eea745f6c394fcbf	ok	60a4c8149242b9db263c6425cf41eee7b5112f6157dacc296891414a0b353515
ccb71cc2faac73eef31503b045896b25d51a3c39a44655b3b032179fd04fce8e	ok	fbc93e696518d52b1f5fe150e37cd63a911d89b3b7c3a3e0a2e87e286ec8f2b3
cd37cfb13f343bba402c23f582fb62e39c6d77a29c9bbceade83f41c6dbbfda4	ok	0c7700c6988b3138d45d2a425bc52c62b0d9ca56d2e1b684c989949cc373e57c
cd37f8c361ad0e20cf3f803dd2139b18404fd1f19127307451885aae4017796a	ok	f3b213cd28fbe5d50d1b5efc0bbd1f6bf07b4c5567cba3c12f826389fe236f57
cd5169fa07df4b152f324178db91ef69c60efbb7c9ae0bae9a127a489a69ede4	ok	8f27717c72ac241af498932aebe9ab4a7eba73aa1eb526dc81ee9bb6836f9245
cd92979164f3254228f2b0dedae9726ccf9a676c76995e28a4eb39831c2230b6	ok	460a85d683cd487dfa8fd1ce0cf28d249701a10af42936bb89da97cc533d7195
ce3b25c7782d5c3f319cf475b05083be098b61f59031589ac0f92d969ee0eb64	ok	cdabecf06241f08ab04ec44878e0fd4992fb8e7a0b0bdfe59b4c8c387a07420b
cea241fb183f334147b465868e77a630e283bcf6657d2c1d0e9a7f18d4173d51	ok	d993347186758d7d50d2ab675ca09f30e06e2ceea7ab79059c32da221e25c119
ceef33561193629f04529a7e00284e17f6915c4f5c204f7f368b3e5e73001786	ok	e73e26db5d296dd5e32c9fd429ef2022652f1f99f14ca96f50f2637cd5855a67
ceff14368e0619e261c67c6d296bddb2b6e2fbdd358f23eb99c17b7ec2cf6bc0	ok	31378ca6d3473d2f890488b90ff087866316320ab8aa2781d157fef555320d26
cf09843dbee29515ee422488ab5d30c2a979955c4e81b26ae203edae027852f4	ok	7b049e429141c9accbd37e5b0af0365e4532979bce1c2e0cda278c61e1020e18
cf2dead1f931980394580c9c79ae4e6bbcc6badbf04be5f53d4a03ebc45bf9cb	ok	207c7be005a022bb7d316eb5a38a66e309d15565b63c768ccb5b89dc403f045f
cfb82088b79a021482f66c7e09f3eefb2d6a11e559439f308ce3d0206edccdd3	ok	6fa6ae07078952fea912efc195f880f24a191c622b67e2bd8f656f1979af8878
cfbea61dad32368b03ee6a364c80b3dfc36b7e9043d1de8db8f2f5814ba1516a	ok	7112aee3fe262a6d31a107ebca0449e3f29b9bc1d2bd81b303983cc92b51d516
cfdd4aafc914fa730a44eb61f6ae9d0ab515f2b42722fa1013d9ca7b68536522	ok	d345b17226c9ee0a46202ac17f5e1faa6c611c32247389e1d45e7ee78636c806
d08fd93dab2778eca2ca5a30c4fa365bc62ea4e35b006180e5c20d7b26b43ea2	ok	45af6946d86b70830ce1b02ef01b46ac367e031f0207359f12562d1bc93eb751
d0fec0ec97d9fa6b4da8f41edeb71100921d05a0afeaf323e55e732512a1ae4a	ok	96bfb3ad65a4bd573adf47ad75ef0b311f5f1fd919d22b873e74510542a2f3a0
d128fdc3e5fe550bd23937c461ec3765789a3d0695d6ca74acb68a1f88316bf3	ok	cf69a069dfa7c0676484e91ae6141c532ad147559ed96e53c87aad58811c88c8
d139c93c00895d1ba49c3ad0670fea5f65d25d8f6d9e6cc0b5059922508ee9b4	ok	95bbe5ec0121bd8701047c0d180c8c0b25ce922093499d98f57598266c71d3ff
d1794899373bbc849081b013839d0b098b45639417ab168ffc93988c63aae6bc	ok	f1b7de5845f77a3192fdb201f5b6166ab61bd6c2608890f60fcfd72ee0dfeab1
d1beabec7b08fe10b676c53d0f312c9abab0b9f891c52253daf08440eff04565	ok	a3262c9e6d882e56753121575dcd247db967ab0b1eb8b594be884b8318576fb0
d1da8679322771dcb7f643b408fc921f7a67b1a41bdbe4b7beb0fa80c8ce46da	ok	9cb1f57cdf4bbc061c94278d4557d924a59455b4986433e318f6b14b334adb19
d208a4234bde730f758d91c782ab9d73f656914f01bc0a4b40c77687624e8bb9	ok	dded68d043dda96664770bd310448b75f1b9b729c6636bca1afc3037d7c5d834
d267977a8521cd87e2f2e949199d6198e384ec6697524886a94f8798f4ef6078	ok	40d22df5f5faf4cee45e33292a279411ca8b744a4ec6e078cdddb2e105d8e213
d27745da790f3c1db38d9c8279c52be41f03b63fa8e7159d7da107897d203058	ok	e2b6033552931791603a78905a1400af3f02f6efda7319f667d552ca661a4155
d2cb136db5d19f47a07c30b8cdfd88656065383825f3f9b0084ccb89bc7d6b9c	ok	6914f69db8c423e322dbea6d1014f38c4ac8db042a2d0aaeef145748abdd4bc2
d2e4e3c10505d3bc66c61a6a2b090a5b7e591c4f0465355edad0bd1f2efdabc4	ok	88da64b836cd5b6a13fbb50efd59ca83275b1eccfa493decb80e7d113036c74a
d34050e680f3ca7f00fbb84ac483a18723aa5b51bd31b7b8395380e121590bf5	ok	1dfff4f1c9eddb114f6797056d225e5521765e23e3b5a537493b2d1713cf03fb
d347ff1ad59a6dc02a024e7971b75781fb75a218057707cad3a65f647bb76680	ok	5c60e1864e0e3ce1e537f7a1b6ce1fdcee65d7629bf5f375b4465b9edd047ebe
d3afc2b40610bc5ea8fa918e46bccebefccc1fc5a6418f10606fad8b335aed7b	ok	094ced63f88eff247ca10c174387fb2ed01f11dde3dc70f15e147a0940be6a0c
d3afdfee2fef025c641918330ce3f870462f729ea7c0157989b55935015180db	ok	f1fdd26bb8a454809864073de86c0e1472da49dab997df11dc23e53b7b010807
d43a7fde81743a66f43820aac50b697e0b58b8fa5879d9fdca66c6b9683bebf8	ok	ca325c58276af32220dbf3aad4f6ace77560a9ed5fd5f47ea0c98bcfaad23f7f
d4911f56dff81d52127a944a4443c573466356d9e69150d61b3def58a11ea5f0	ok	28d76ab852d04590ce3bde83cbc56ad02df14835ae84301523104dd6c0c0d865
d4a1b5e33b0a191614c871253a5da30ab28c028a84a0d0e3080c19664adf9fbd	ok	be9c9375d5212520f07d14b200c4912eaacd0d26560e97511a67027f116ca6e7
d4bb76ef1d4ca4f14c6d604a413861f225f00544d3c37e061aa5880bff36583f	ok	fcea6f9499d43a55c7178b353f5e6d123e674f7dbe360c1c55ba4e5204cc3b1f
d544a1659ccb17e3d4e80546ab2f884a5f8de3fbf0a4a334ab865ddafd94e82b	ok	99b125cc4385d28492440d1d67e353996736abe631c84b24e5796035e0e22adb
d5c71d6c6a9aac97609c02ddb6df7d9ca7b25b75c78b6e37656d5dc8ae8ff621	ok	7d0d460d15856a02ddf277b0cf52bbec13d7e0fd4466a1fa9922443b6ba79e8a
d5e2d5e77a7895e86debb9575ebade920bff16870791045b43bed246b87b329d	ok	3235a9d113b735f579bb562bf54605c9757ac0553b826954868e5d7d1649edaa
d604e59f8107aa3aec487bd9e0db7b8f7f3575f1a2081e3df80dc9c2e2c29527	ok	601f3d146d063bc7bff1dcf7922af33457ab444f53898494b13a9875a5b37c9e
d60a8f35f27d6d6389b7eb051cd23ac73b65330c2f889edcb40e60ffbb736e77	ok	88dbffe3bd9394d914c7ceac833715ba270d144c7653ee22e855639d9a3c2f8a
d6358d0c634bc54ba6abb4588cf9545f5aef3ee039d18698ef62e9be9e0ebb79	parse_error	-
d670878a43abe02b736b83cbc45cfd7bd460ca8952b4968da557441b22f1bc88	ok	35eede1a4a09ed06c99a485d5734d24f3dfbb60949c62673bfc77f5e146fc870
d69fa63281a865e87d79e943fd870e873ee38902b5360806a6d78808445f27a9	ok	5a870ea3ed0713137c991b04e382e70b1b1fedc46554aaf0d1145c842cf46e50
d6c913a64115931c731b5df7530d78ab49dce9ffc11883035d3cc1393db79783	ok	921279e4528fdb88d65514c5441d0f0034f92e57fe337568f25ea04c9ad2e6a8
d766f9bffc6680ae376aa460033fc5e7397060b4fdd0483b8dbc938aed74fcc4	ok	e1413163ee638d7d3d51cb765d5a8208bfd3ea922c82c1af721cade2c3756f02
d76ba10bacc727573833e2c29454872aac538f25598d7fa5bd177152db061989	ok	1a071ab1fd14c97663984be6e7c2ce03bc183316250f230d306ea0e6bc625e15
d7cdcf8aead08ff09a916284dad882df46b2a7e11f1edf72d9b58eada7f27dc6	ok	9ea0f982877e914166cc44b8ef10554281c89f7a0eb9a47396099db4ed906c6b
d83b866e26a920d926b1ce53dc094bedf30f36fcea601a0296b2784f5ffcf6ec	ok	ce523f56857699022316036ca8d154e16aa4be443d15779fa1202f5419da471d
d8fbc3280114087144cf84c94a02aee634d10db2a741f4dd590273d298893fc0	ok	1569e596fe7aed9be1063329f12ed2e4c3bd36fb3345b716a3fd101dfcea7b93
d902e1703364e47157b0b693b62f1eb6360266331790d2b1c76eeb72f4d8d793	ok	1f4757696ea4ca22b4794ffc303e7c9d30038a62db25e77d9fcc07e341f38c15
d917bc118cdbffa5ae90de3f2fdc415dce9bdbc78bbc46e362e78d452885e3c1	ok	a398a01b8c52fbbf5d1ff29057b7956bd9cebe1d20b0a5f03ba59ef67707b4d7
d92d589b5ebccf851f8d3a73713ccd2816ea7f310e32877cb80386e9d49f4a7d	ok	a54424999555f2572bbb7fcdb3adbf38f6f6e63bbd02942201a070f2a0e5bfcb
d9f61b1393924bb72b3790aab4722a2527f9b2f9356ed7e681f019fe32f4601d	ok	47adcb4a7a77816f28f7666e67672fd33e42690704397a49286617bb49bdfa94
da257a1d15ad86ac48aec5e726d7046a54b80c59cccfdee4c4ef8b738a342117	ok	a12409f10a4db96e617f77c366661abc1a12fa2ba7d8e16d2ff2cdc4feb07a18
dacda427fbc06adf7e4cd0a023eaf63edc03f342535f28d3cadb976703ffe2fd	ok	5824a0ed4ca91796bf97440fb76052926da64eccf7a5655ea626cd6eb22abc8c
db0609fc79179840a0658db823235c3e20c80c7d9e9e8f7600d962beb583022a	ok	ffdf4d8145f010a20a8c38e6726909c275041d3a315e2644bbda49b47856c733
db0bfc688727b93a88c4444eda8798f6ec3ceea6028bab8a60e6544ca127ebb8	ok	d137b70d79b26b26224c8e06d6f23125b33993dfcfdf7bae19237be65ba75d69
db692a854a5681860ede339a43277adca33ff4224fd145a84b9a9ec998904fb4	ok	f1f47de449a64e4b3ac13ab2f98d7f5b3fcbc43f81160361e82c0e32212f46ff
dbafb7c5f050c523cf4cae1a9f3dad54a0246e1d358a8bb2c8e7e352177037a3	ok	7117edc4364333a7dcbd9fa1bee36132a327b857a76a8f353f7de0daa7cc3b87
dbc94c094ad977ac8836820e408024319efce02ec9f9b7d82e1a1d91957feaf6	ok	bf98085c19521d2f0f46a063c56fefb044cdf2ce30160214f675a7e1039cc873
dc0b437c059b076c3c9fce0259caf37755f4eefb4593b1185c2b2795e01f6c4f	ok	dfb003c9e469f623118740ef61437edddecc815b1e0298ee47b52a1be0816d03
dc641e07e25a547e338d96de79599fe92c001c185f1c6350556eba71bdea06f1	ok	dfa1d2f6149d53d4ae091600edab12f19d34e7807dd48eac2d703ce3fee995ed
dcbe97442692e0ad3bef280cf961e9d3e31dd235efe204f270bc41b9e8e0072a	ok	6c19f55472aeecd8fc67d006e5ce29f27a51b184bd425702bd55c584357044c5
dccdb27e68e19319bdf58ccf1429b863d16f25603123f8833cd6defe4b64d7a2	ok	1ef466ffb8e1fb37c920447822a914ce5eff5fc9d63c1db8a4adccc4906261e3
dcdc78554b5d0acfbf6b7de925b5669bbe0520bbf3cd2abf05a8e7f5d5f49d71	ok	22c2dd2fea72a91bd022989e3b30cb79ec5295340974cdeafad9518535e40ffe
dd1e5546406418cdf49c4872c8d8076be0f8728074916440f18c77d0e069d635	ok	7f338d161a0e549d8f14a4298295ad18586e36253d7db82edfcaeb24ad8a3f52
dd1edd576351037683617ae8a86bad4ec9d37154a51017d4f974f98428a81b6d	ok	3e5221bd601256f6e85e7d68ba10c339c5364491d1a660c1478d3c531ae6d1f6
dd95e0c9d9c66ad8c428d9e4c51f019a9d41d5cd59536920674ea28001bbc18b	ok	9bd1a03eee8f7feda8ae3715b8deb65f3a04691e9d8c21e4b8bd30d757a79f8c
ddba4a22bac3553158045eef03581edba240a6d2fef36d489e4c30bd5c060f44	ok	56609f292f48448fb0b34462b5865499a164e606b5f84caa5ff50f3443043e45
def1468afe8ffb1f0aa62fc1120af578bc970ca96a42ef5e88036b9d8dafb4cb	parse_error	-
df09e450cf9622dc7df77ee2cedfccebc301de97b9aaf976f993ff34323dd4ce	ok	8908c17512b16d55659dac92ca25284b99c43d57f5873322f8787cf6b1965630
df26414f8fd7007168824b73018390838938516d85e5a7fa375095bd415d4720	ok	e4086cd9e1c80b863c9cd30ecb3bbaa05d7f6cf96485c6eacd8a4b28f48d2d35
df451bd7be0f3e0c4efd774da10cbd26644570d31351e5c24fe12d3e4d0943e9	ok	87ce9c56a2d71cf8733bd2dd43f0164d78f384648e386351709a0009115e0dc9
df6fe3efaf60119c025a0b1e17916bde98bbafbd28d833cfa9db98057bcfa55d	ok	b6d4441640638915a41c4b633614a5e1ef3ec8aee13a5e02b3dac81325a258a1
df870340486b9811f29cb2816a751fb1bc5960af204eea63427a84c2570c8779	ok	fa015e757b6cfd6d956de914d4e0d01594ad0a06bd4ffa4b9a9b8fa6946667b4
df948ac3e019a62270e5637391b43aeef51c0ce6499359cfc9dbe7096c5263d2	ok	9638c1c95eeafd767580fad96285413f1d265c216fc13c937f27a54dcdfd36cd
dfa09f589068b7170c2f83959ae546074f7b0151609c52ee36e7c814c60e5ebe	ok	42cae656efe12e8d020194d4b76715de48e8a2837c86070a8c27a6188da46411
dfcd4e114d7caa86914ea0d32b9ff62cc3cbc37fcd085b03b3738a745502378d	ok	945fa121b4378b4f8efc334e996331a03c278ca0b01fb4c559e0a4940587dd33
dfd7b21205c09e57b6230f4a2d69b67e2f3babc569a3e3b4a19a82998776d4d7	ok	ff346f6a6fcdf7933371a053df6b1a4ee2d112fb2428b3624ed043b43b13b3c7
e05754fb1ddbf3e0284e436ff5b52f5e8d60fbf3dabab8d96d1b0d4baee61c75	ok	d80787865e9f03e2033206d080ec25386cbe845725aa7e76f8e286cd837121ee
e06ded17568caf68eb9a325a237f708ec687c4871613b448aa84cead8e60c7bd	ok	f75f694fd99cf20499deb95867c69b63ba776c470fe63aac5ca6b556dbfc327c
e0ab63bdc7d7a8db070470d304642cc5a3cac2002342eeeab8da2d6c7488c39b	ok	c59974f649d1c8cb5a439b9e12ff6c28acdc7d3edaec6b366e0584cd9c8226b0
e125d872a4b602066feabc0f0115c57e7a769c06b302303c90706b1470aff87d	parse_error	-
e1dbe8cf4ac8033fca44edc8c78b208a09c80b1db2e552d1c2c5144c038dd0d4	ok	eb1d110b7813b55fb0957100ac764623f38de8b591321fc6d0a8f87afa4116d8
e1ec440fa9ba0b6976b0f4f88e40e0155eda8f7f3b4bbf5708dc3662b9dc99e2	ok	f4a3d459795ddcd55f0729befc909648330bc1997e02361509abb868ee7c86dc
e23dc595efa87c981a2add5e0146c604da088ab0e3801304d517f426cd0d9c1c	parse_error	-
e242f0ad9d3e738bd3b2690e269f20abe604e4004ea481059b8888a379747232	ok	1f4cf89e4cfa69ae537ecd9703ee5fe62c37755622a9a34af6934573ea2542a6
e2562628142ad29de1c0a460c4efedce593adc8be80644facff2aebac1001cd8	ok	b30a9dfaae792fb571673119935b26968b5c6aaef685d676e193415c2a4171f1
e26a414809024f3b11187081f091498d450d2a7624dc120f36c3a17f3df05149	ok	04e64c2d3bb3c7a21472e2de6af1aa8aba40739e32898fd4465a5635aed188b2
e288cd08413e788bcffc6e960c0d47497c8712f0820a0ad305844c1bf901c528	ok	a3dc132600abd107b4c48eeaa416363e63c4feb6ffa56188a4d1f6b749565067
e2b4602dafe2f07105887b636bc8925738ee30922f6b7fb430af9f4282b88b7b	ok	79ca907340ac974c3ec524f01df677228f34f9e600c89be9d5d9ea1fe64cac5c
e2c2327d60cbc355fb983e310b3de719d1f12ede098ab86282b196ef55fa4e88	ok	9ff144a9567a46b1a4b5762d678c7cf2b699aae67fa58ebceac267dc39f960c8
e35c7227be3441723fe731aad297d6ca5d14b40d3e5b09da27c01a63c37e27f3	ok	96d88e4c78a3303e5d8a06dfb26353561f59d446fb4cc9e21a645c4ec137ef88
e3f3d8d990d773dade237e071b682759299a052a92283a53122db2527027db65	ok	149acf4c54fed82e70749e49bea292d64eb60d970a0bf9bdb90ee99295e6c7ea
e48bfaf921dbfb4260850cb0dc4070c119b76c24f4ea2519a101aa58da226912	ok	16f2ba963d508d2b73d27f5baf8b240a1661f20cbccfe0baf8ca2b2c83a58f76
e500784891ad7f3363c2841403159b4eeb2eda97d39f2f85ae032a68960f9229	ok	962a3bf8831ddde4774d704943d318826de5cca5a68aba25c125481d57a67eeb
e51a8cefabe05723c64b67e617f2829765a9f389a25a79bb30f87df145acfcc3	ok	4bddd706ee8ba6b0e182f566ec24f040626a4a6db720162a1ed0464b1d78e866
e5315e5da646aab2386ebd0f637fa48982ba639996f2ea8cc37cd087aa66d8f1	ok	9cbd7a5e94eebde19f89a592b6d3d83cf8cd2f4255e37753d5c725f9455a710e
e5a018c879cab288d1d78fb24a1c24c58808cbf88c4ea2eb2f4761211ca13a8b	ok	c8b5171372ba96619f2573f506c96bc032783fa4462c5f863a2232a2e467b9b0
e62a8166f0c765a0fe00c57a59659033d8fd9a9b43153b3846500b379cf0f6b2	ok	8ed0d909c65ea562200444867669e7c24655b4afdbd955f60f3f2480fcbd9d6a
e75bd7e45f35df5e1052a5f85575cd5f743851a2ae0a92148c19fb356bf2174c	ok	b917392364f39654e4330a5526d32df514a9718379392516a2c40c2cd544b15c
e84e8327b3a2363939207a4accc71b75c4532c946a9773a53659101c9b65bad9	ok	c2cc509e3cb1b3a51fb6eed7c44fd3cb7c415486d32355a46007c767f6a7d37b
e87f8b0695ca18bcaf6714628fb340d5f066f37eec7f7b603a555b2481a41025	ok	97f2c491682746315a0738aa03dc0e8a3a984471e5974497863fb04003b2330a
e88e272426090af444e095282ec1c1cb26638220fdb348b91c5538e503640d09	ok	2083be39599fdd98b0d1bfa7bd9be89594a0b04c78f4baa8aaa9582b5a989dac
e8cfee5bfc94331fb2779e81086d71092c16181457ee4fa6dc2d81e415dce0f3	ok	d1206232b1da7d4ded02191a85d7bf6460a1116895919e11a8a87f0683c044c3
e8fe8cb0ae99313ed03d5ac3bec9199c47b550940076aef0c2a66afb2a3ccbc6	ok	5c211715301fe35e803efa69d52600feaae1e809329f073d5d4530fd7928f211
e9188ace486ce17709a3563138f5f8d09b78922f7b057693c58a368136bbd3ff	ok	e5402eb522e8d4f85ae13a1bc55b725176787b92a0a6b5ae441b9494b93effb8
e947b456fcfcf4386e2aae4833aef82e3e82e67109320234a4ff012223f7f2ce	ok	a3a5c9b39c22f2d7ed4863d9179d9c63c22e3d8230cf8d486e984917aba9a403
ea0789f7bebfb52712e9cf033bfadbb5ae0d23093474e51222727cdbc1dda604	ok	70c14ee58b0cede8b9eb6b1fb274bed64c1d6aafabf13e34b4d59830763127c0
ea639412f8edbc884ca95b99550918dd82398d1acebf960c28296692b5c9ca30	ok	7932cdccf32552e348a74152d192e6962a4574b5a9fb93493b078c351e4e941c
ea9d97d48467deff1e57beb6af04168bfe2fb4e79e61fd1f4affa8e60388189f	ok	8ce39a2e163304d210a903fde6a6b26f4f5183a7ee932bbd43cf853e99ef0a43
eab0ae74099e858d6c1281d396818ab40fab9fb9726a1f23b250743e670857c2	ok	3d40aa65471a026657607b0ee1368086775840910a2a0db399a70b620796f341
ead5e22f29851a07f5497d410ebea681442494fa961527f23132c27d7bbe4092	ok	9849c7f268b1d96b2831455f1a8f3a6d49a08965e8534c966d9021e75b8012c2
eb00335ddde0e693b3448e2071bd81951cffd5bf4dace677f5d716da475cce75	ok	f7beeccb26580d0d5ba60ae563bf94387c7cc29d3224d28e96e7bcb302407d87
eb609d257bb14d2db0a79c1d5e065874b5b1ef7a1580876d3939281446ee932e	ok	83efa49fd2e2961fe2a1dc73668937b42a9dc1d638606a2fdbc7a562e57a71b6
ebafd25bf541493bc2e151d186b6ca8c05499a4f76c59b7d9aed631deaee45b9	ok	bb3929ef3cfa3713f81a860efc8221a6708725e42231590a66c3626e9a31c563
ebebcc1b456e4cff2e30ed165b59c1f1928fd962b9edf829914894d8a9d5fbe4	ok	a20db48d794fb5d02990b8d319f395478b9d92adb3d328226f686f8afae8b620
ec7b959b51582f44e1ac5f39af46be4dfbe16c15fd849cccc96d02bd3da9b589	ok	6c522148cf1ab958905ad75f594f6fbebd670e3e91e69ac0e9ac66c20992038d
ecc3005c0222ef709035b175b48c4052b1093dd9afe92ce9d469a40d3aab94cf	ok	c227a342b09f7046de1b1ce7a2ed8cf24a866345ddb814199049ae756c02a900
eccc2536f572949398eeecf505085c286158287892fa484c3553fba71c7e8047	ok	059d726077e66de923de67bdc7e6474f4272622a823c21493913ac4c1f726cba
ede71d260a1e10a355a616149ab2cb90d7bfbc3ad33663d9745e051a87f42ade	ok	68f23d925686a38491061d84a72ffe5db3d9df34cb938e11f9f90c410164f480
ee8253265400b49efd546efe541266a392702a27f46b2e1396b7b03222e120aa	ok	3f0ac54660de8a0753b45ebc5b0d64695b4dd25314b7f9ba1b994f1e7e5b1fbc
eef5a4004685494f35fb4dddeb32a57c1d982d787221c1472e067f1c2821191c	ok	7e3839c3c0af299877b7985d5c58b9db6cd0a4da0d388e65e4378c6df7ab4ced
ef0fccd1a2d7f5afb107970300ed33a583d670fe95f79dec4a29899de81aa1ad	ok	994a2a0b1c701e32a387e69dc143abce17aa0fb6e2af8bf893c3f425d8ec2154
ef40dd5adf366767acbdd4d2624bd5cdb037f5fc5c9b87f42d5fb116bb022176	ok	f7e1f03f439769ab02e5db62f8d5c60d0d0f5cec5967b39106ceae1c7c010900
f01bd119e0dbe61d0ddcf8bf434145c8bacc042d3ee61e51fd1bbaa14ab966a0	ok	98c246eb14a5791a3f91e90cd9dcf898de8b328ad1d853b91eb0d70ecf6c9b62
f0bd99936e01e74b42943fd972bccb0ca2c6d88c1499b03008780710d786f6f5	ok	045a38873fb25c6deffd511cf48c037beddf3893ad9e93e3ea90425ab185cdfa
f0c3279792c486e5c9a43c87b23127e68feb5f58b0676ce3e0a72ed6d0fb7177	ok	21c9679bc713ff645b215843d3bd383108d0d94ca1df84c4a902de8332846ac2
f0f35fbe29d6e112bff4ba1d789f7dd9305451f939aff82de92011eaa639e12c	parse_error	-
f11dde1a3d04562ce646f24301f45d57e111a3c2e52a843c3d13865e9d21553b	ok	5c7f29c82aa6da85c96dd4e71b43734f8fd273940bf0060a550f10658dd275be
f13bb24e43b1469cb3aad21c69fccaa36ad9d9f829b25c9dc13b054267f5c23e	ok	d78f6d1b316436cdac4619ad2fad74d223e822bcdbc09c28ce15e71c7cc31668
f1e57648cf4348a7bfe18200317d7dd27c3260a35c9d43a7551ff87531769279	ok	6275e7ed67f46453153d7baf618435b13eb8985c9e40cc659c907daeb4a5ddb0
f203c8e640e33ce73c7d41dfcc05ee7040e157679b6df1020e316fb30ed5bf4c	ok	10ccb309eaabcefa3686a1f896916a840670284eb34e4d8a428cd7707a5379e6
f21cc65b2057257aba948bd7b164ffd504b74a48779406acaf090d569f7e640a	ok	9b66d6e678f790fdda4dcaa502393c4a55c19372837b5f0d7703314c31429759
f2631c475a3687b2338f2673884277fbce7c208a7ecdf39d584103e55a009b99	ok	842bb0fb1d3107242d82b4967aa051d59f2fd923eeed6a0f972f50c7d723f2b5
f26fc7dcf4391910e7a5a7cf0fad04b16119c19e8a8b3998ff0818a14a190662	ok	9e2dea7bf761fafe401e682fe140e93ca81b06b8e1abd606a7ab48dce8dc3999
f2943f257a1cf45057869e3c73ed319a0ddfd704b6c5ed442d81621b7747919c	ok	6deafc60ed8f8aa486258f0bcdd86169dcd1a5872a272fa2e7e433cc51003bf4
f2d9e4cae4ebd2e9cdf8dc37143789bfedbb01e2350dbf5dc385da89f634bee1	ok	e2bc106a11657bd1fdb3928e8baf495a9a50af6786e56cec415b82d0fa61f317
f2e8bb14af2df2d1f2e425328605f597a6c5ea3d2a3a02929f952fa66fdf3cba	ok	7276388f8bd36f20a94f53a6f6e8fb424f8d9364615139d83bd34d0a960c43da
f32b2557921e93cae6fa58d202b18444bf76bc8db473c1b459341ef104e76180	ok	8adb5625ded7d25cbdb4491031610ac6cb81133baf878f92340bd144e3601b41
f4062b148b092bef386b05a50f7c27f4079e6de5f47ec96180965181dc9ee9a5	ok	8ec058b8e398057083280981be4f50aa20b027af8a563345babd0dc08337778a
f41c1f7e54a011fc687826e42dfa1e052ed373d32805ffee8d41bd254d8dce6e	ok	d53d1c3f72e19977a6418d368cf8d2508b03c10b31f52703bc4c827d3b79ec80
f4cd6e3ba5f7ca150d9df90e99b66a4a2f0f53ba3e8b34686fbfde98cb1fcab4	ok	e4d1fbc2b877f23cdbde4f3df59f53160614d54472e5035d7155a2003e893119
f57191e2b219b8330f0411461157774eada7ae096c725a60532abbcf134a0b87	ok	135c8ee3e28af0da96b1104655fb28bc7f5a1d8242981e723dce3933c3ecff16
f59085601efc7d5b403f50d2f7626fea66ba3477acecc8cbe7f36a54ec1b9903	ok	d038dd0a657043d277bab5af035936726a8341d9ea00b5dcf655318fee31d952
f5c822b4cdb0b69ee736d4c5f967cfffea6f3732aa9cae9791211ff17667fd13	ok	47bdca9494a3bbcc3d3543e1ee9272249c988cd1b8ded62425de9ff5cb9b3e3c
f5d82371e57d50030ff3a7065b12915ca90a5176a6b5827a409645a9bdf3ac37	ok	c5ac4e4de5fd7de3e740a502f3c712690e521f82516b89dad31f85573beea3cf
f63423bf71b9ab43c8844730b523e2d075d04c2025e8c545bc428df1baa06e09	ok	003323349424cb053ef1805a3d31c5a37a6ee9aeb58b633a74e0c262da1b8802
f6430de6200975ce2b7c861f754c4dda2b72ae5b1d90b3528320537a17350c2b	ok	8ab8c2b1ece2c2ad36a69e4452a71abfecd60d8ff5a7151437ba77f37cbf6e34
f65db6cfde31ad281ab53e43265805f8005017c4b0e5b39b77907c74523dd09d	ok	76072fddaf0b9308a29d5eb9daf8ae7ff47dbf3efe85ee6cf3c81af0f90e7da8
f764513b4cf6d63e73d9a02feacf34f18ef34ce2bc13accb46191e6e1a79037b	ok	1e6a2330262c6c3d258ed7803783e96b0243bec1229003c01b1796d55254d2d8
f77a85ca7ffd46250cbd629667704a999db81e151e15b01b722b0fe716dec51d	ok	fce96b13f7099c41815d0ea541b0b5453b4a3c163324e6b8b312a3e5f2426ccc
f780fdb98b476399729feea8e9b0a742bd3706b736fa52d1fed901faaa7183ac	ok	ba9868c252cc1a09292814cae8f525eb3c49dd454e851ad9b1b45c039ac733a2
f7d38653fa444f6e03a4ca4ee1e6816d9ec4feecdaac74fb50c5517c3a1ed2c0	ok	c6868e0530c2410f1832650e7dfa285f8239ab4807ff6c6791cf90d3d501f83b
f8469e08d5ad235943b9413059004c7b1ca032b8f71ada57b4c08d6829a082ae	ok	a4026b9074d6d8eec3f665e4d06441f229e5af89258710efd22ca484664be6f3
f8e4edab653cb16a98de42c9bc9c8261a3d1629b3340dc8f85df5c9e65e15e71	parse_error	-
f93ffaea8f602f02cb2a295719cffd2002e555eecf4b34f6f45a047afced21cc	ok	f6d1e7e325f7bfea0cbcad9d36362daf153315d345949cd1a0ea6b6159be2cfe
fa935bc510e101cba89618695b8d902fc357a15fdd414dfa008dc606a3a72b9a	ok	67e1f4b952008c85ae953c29d690f8e6c08f9c6e2964d3ac67f4198a6a6c343a
fab24fabb262ec129db052777a9cfb56bfe6bc0f909d212f85a2ac2c3499b5aa	ok	a9c2609a561c7130b63c44dcb06b5999b93ce31af8dcdcb6cf4743d83516b683
fada108b160eac5f5be0e1f587f4e79623cff081a3f22aab11d18e718bb05fd3	ok	158653e480dc4039d78b31083ae4a788e1eb851291e2841bb68a142fc59ee8b7
fb2e791296f61af3ddda5a61370d32ae893df98f0bf958228a398c9aeab718e2	ok	26654bcf13818f37f0b39a0896a05ecce64e1790769bc39b65e90eb1bb40d0a9
fb534d6fe8356e8d37121818e6a8f108af49843a918e5b69da59e325294ec1a7	ok	16bb2acca45913074da50fdc9f7cedfceda453f67a3db1cb51dd851aa9ed2467
fb6e2593866d334bc3014c44a45173fda59db48e312e8c8ec20b0b88cae8465b	ok	b370ae99e4ae1470749b213158fbfcf08dd8a6a29cf68aca799aca3a7df85917
fb9e23c5c996337052e1cc942a6f3820e85c4fe0fb418960be55e4cf037c1316	ok	bdbff8c2278b410da0a9c51abe9ec18fe9144b5ff9b4bb810e495f55360e9f7c
fbb50bb4324c5a4fcc0e22cfb89f66737a97ec0c3354b4b7163ed055931aee6f	ok	6e051d453293bec5297afd4fb4ae873b3f7f0fb1340d8ba4db048783154a4548
fc9f47cc6cb30ed673fb7827436bdf8b4632f99cab5d28021d7eb3a633fae489	ok	e3d46936cc96c48bdfea1688bc1132b586b97b8e0b2ecdeeedbf620926dd5b7e
fcb5cd54bb53816359d49365c145dae3706cb39cd8cfc63ca5c9741a8cc1131a	parse_error	-
fce06ce08f7a8fab451da09bd3b6ced6bb516c8c1646047ad5180271a23a51d4	ok	1f1f74e2af0866904222cc17b4b5280b254d8d955fabadf62fc8c6ed8fdcb603
fcecc4c0d53acfde1d7d05eed371faca3d8d9fafc4b0b6ff94d122b3d0ea8c23	ok	fe5ad0c2fe0f0c613f928002d163d87031135eaa4bd9ce2b99473f32fa961dc0
fcf96dbc0e4bb854513ec6a45ae17625d9dd0cd224512e37041dd5a9d9188ba3	ok	b87bc2b4b70c29c154f05ac2a84c4cdd6a0744e6699c90532314adaa43843fc4
fd6f5daa6a4123a1bfe1653276b5057c1c5e0a732c8b16df6bee6106a7bdf1f9	ok	c6b28a3693d6d2c29474bcc1296922614995e176d86394e6bf6d0cd636049888
fe134c0d7518506c2ea0b5205857444fb06a28b443f36c01a0371170b365d84a	ok	444268fa4d5bbce9421a0669a752d23b03344172489a376761d69318f5f84d69
fe7ea87786048dc803aee73251068e73b11cb26070f318939b94e15b5507e08d	ok	83401998d8483a94a80cb5392e47870345bbd1b0fa194220d1db03690eaa057c
feb93f146a942fd5ea545ea04ea7f2ce23bd7e8f7deb20054359f39cc4840e2b	ok	def7f4c9cd828fc53ee2cad2166a0d7c1c4dd9ea404a42d8d39f7f44e17bfe9f
fee00a413b0205dd1ee086ce11382007b43ae52b0743ba734767006bc9db9fae	ok	b9f480e7677aaa1af45f967e742b5d870e937df0a6365c743a90693ede0247ae
ff04755eb40ce2e510c693d61ce4de2bc1aa4c092d4d8d02576050f56576a361	ok	acd649b516327a51dd89facda63e985da36d549cc92d25600e1d85eb04618659
ff10533ff65c1d5c5ee02c5dc373045d5d61749447a505a2337cb7e4f23f1207	ok	2f11eb7781c4888fa1641cafa13a69f7a7add9eb57f183ba9d9a26dae369557b
